2026-04-05 17:54:30.418 (I) SDRangel 7.22.9 Qt 5.15.13 64b x86_64 Linux Mint 22.2 DSP Rx:24b Tx:16b PID 451262
2026-04-05 17:54:30.418 (I) MainSettings::MainSettings: settings file: format: 0 location: /home/ramon/.config/f4exb/SDRangel.conf
2026-04-05 17:54:30.418 (D) MessagePipes::startGC
2026-04-05 17:54:30.418 (D) DataPipes::startGC
2026-04-05 17:54:30.419 (D) MainCore::initPosition: Using position source "geoclue2"
2026-04-05 17:54:30.419 (D) AudioDeviceManager::AudioDeviceManager: scan input devices
2026-04-05 17:54:30.763 (D) AudioDeviceManager::AudioDeviceManager: input device #0: lavrate
2026-04-05 17:54:30.763 (D) AudioDeviceManager::AudioDeviceManager: input device #1: samplerate
2026-04-05 17:54:30.763 (D) AudioDeviceManager::AudioDeviceManager: input device #2: speexrate
2026-04-05 17:54:30.763 (D) AudioDeviceManager::AudioDeviceManager: input device #3: jack
2026-04-05 17:54:30.763 (D) AudioDeviceManager::AudioDeviceManager: input device #4: oss
2026-04-05 17:54:30.763 (D) AudioDeviceManager::AudioDeviceManager: input device #5: pipewire
2026-04-05 17:54:30.763 (D) AudioDeviceManager::AudioDeviceManager: input device #6: pulse
2026-04-05 17:54:30.763 (D) AudioDeviceManager::AudioDeviceManager: input device #7: speex
2026-04-05 17:54:30.763 (D) AudioDeviceManager::AudioDeviceManager: input device #8: upmix
2026-04-05 17:54:30.763 (D) AudioDeviceManager::AudioDeviceManager: input device #9: vdownmix
2026-04-05 17:54:30.763 (D) AudioDeviceManager::AudioDeviceManager: input device #10: default
2026-04-05 17:54:30.763 (D) AudioDeviceManager::AudioDeviceManager: input device #11: hw:CARD=sofhdadsp,DEV=0
2026-04-05 17:54:30.763 (D) AudioDeviceManager::AudioDeviceManager: input device #12: hw:CARD=sofhdadsp,DEV=6
2026-04-05 17:54:30.763 (D) AudioDeviceManager::AudioDeviceManager: input device #13: hw:CARD=sofhdadsp,DEV=7
2026-04-05 17:54:30.763 (D) AudioDeviceManager::AudioDeviceManager: input device #14: plughw:CARD=sofhdadsp,DEV=0
2026-04-05 17:54:30.763 (D) AudioDeviceManager::AudioDeviceManager: input device #15: plughw:CARD=sofhdadsp,DEV=6
2026-04-05 17:54:30.763 (D) AudioDeviceManager::AudioDeviceManager: input device #16: plughw:CARD=sofhdadsp,DEV=7
2026-04-05 17:54:30.763 (D) AudioDeviceManager::AudioDeviceManager: input device #17: sysdefault:CARD=sofhdadsp
2026-04-05 17:54:30.763 (D) AudioDeviceManager::AudioDeviceManager: input device #18: dsnoop:CARD=sofhdadsp,DEV=0
2026-04-05 17:54:30.763 (D) AudioDeviceManager::AudioDeviceManager: input device #19: dsnoop:CARD=sofhdadsp,DEV=6
2026-04-05 17:54:30.763 (D) AudioDeviceManager::AudioDeviceManager: input device #20: dsnoop:CARD=sofhdadsp,DEV=7
2026-04-05 17:54:30.763 (D) AudioDeviceManager::AudioDeviceManager: input device #21: usbstream:CARD=sofhdadsp
2026-04-05 17:54:30.763 (D) AudioDeviceManager::AudioDeviceManager: input device #22: hw:CARD=Device,DEV=0
2026-04-05 17:54:30.763 (D) AudioDeviceManager::AudioDeviceManager: input device #23: plughw:CARD=Device,DEV=0
2026-04-05 17:54:30.763 (D) AudioDeviceManager::AudioDeviceManager: input device #24: sysdefault:CARD=Device
2026-04-05 17:54:30.763 (D) AudioDeviceManager::AudioDeviceManager: input device #25: front:CARD=Device,DEV=0
2026-04-05 17:54:30.763 (D) AudioDeviceManager::AudioDeviceManager: input device #26: dsnoop:CARD=Device,DEV=0
2026-04-05 17:54:30.763 (D) AudioDeviceManager::AudioDeviceManager: input device #27: usbstream:CARD=Device
2026-04-05 17:54:30.763 (D) AudioDeviceManager::AudioDeviceManager: input device #28: alsa_input.pci-0000_00_1f.3-platform-skl_hda_dsp_generic.HiFi__hw_sofhdadsp_6__source
2026-04-05 17:54:30.763 (D) AudioDeviceManager::AudioDeviceManager: input device #29: alsa_output.pci-0000_00_1f.3-platform-skl_hda_dsp_generic.HiFi__hw_sofhdadsp_5__sink.monitor
2026-04-05 17:54:30.763 (D) AudioDeviceManager::AudioDeviceManager: input device #30: alsa_output.pci-0000_00_1f.3-platform-skl_hda_dsp_generic.HiFi__hw_sofhdadsp_4__sink.monitor
2026-04-05 17:54:30.763 (D) AudioDeviceManager::AudioDeviceManager: input device #31: alsa_output.pci-0000_00_1f.3-platform-skl_hda_dsp_generic.HiFi__hw_sofhdadsp_3__sink.monitor
2026-04-05 17:54:30.763 (D) AudioDeviceManager::AudioDeviceManager: input device #32: alsa_output.pci-0000_00_1f.3-platform-skl_hda_dsp_generic.HiFi__hw_sofhdadsp__sink.monitor
2026-04-05 17:54:30.763 (D) AudioDeviceManager::AudioDeviceManager: input device #33: alsa_input.pci-0000_00_1f.3-platform-skl_hda_dsp_generic.HiFi__hw_sofhdadsp__source
2026-04-05 17:54:30.763 (D) AudioDeviceManager::AudioDeviceManager: input device #34: alsa_output.usb-C-Media_Electronics_Inc._USB_Audio_Device-00.iec958-stereo.monitor
2026-04-05 17:54:30.763 (D) AudioDeviceManager::AudioDeviceManager: input device #35: alsa_input.usb-C-Media_Electronics_Inc._USB_Audio_Device-00.mono-fallback
2026-04-05 17:54:30.763 (D) AudioDeviceManager::AudioDeviceManager: scan output devices
2026-04-05 17:54:31.267 (D) AudioDeviceManager::AudioDeviceManager: output device #0: lavrate
2026-04-05 17:54:31.267 (D) AudioDeviceManager::AudioDeviceManager: output device #1: samplerate
2026-04-05 17:54:31.267 (D) AudioDeviceManager::AudioDeviceManager: output device #2: speexrate
2026-04-05 17:54:31.267 (D) AudioDeviceManager::AudioDeviceManager: output device #3: jack
2026-04-05 17:54:31.267 (D) AudioDeviceManager::AudioDeviceManager: output device #4: oss
2026-04-05 17:54:31.267 (D) AudioDeviceManager::AudioDeviceManager: output device #5: pipewire
2026-04-05 17:54:31.267 (D) AudioDeviceManager::AudioDeviceManager: output device #6: pulse
2026-04-05 17:54:31.267 (D) AudioDeviceManager::AudioDeviceManager: output device #7: speex
2026-04-05 17:54:31.267 (D) AudioDeviceManager::AudioDeviceManager: output device #8: upmix
2026-04-05 17:54:31.267 (D) AudioDeviceManager::AudioDeviceManager: output device #9: vdownmix
2026-04-05 17:54:31.267 (D) AudioDeviceManager::AudioDeviceManager: output device #10: default
2026-04-05 17:54:31.267 (D) AudioDeviceManager::AudioDeviceManager: output device #11: hw:CARD=sofhdadsp,DEV=0
2026-04-05 17:54:31.267 (D) AudioDeviceManager::AudioDeviceManager: output device #12: hw:CARD=sofhdadsp,DEV=3
2026-04-05 17:54:31.267 (D) AudioDeviceManager::AudioDeviceManager: output device #13: hw:CARD=sofhdadsp,DEV=4
2026-04-05 17:54:31.267 (D) AudioDeviceManager::AudioDeviceManager: output device #14: hw:CARD=sofhdadsp,DEV=5
2026-04-05 17:54:31.267 (D) AudioDeviceManager::AudioDeviceManager: output device #15: hw:CARD=sofhdadsp,DEV=31
2026-04-05 17:54:31.267 (D) AudioDeviceManager::AudioDeviceManager: output device #16: plughw:CARD=sofhdadsp,DEV=0
2026-04-05 17:54:31.267 (D) AudioDeviceManager::AudioDeviceManager: output device #17: plughw:CARD=sofhdadsp,DEV=3
2026-04-05 17:54:31.267 (D) AudioDeviceManager::AudioDeviceManager: output device #18: plughw:CARD=sofhdadsp,DEV=4
2026-04-05 17:54:31.267 (D) AudioDeviceManager::AudioDeviceManager: output device #19: plughw:CARD=sofhdadsp,DEV=5
2026-04-05 17:54:31.267 (D) AudioDeviceManager::AudioDeviceManager: output device #20: plughw:CARD=sofhdadsp,DEV=31
2026-04-05 17:54:31.267 (D) AudioDeviceManager::AudioDeviceManager: output device #21: sysdefault:CARD=sofhdadsp
2026-04-05 17:54:31.267 (D) AudioDeviceManager::AudioDeviceManager: output device #22: dmix:CARD=sofhdadsp,DEV=0
2026-04-05 17:54:31.267 (D) AudioDeviceManager::AudioDeviceManager: output device #23: dmix:CARD=sofhdadsp,DEV=3
2026-04-05 17:54:31.267 (D) AudioDeviceManager::AudioDeviceManager: output device #24: dmix:CARD=sofhdadsp,DEV=4
2026-04-05 17:54:31.267 (D) AudioDeviceManager::AudioDeviceManager: output device #25: dmix:CARD=sofhdadsp,DEV=5
2026-04-05 17:54:31.267 (D) AudioDeviceManager::AudioDeviceManager: output device #26: dmix:CARD=sofhdadsp,DEV=31
2026-04-05 17:54:31.267 (D) AudioDeviceManager::AudioDeviceManager: output device #27: usbstream:CARD=sofhdadsp
2026-04-05 17:54:31.267 (D) AudioDeviceManager::AudioDeviceManager: output device #28: hw:CARD=Device,DEV=0
2026-04-05 17:54:31.267 (D) AudioDeviceManager::AudioDeviceManager: output device #29: plughw:CARD=Device,DEV=0
2026-04-05 17:54:31.267 (D) AudioDeviceManager::AudioDeviceManager: output device #30: sysdefault:CARD=Device
2026-04-05 17:54:31.267 (D) AudioDeviceManager::AudioDeviceManager: output device #31: front:CARD=Device,DEV=0
2026-04-05 17:54:31.267 (D) AudioDeviceManager::AudioDeviceManager: output device #32: surround21:CARD=Device,DEV=0
2026-04-05 17:54:31.267 (D) AudioDeviceManager::AudioDeviceManager: output device #33: surround40:CARD=Device,DEV=0
2026-04-05 17:54:31.267 (D) AudioDeviceManager::AudioDeviceManager: output device #34: surround41:CARD=Device,DEV=0
2026-04-05 17:54:31.267 (D) AudioDeviceManager::AudioDeviceManager: output device #35: surround50:CARD=Device,DEV=0
2026-04-05 17:54:31.267 (D) AudioDeviceManager::AudioDeviceManager: output device #36: surround51:CARD=Device,DEV=0
2026-04-05 17:54:31.267 (D) AudioDeviceManager::AudioDeviceManager: output device #37: surround71:CARD=Device,DEV=0
2026-04-05 17:54:31.267 (D) AudioDeviceManager::AudioDeviceManager: output device #38: iec958:CARD=Device,DEV=0
2026-04-05 17:54:31.267 (D) AudioDeviceManager::AudioDeviceManager: output device #39: dmix:CARD=Device,DEV=0
2026-04-05 17:54:31.267 (D) AudioDeviceManager::AudioDeviceManager: output device #40: usbstream:CARD=Device
2026-04-05 17:54:31.267 (D) AudioDeviceManager::AudioDeviceManager: output device #41: alsa_output.pci-0000_00_1f.3-platform-skl_hda_dsp_generic.HiFi__hw_sofhdadsp__sink
2026-04-05 17:54:31.267 (D) AudioDeviceManager::AudioDeviceManager: output device #42: alsa_output.pci-0000_00_1f.3-platform-skl_hda_dsp_generic.HiFi__hw_sofhdadsp_5__sink
2026-04-05 17:54:31.267 (D) AudioDeviceManager::AudioDeviceManager: output device #43: alsa_output.pci-0000_00_1f.3-platform-skl_hda_dsp_generic.HiFi__hw_sofhdadsp_4__sink
2026-04-05 17:54:31.267 (D) AudioDeviceManager::AudioDeviceManager: output device #44: alsa_output.pci-0000_00_1f.3-platform-skl_hda_dsp_generic.HiFi__hw_sofhdadsp_3__sink
2026-04-05 17:54:31.267 (D) AudioDeviceManager::AudioDeviceManager: output device #45: alsa_output.usb-C-Media_Electronics_Inc._USB_Audio_Device-00.iec958-stereo
2026-04-05 17:54:31.267 (D) MainWindow::MainWindow: start
2026-04-05 17:54:31.331 (D) MainWindow::MainWindow: load settings...
2026-04-05 17:54:31.331 (D) MainWindow::loadSettings
2026-04-05 17:54:31.331 (D) AudioDeviceManager::deserialize
2026-04-05 17:54:31.331 (D) AudioDeviceManager::debugAudioOutputInfos:  name:  "System default device"  sampleRate:  48000  udpAddress:  "127.0.0.1"  udpPort:  9998  copyToUDP:  false  udpUseRTP:  false  udpChannelMode:  0  udpChannelCodec:  0  decimationFactor:  1
2026-04-05 17:54:31.331 (D) AudioDeviceManager::debugAudioOutputInfos:  name:  "alsa_output.pci-0000_00_1f.3-platform-skl_hda_dsp_generic.HiFi__hw_sofhdadsp__sink"  sampleRate:  48000  udpAddress:  "127.0.0.1"  udpPort:  9998  copyToUDP:  false  udpUseRTP:  false  udpChannelMode:  0  udpChannelCodec:  0  decimationFactor:  1
2026-04-05 17:54:31.331 (D) AudioDeviceManager::debugAudioOutputInfos:  name:  "hw:CARD=Device,DEV=0"  sampleRate:  44100  udpAddress:  "127.0.0.1"  udpPort:  9998  copyToUDP:  false  udpUseRTP:  false  udpChannelMode:  0  udpChannelCodec:  0  decimationFactor:  1
2026-04-05 17:54:31.332 (D) FFTEngine::create: using FFTW engine
2026-04-05 17:54:31.332 (D) FFTWEngine::configure: no FFTW wisdom file
2026-04-05 17:54:31.430 (D) FFT: creating FFTW plan (n=128,forward) took 97 ms
2026-04-05 17:54:31.430 (D) FFTEngine::create: using FFTW engine
2026-04-05 17:54:31.430 (D) FFTWEngine::configure: no FFTW wisdom file
2026-04-05 17:54:31.651 (D) FFT: creating FFTW plan (n=256,forward) took 220 ms
2026-04-05 17:54:31.651 (D) FFTEngine::create: using FFTW engine
2026-04-05 17:54:31.651 (D) FFTWEngine::configure: no FFTW wisdom file
2026-04-05 17:54:32.041 (D) FFT: creating FFTW plan (n=512,forward) took 389 ms
2026-04-05 17:54:32.041 (D) FFTEngine::create: using FFTW engine
2026-04-05 17:54:32.041 (D) FFTWEngine::configure: no FFTW wisdom file
2026-04-05 17:54:32.645 (D) FFT: creating FFTW plan (n=1024,forward) took 604 ms
2026-04-05 17:54:32.646 (D) MainWindow::MainWindow: load plugins...
2026-04-05 17:54:32.646 (D) PluginManager::loadPluginsDir: fileName: libantennatools.so
2026-04-05 17:54:32.647 (I) PluginManager::loadPluginsDir: loaded plugin libantennatools.so
2026-04-05 17:54:32.647 (D) PluginManager::loadPluginsDir: fileName: libaprs.so
2026-04-05 17:54:32.648 (I) PluginManager::loadPluginsDir: loaded plugin libaprs.so
2026-04-05 17:54:32.648 (D) PluginManager::loadPluginsDir: fileName: libbeamsteeringcwmod.so
2026-04-05 17:54:32.649 (I) PluginManager::loadPluginsDir: loaded plugin libbeamsteeringcwmod.so
2026-04-05 17:54:32.649 (D) PluginManager::loadPluginsDir: fileName: libchanalyzer.so
2026-04-05 17:54:32.649 (I) PluginManager::loadPluginsDir: loaded plugin libchanalyzer.so
2026-04-05 17:54:32.649 (D) PluginManager::loadPluginsDir: fileName: libchannelpower.so
2026-04-05 17:54:32.649 (I) PluginManager::loadPluginsDir: loaded plugin libchannelpower.so
2026-04-05 17:54:32.649 (D) PluginManager::loadPluginsDir: fileName: libdemodadsb.so
2026-04-05 17:54:32.654 (I) PluginManager::loadPluginsDir: loaded plugin libdemodadsb.so
2026-04-05 17:54:32.654 (D) PluginManager::loadPluginsDir: fileName: libdemodais.so
2026-04-05 17:54:32.654 (I) PluginManager::loadPluginsDir: loaded plugin libdemodais.so
2026-04-05 17:54:32.654 (D) PluginManager::loadPluginsDir: fileName: libdemodam.so
2026-04-05 17:54:32.654 (I) PluginManager::loadPluginsDir: loaded plugin libdemodam.so
2026-04-05 17:54:32.654 (D) PluginManager::loadPluginsDir: fileName: libdemodapt.so
2026-04-05 17:54:32.655 (I) PluginManager::loadPluginsDir: loaded plugin libdemodapt.so
2026-04-05 17:54:32.655 (D) PluginManager::loadPluginsDir: fileName: libdemodatv.so
2026-04-05 17:54:32.655 (I) PluginManager::loadPluginsDir: loaded plugin libdemodatv.so
2026-04-05 17:54:32.655 (D) PluginManager::loadPluginsDir: fileName: libdemodbfm.so
2026-04-05 17:54:32.655 (I) PluginManager::loadPluginsDir: loaded plugin libdemodbfm.so
2026-04-05 17:54:32.655 (D) PluginManager::loadPluginsDir: fileName: libdemodchirpchat.so
2026-04-05 17:54:32.656 (I) PluginManager::loadPluginsDir: loaded plugin libdemodchirpchat.so
2026-04-05 17:54:32.656 (D) PluginManager::loadPluginsDir: fileName: libdemoddab.so
2026-04-05 17:54:32.656 (I) PluginManager::loadPluginsDir: loaded plugin libdemoddab.so
2026-04-05 17:54:32.656 (D) PluginManager::loadPluginsDir: fileName: libdemoddatv.so
2026-04-05 17:54:32.668 (I) PluginManager::loadPluginsDir: loaded plugin libdemoddatv.so
2026-04-05 17:54:32.668 (D) PluginManager::loadPluginsDir: fileName: libdemoddsc.so
2026-04-05 17:54:32.669 (I) PluginManager::loadPluginsDir: loaded plugin libdemoddsc.so
2026-04-05 17:54:32.669 (D) PluginManager::loadPluginsDir: fileName: libdemoddsd.so
2026-04-05 17:54:32.669 (W) PluginManager::loadPluginsDir: Cannot load library /usr/lib/sdrangel/plugins/libdemoddsd.so: (libmbe.so.1: no se puede abrir el archivo del objeto compartido: No existe el archivo o el directorio)
2026-04-05 17:54:32.669 (D) PluginManager::loadPluginsDir: fileName: libdemodendoftrain.so
2026-04-05 17:54:32.670 (I) PluginManager::loadPluginsDir: loaded plugin libdemodendoftrain.so
2026-04-05 17:54:32.670 (D) PluginManager::loadPluginsDir: fileName: libdemodfreedv.so
2026-04-05 17:54:32.670 (I) PluginManager::loadPluginsDir: loaded plugin libdemodfreedv.so
2026-04-05 17:54:32.670 (D) PluginManager::loadPluginsDir: fileName: libdemodft8.so
2026-04-05 17:54:32.670 (I) PluginManager::loadPluginsDir: loaded plugin libdemodft8.so
2026-04-05 17:54:32.670 (D) PluginManager::loadPluginsDir: fileName: libdemodils.so
2026-04-05 17:54:32.670 (I) PluginManager::loadPluginsDir: loaded plugin libdemodils.so
2026-04-05 17:54:32.670 (D) PluginManager::loadPluginsDir: fileName: libdemodm17.so
2026-04-05 17:54:32.671 (I) PluginManager::loadPluginsDir: loaded plugin libdemodm17.so
2026-04-05 17:54:32.671 (D) PluginManager::loadPluginsDir: fileName: libdemodnavtex.so
2026-04-05 17:54:32.671 (I) PluginManager::loadPluginsDir: loaded plugin libdemodnavtex.so
2026-04-05 17:54:32.671 (D) PluginManager::loadPluginsDir: fileName: libdemodnfm.so
2026-04-05 17:54:32.671 (I) PluginManager::loadPluginsDir: loaded plugin libdemodnfm.so
2026-04-05 17:54:32.671 (D) PluginManager::loadPluginsDir: fileName: libdemodpacket.so
2026-04-05 17:54:32.672 (I) PluginManager::loadPluginsDir: loaded plugin libdemodpacket.so
2026-04-05 17:54:32.672 (D) PluginManager::loadPluginsDir: fileName: libdemodpager.so
2026-04-05 17:54:32.672 (I) PluginManager::loadPluginsDir: loaded plugin libdemodpager.so
2026-04-05 17:54:32.672 (D) PluginManager::loadPluginsDir: fileName: libdemodradiosonde.so
2026-04-05 17:54:32.672 (I) PluginManager::loadPluginsDir: loaded plugin libdemodradiosonde.so
2026-04-05 17:54:32.672 (D) PluginManager::loadPluginsDir: fileName: libdemodrtty.so
2026-04-05 17:54:32.673 (I) PluginManager::loadPluginsDir: loaded plugin libdemodrtty.so
2026-04-05 17:54:32.673 (D) PluginManager::loadPluginsDir: fileName: libdemodssb.so
2026-04-05 17:54:32.673 (I) PluginManager::loadPluginsDir: loaded plugin libdemodssb.so
2026-04-05 17:54:32.673 (D) PluginManager::loadPluginsDir: fileName: libdemodvor.so
2026-04-05 17:54:32.673 (I) PluginManager::loadPluginsDir: loaded plugin libdemodvor.so
2026-04-05 17:54:32.673 (D) PluginManager::loadPluginsDir: fileName: libdemodwfm.so
2026-04-05 17:54:32.673 (I) PluginManager::loadPluginsDir: loaded plugin libdemodwfm.so
2026-04-05 17:54:32.673 (D) PluginManager::loadPluginsDir: fileName: libdoa2.so
2026-04-05 17:54:32.674 (I) PluginManager::loadPluginsDir: loaded plugin libdoa2.so
2026-04-05 17:54:32.674 (D) PluginManager::loadPluginsDir: fileName: libfeatureafc.so
2026-04-05 17:54:32.674 (I) PluginManager::loadPluginsDir: loaded plugin libfeatureafc.so
2026-04-05 17:54:32.674 (D) PluginManager::loadPluginsDir: fileName: libfeatureais.so
2026-04-05 17:54:32.674 (I) PluginManager::loadPluginsDir: loaded plugin libfeatureais.so
2026-04-05 17:54:32.674 (D) PluginManager::loadPluginsDir: fileName: libfeatureambe.so
2026-04-05 17:54:32.675 (I) PluginManager::loadPluginsDir: loaded plugin libfeatureambe.so
2026-04-05 17:54:32.675 (D) PluginManager::loadPluginsDir: fileName: libfeaturedemodanalyzer.so
2026-04-05 17:54:32.675 (I) PluginManager::loadPluginsDir: loaded plugin libfeaturedemodanalyzer.so
2026-04-05 17:54:32.675 (D) PluginManager::loadPluginsDir: fileName: libfeaturegs232controller.so
2026-04-05 17:54:32.675 (I) PluginManager::loadPluginsDir: loaded plugin libfeaturegs232controller.so
2026-04-05 17:54:32.675 (D) PluginManager::loadPluginsDir: fileName: libfeaturelimerfe.so
2026-04-05 17:54:32.676 (I) PluginManager::loadPluginsDir: loaded plugin libfeaturelimerfe.so
2026-04-05 17:54:32.676 (D) PluginManager::loadPluginsDir: fileName: libfeaturemorsedecoder.so
2026-04-05 17:54:32.676 (I) PluginManager::loadPluginsDir: loaded plugin libfeaturemorsedecoder.so
2026-04-05 17:54:32.676 (D) PluginManager::loadPluginsDir: fileName: libfeaturepertester.so
2026-04-05 17:54:32.676 (I) PluginManager::loadPluginsDir: loaded plugin libfeaturepertester.so
2026-04-05 17:54:32.676 (D) PluginManager::loadPluginsDir: fileName: libfeatureradiosonde.so
2026-04-05 17:54:32.677 (I) PluginManager::loadPluginsDir: loaded plugin libfeatureradiosonde.so
2026-04-05 17:54:32.677 (D) PluginManager::loadPluginsDir: fileName: libfeatureremotecontrol.so
2026-04-05 17:54:32.677 (I) PluginManager::loadPluginsDir: loaded plugin libfeatureremotecontrol.so
2026-04-05 17:54:32.677 (D) PluginManager::loadPluginsDir: fileName: libfeaturerigctlserver.so
2026-04-05 17:54:32.677 (I) PluginManager::loadPluginsDir: loaded plugin libfeaturerigctlserver.so
2026-04-05 17:54:32.677 (D) PluginManager::loadPluginsDir: fileName: libfeaturesatellitetracker.so
2026-04-05 17:54:32.678 (I) PluginManager::loadPluginsDir: loaded plugin libfeaturesatellitetracker.so
2026-04-05 17:54:32.678 (D) PluginManager::loadPluginsDir: fileName: libfeaturesid.so
2026-04-05 17:54:32.678 (I) PluginManager::loadPluginsDir: loaded plugin libfeaturesid.so
2026-04-05 17:54:32.678 (D) PluginManager::loadPluginsDir: fileName: libfeaturesimpleptt.so
2026-04-05 17:54:32.678 (I) PluginManager::loadPluginsDir: loaded plugin libfeaturesimpleptt.so
2026-04-05 17:54:32.678 (D) PluginManager::loadPluginsDir: fileName: libfeatureskymap.so
2026-04-05 17:54:32.685 (I) PluginManager::loadPluginsDir: loaded plugin libfeatureskymap.so
2026-04-05 17:54:32.685 (D) PluginManager::loadPluginsDir: fileName: libfeaturestartracker.so
2026-04-05 17:54:32.685 (I) PluginManager::loadPluginsDir: loaded plugin libfeaturestartracker.so
2026-04-05 17:54:32.685 (D) PluginManager::loadPluginsDir: fileName: libfilesink.so
2026-04-05 17:54:32.685 (I) PluginManager::loadPluginsDir: loaded plugin libfilesink.so
2026-04-05 17:54:32.685 (D) PluginManager::loadPluginsDir: fileName: libfilesource.so
2026-04-05 17:54:32.686 (I) PluginManager::loadPluginsDir: loaded plugin libfilesource.so
2026-04-05 17:54:32.686 (D) PluginManager::loadPluginsDir: fileName: libfreqscanner.so
2026-04-05 17:54:32.686 (I) PluginManager::loadPluginsDir: loaded plugin libfreqscanner.so
2026-04-05 17:54:32.686 (D) PluginManager::loadPluginsDir: fileName: libfreqtracker.so
2026-04-05 17:54:32.686 (I) PluginManager::loadPluginsDir: loaded plugin libfreqtracker.so
2026-04-05 17:54:32.686 (D) PluginManager::loadPluginsDir: fileName: libheatmap.so
2026-04-05 17:54:32.686 (I) PluginManager::loadPluginsDir: loaded plugin libheatmap.so
2026-04-05 17:54:32.686 (D) PluginManager::loadPluginsDir: fileName: libinputaaroniartsa.so
2026-04-05 17:54:32.687 (I) PluginManager::loadPluginsDir: loaded plugin libinputaaroniartsa.so
2026-04-05 17:54:32.687 (D) PluginManager::loadPluginsDir: fileName: libinputairspy.so
2026-04-05 17:54:32.687 (I) PluginManager::loadPluginsDir: loaded plugin libinputairspy.so
2026-04-05 17:54:32.687 (D) PluginManager::loadPluginsDir: fileName: libinputairspyhf.so
2026-04-05 17:54:32.687 (I) PluginManager::loadPluginsDir: loaded plugin libinputairspyhf.so
2026-04-05 17:54:32.687 (D) PluginManager::loadPluginsDir: fileName: libinputaudio.so
2026-04-05 17:54:32.688 (I) PluginManager::loadPluginsDir: loaded plugin libinputaudio.so
2026-04-05 17:54:32.688 (D) PluginManager::loadPluginsDir: fileName: libinputbladerf1.so
2026-04-05 17:54:32.688 (I) PluginManager::loadPluginsDir: loaded plugin libinputbladerf1.so
2026-04-05 17:54:32.688 (D) PluginManager::loadPluginsDir: fileName: libinputbladerf2.so
2026-04-05 17:54:32.688 (I) PluginManager::loadPluginsDir: loaded plugin libinputbladerf2.so
2026-04-05 17:54:32.688 (D) PluginManager::loadPluginsDir: fileName: libinputfcdpro.so
2026-04-05 17:54:32.689 (I) PluginManager::loadPluginsDir: loaded plugin libinputfcdpro.so
2026-04-05 17:54:32.689 (D) PluginManager::loadPluginsDir: fileName: libinputfcdproplus.so
2026-04-05 17:54:32.689 (I) PluginManager::loadPluginsDir: loaded plugin libinputfcdproplus.so
2026-04-05 17:54:32.689 (D) PluginManager::loadPluginsDir: fileName: libinputfileinput.so
2026-04-05 17:54:32.689 (I) PluginManager::loadPluginsDir: loaded plugin libinputfileinput.so
2026-04-05 17:54:32.689 (D) PluginManager::loadPluginsDir: fileName: libinputhackrf.so
2026-04-05 17:54:32.690 (I) PluginManager::loadPluginsDir: loaded plugin libinputhackrf.so
2026-04-05 17:54:32.690 (D) PluginManager::loadPluginsDir: fileName: libinputkiwisdr.so
2026-04-05 17:54:32.690 (I) PluginManager::loadPluginsDir: loaded plugin libinputkiwisdr.so
2026-04-05 17:54:32.690 (D) PluginManager::loadPluginsDir: fileName: libinputlimesdr.so
2026-04-05 17:54:32.690 (I) PluginManager::loadPluginsDir: loaded plugin libinputlimesdr.so
2026-04-05 17:54:32.690 (D) PluginManager::loadPluginsDir: fileName: libinputlocal.so
2026-04-05 17:54:32.691 (I) PluginManager::loadPluginsDir: loaded plugin libinputlocal.so
2026-04-05 17:54:32.691 (D) PluginManager::loadPluginsDir: fileName: libinputperseus.so
2026-04-05 17:54:32.691 (I) PluginManager::loadPluginsDir: loaded plugin libinputperseus.so
2026-04-05 17:54:32.691 (D) PluginManager::loadPluginsDir: fileName: libinputplutosdr.so
2026-04-05 17:54:32.692 (I) PluginManager::loadPluginsDir: loaded plugin libinputplutosdr.so
2026-04-05 17:54:32.692 (D) PluginManager::loadPluginsDir: fileName: libinputremote.so
2026-04-05 17:54:32.692 (I) PluginManager::loadPluginsDir: loaded plugin libinputremote.so
2026-04-05 17:54:32.692 (D) PluginManager::loadPluginsDir: fileName: libinputrtlsdr.so
2026-04-05 17:54:32.692 (I) PluginManager::loadPluginsDir: loaded plugin libinputrtlsdr.so
2026-04-05 17:54:32.692 (D) PluginManager::loadPluginsDir: fileName: libinputsdrplay.so
2026-04-05 17:54:32.693 (I) PluginManager::loadPluginsDir: loaded plugin libinputsdrplay.so
2026-04-05 17:54:32.693 (D) PluginManager::loadPluginsDir: fileName: libinputsdrplayv3.so
2026-04-05 17:54:32.693 (W) PluginManager::loadPluginsDir: Cannot load library /usr/lib/sdrangel/plugins/libinputsdrplayv3.so: (libsdrplay_api.so.3: no se puede abrir el archivo del objeto compartido: No existe el archivo o el directorio)
2026-04-05 17:54:32.693 (D) PluginManager::loadPluginsDir: fileName: libinputsigmffileinput.so
2026-04-05 17:54:32.693 (I) PluginManager::loadPluginsDir: loaded plugin libinputsigmffileinput.so
2026-04-05 17:54:32.693 (I) PluginManager::loadPluginsDir: Soapy SDR disabled skipping libinputsoapysdr.so
2026-04-05 17:54:32.693 (D) PluginManager::loadPluginsDir: fileName: libinputtcpremote.so
2026-04-05 17:54:32.694 (I) PluginManager::loadPluginsDir: loaded plugin libinputtcpremote.so
2026-04-05 17:54:32.694 (D) PluginManager::loadPluginsDir: fileName: libinputtestsource.so
2026-04-05 17:54:32.694 (I) PluginManager::loadPluginsDir: loaded plugin libinputtestsource.so
2026-04-05 17:54:32.694 (D) PluginManager::loadPluginsDir: fileName: libinputusrp.so
2026-04-05 17:54:32.697 (I) PluginManager::loadPluginsDir: loaded plugin libinputusrp.so
2026-04-05 17:54:32.697 (D) PluginManager::loadPluginsDir: fileName: libinterferometer.so
2026-04-05 17:54:32.698 (I) PluginManager::loadPluginsDir: loaded plugin libinterferometer.so
2026-04-05 17:54:32.698 (D) PluginManager::loadPluginsDir: fileName: libjogdialcontroller.so
2026-04-05 17:54:32.698 (I) PluginManager::loadPluginsDir: loaded plugin libjogdialcontroller.so
2026-04-05 17:54:32.698 (D) PluginManager::loadPluginsDir: fileName: liblocalsink.so
2026-04-05 17:54:32.698 (I) PluginManager::loadPluginsDir: loaded plugin liblocalsink.so
2026-04-05 17:54:32.698 (D) PluginManager::loadPluginsDir: fileName: liblocalsource.so
2026-04-05 17:54:32.699 (I) PluginManager::loadPluginsDir: loaded plugin liblocalsource.so
2026-04-05 17:54:32.699 (D) PluginManager::loadPluginsDir: fileName: libmap.so
2026-04-05 17:54:32.700 (I) PluginManager::loadPluginsDir: loaded plugin libmap.so
2026-04-05 17:54:32.700 (D) PluginManager::loadPluginsDir: fileName: libmimoaudiocatsiso.so
2026-04-05 17:54:32.702 (I) PluginManager::loadPluginsDir: loaded plugin libmimoaudiocatsiso.so
2026-04-05 17:54:32.702 (D) PluginManager::loadPluginsDir: fileName: libmimobladerf2.so
2026-04-05 17:54:32.703 (I) PluginManager::loadPluginsDir: loaded plugin libmimobladerf2.so
2026-04-05 17:54:32.703 (D) PluginManager::loadPluginsDir: fileName: libmimolimesdr.so
2026-04-05 17:54:32.703 (I) PluginManager::loadPluginsDir: loaded plugin libmimolimesdr.so
2026-04-05 17:54:32.703 (D) PluginManager::loadPluginsDir: fileName: libmimometismiso.so
2026-04-05 17:54:32.703 (I) PluginManager::loadPluginsDir: loaded plugin libmimometismiso.so
2026-04-05 17:54:32.703 (D) PluginManager::loadPluginsDir: fileName: libmimoplutosdr.so
2026-04-05 17:54:32.704 (I) PluginManager::loadPluginsDir: loaded plugin libmimoplutosdr.so
2026-04-05 17:54:32.704 (D) PluginManager::loadPluginsDir: fileName: libmimotestmi.so
2026-04-05 17:54:32.704 (I) PluginManager::loadPluginsDir: loaded plugin libmimotestmi.so
2026-04-05 17:54:32.704 (D) PluginManager::loadPluginsDir: fileName: libmodais.so
2026-04-05 17:54:32.704 (I) PluginManager::loadPluginsDir: loaded plugin libmodais.so
2026-04-05 17:54:32.704 (D) PluginManager::loadPluginsDir: fileName: libmodam.so
2026-04-05 17:54:32.705 (I) PluginManager::loadPluginsDir: loaded plugin libmodam.so
2026-04-05 17:54:32.705 (D) PluginManager::loadPluginsDir: fileName: libmodatv.so
2026-04-05 17:54:32.745 (I) PluginManager::loadPluginsDir: loaded plugin libmodatv.so
2026-04-05 17:54:32.745 (D) PluginManager::loadPluginsDir: fileName: libmodchirpchat.so
2026-04-05 17:54:32.745 (I) PluginManager::loadPluginsDir: loaded plugin libmodchirpchat.so
2026-04-05 17:54:32.745 (D) PluginManager::loadPluginsDir: fileName: libmoddatv.so
2026-04-05 17:54:32.746 (I) PluginManager::loadPluginsDir: loaded plugin libmoddatv.so
2026-04-05 17:54:32.746 (D) PluginManager::loadPluginsDir: fileName: libmodfreedv.so
2026-04-05 17:54:32.747 (I) PluginManager::loadPluginsDir: loaded plugin libmodfreedv.so
2026-04-05 17:54:32.747 (D) PluginManager::loadPluginsDir: fileName: libmodieee_802_15_4.so
2026-04-05 17:54:32.747 (I) PluginManager::loadPluginsDir: loaded plugin libmodieee_802_15_4.so
2026-04-05 17:54:32.747 (D) PluginManager::loadPluginsDir: fileName: libmodm17.so
2026-04-05 17:54:32.747 (I) PluginManager::loadPluginsDir: loaded plugin libmodm17.so
2026-04-05 17:54:32.747 (D) PluginManager::loadPluginsDir: fileName: libmodnfm.so
2026-04-05 17:54:32.748 (I) PluginManager::loadPluginsDir: loaded plugin libmodnfm.so
2026-04-05 17:54:32.748 (D) PluginManager::loadPluginsDir: fileName: libmodpacket.so
2026-04-05 17:54:32.748 (I) PluginManager::loadPluginsDir: loaded plugin libmodpacket.so
2026-04-05 17:54:32.748 (D) PluginManager::loadPluginsDir: fileName: libmodpsk31.so
2026-04-05 17:54:32.748 (I) PluginManager::loadPluginsDir: loaded plugin libmodpsk31.so
2026-04-05 17:54:32.748 (D) PluginManager::loadPluginsDir: fileName: libmodrtty.so
2026-04-05 17:54:32.749 (I) PluginManager::loadPluginsDir: loaded plugin libmodrtty.so
2026-04-05 17:54:32.749 (D) PluginManager::loadPluginsDir: fileName: libmodssb.so
2026-04-05 17:54:32.749 (I) PluginManager::loadPluginsDir: loaded plugin libmodssb.so
2026-04-05 17:54:32.749 (D) PluginManager::loadPluginsDir: fileName: libmodwfm.so
2026-04-05 17:54:32.749 (I) PluginManager::loadPluginsDir: loaded plugin libmodwfm.so
2026-04-05 17:54:32.749 (D) PluginManager::loadPluginsDir: fileName: libnoisefigure.so
2026-04-05 17:54:32.750 (I) PluginManager::loadPluginsDir: loaded plugin libnoisefigure.so
2026-04-05 17:54:32.750 (D) PluginManager::loadPluginsDir: fileName: liboutputaaroniartsa.so
2026-04-05 17:54:32.750 (I) PluginManager::loadPluginsDir: loaded plugin liboutputaaroniartsa.so
2026-04-05 17:54:32.750 (D) PluginManager::loadPluginsDir: fileName: liboutputaudio.so
2026-04-05 17:54:32.750 (I) PluginManager::loadPluginsDir: loaded plugin liboutputaudio.so
2026-04-05 17:54:32.750 (D) PluginManager::loadPluginsDir: fileName: liboutputbladerf1.so
2026-04-05 17:54:32.750 (I) PluginManager::loadPluginsDir: loaded plugin liboutputbladerf1.so
2026-04-05 17:54:32.750 (D) PluginManager::loadPluginsDir: fileName: liboutputbladerf2.so
2026-04-05 17:54:32.751 (I) PluginManager::loadPluginsDir: loaded plugin liboutputbladerf2.so
2026-04-05 17:54:32.751 (D) PluginManager::loadPluginsDir: fileName: liboutputfileoutput.so
2026-04-05 17:54:32.751 (I) PluginManager::loadPluginsDir: loaded plugin liboutputfileoutput.so
2026-04-05 17:54:32.751 (D) PluginManager::loadPluginsDir: fileName: liboutputhackrf.so
2026-04-05 17:54:32.751 (I) PluginManager::loadPluginsDir: loaded plugin liboutputhackrf.so
2026-04-05 17:54:32.751 (D) PluginManager::loadPluginsDir: fileName: liboutputlimesdr.so
2026-04-05 17:54:32.752 (I) PluginManager::loadPluginsDir: loaded plugin liboutputlimesdr.so
2026-04-05 17:54:32.752 (D) PluginManager::loadPluginsDir: fileName: liboutputlocal.so
2026-04-05 17:54:32.752 (I) PluginManager::loadPluginsDir: loaded plugin liboutputlocal.so
2026-04-05 17:54:32.752 (D) PluginManager::loadPluginsDir: fileName: liboutputplutosdr.so
2026-04-05 17:54:32.752 (I) PluginManager::loadPluginsDir: loaded plugin liboutputplutosdr.so
2026-04-05 17:54:32.752 (D) PluginManager::loadPluginsDir: fileName: liboutputremote.so
2026-04-05 17:54:32.753 (I) PluginManager::loadPluginsDir: loaded plugin liboutputremote.so
2026-04-05 17:54:32.753 (I) PluginManager::loadPluginsDir: Soapy SDR disabled skipping liboutputsoapysdr.so
2026-04-05 17:54:32.753 (D) PluginManager::loadPluginsDir: fileName: liboutputtestmosync.so
2026-04-05 17:54:32.753 (I) PluginManager::loadPluginsDir: loaded plugin liboutputtestmosync.so
2026-04-05 17:54:32.753 (D) PluginManager::loadPluginsDir: fileName: liboutputtestsink.so
2026-04-05 17:54:32.753 (I) PluginManager::loadPluginsDir: loaded plugin liboutputtestsink.so
2026-04-05 17:54:32.753 (D) PluginManager::loadPluginsDir: fileName: liboutputusrp.so
2026-04-05 17:54:32.754 (I) PluginManager::loadPluginsDir: loaded plugin liboutputusrp.so
2026-04-05 17:54:32.754 (D) PluginManager::loadPluginsDir: fileName: libradioastronomy.so
2026-04-05 17:54:32.754 (I) PluginManager::loadPluginsDir: loaded plugin libradioastronomy.so
2026-04-05 17:54:32.754 (D) PluginManager::loadPluginsDir: fileName: libradioclock.so
2026-04-05 17:54:32.754 (I) PluginManager::loadPluginsDir: loaded plugin libradioclock.so
2026-04-05 17:54:32.754 (D) PluginManager::loadPluginsDir: fileName: libremotesink.so
2026-04-05 17:54:32.755 (I) PluginManager::loadPluginsDir: loaded plugin libremotesink.so
2026-04-05 17:54:32.755 (D) PluginManager::loadPluginsDir: fileName: libremotesource.so
2026-04-05 17:54:32.755 (I) PluginManager::loadPluginsDir: loaded plugin libremotesource.so
2026-04-05 17:54:32.755 (D) PluginManager::loadPluginsDir: fileName: libremotetcpsink.so
2026-04-05 17:54:32.755 (I) PluginManager::loadPluginsDir: loaded plugin libremotetcpsink.so
2026-04-05 17:54:32.755 (D) PluginManager::loadPluginsDir: fileName: libsigmffilesink.so
2026-04-05 17:54:32.756 (I) PluginManager::loadPluginsDir: loaded plugin libsigmffilesink.so
2026-04-05 17:54:32.756 (D) PluginManager::loadPluginsDir: fileName: libudpsink.so
2026-04-05 17:54:32.756 (I) PluginManager::loadPluginsDir: loaded plugin libudpsink.so
2026-04-05 17:54:32.756 (D) PluginManager::loadPluginsDir: fileName: libudpsource.so
2026-04-05 17:54:32.756 (I) PluginManager::loadPluginsDir: loaded plugin libudpsource.so
2026-04-05 17:54:32.756 (D) PluginManager::loadPluginsDir: fileName: libvorlocalizer.so
2026-04-05 17:54:32.756 (I) PluginManager::loadPluginsDir: loaded plugin libvorlocalizer.so
2026-04-05 17:54:32.757 (D) PluginManager::loadPluginsDir: fileName: libwdsprx.so
2026-04-05 17:54:32.757 (I) PluginManager::loadPluginsDir: loaded plugin libwdsprx.so
2026-04-05 17:54:32.757 (D) PluginManager::registerTxChannel  802.15.4 Modulator  with channel name  "sdrangel.channeltx.mod802.15.4"
2026-04-05 17:54:32.757 (D) PluginManager::registerRxChannel  ADS-B Demodulator  with channel name  "sdrangel.channel.adsbdemod"
2026-04-05 17:54:32.757 (D) PluginManager::registerFeature  AFC  with channel name  "sdrangel.feature.afc"
2026-04-05 17:54:32.757 (D) PluginManager::registerFeature  AIS  with channel name  "sdrangel.feature.ais"
2026-04-05 17:54:32.757 (D) PluginManager::registerRxChannel  AIS Demodulator  with channel name  "sdrangel.channel.aisdemod"
2026-04-05 17:54:32.757 (D) PluginManager::registerTxChannel  AIS Modulator  with channel name  "sdrangel.channel.modais"
2026-04-05 17:54:32.757 (D) PluginManager::registerRxChannel  AM Demodulator  with channel name  "sdrangel.channel.amdemod"
2026-04-05 17:54:32.757 (D) PluginManager::registerTxChannel  AM Modulator  with channel name  "sdrangel.channeltx.modam"
2026-04-05 17:54:32.757 (D) PluginManager::registerFeature  AMBE Controller  with channel name  "sdrangel.feature.ambe"
2026-04-05 17:54:32.757 (D) PluginManager::registerFeature  APRS  with channel name  "sdrangel.feature.aprs"
2026-04-05 17:54:32.757 (D) PluginManager::registerRxChannel  APT Demodulator  with channel name  "sdrangel.channel.aptdemod"
2026-04-05 17:54:32.757 (D) PluginManager::registerRxChannel  ATV Demodulator  with channel name  "sdrangel.channel.demodatv"
2026-04-05 17:54:32.757 (D) PluginManager::registerTxChannel  ATV Modulator  with channel name  "sdrangel.channeltx.modatv"
2026-04-05 17:54:32.757 (D) PluginManager::registerSampleSource  AaroniaRTSA input  with source name  sdrangel.samplesource.aaroniartsasource  and hardware id  "AaroniaRTSA"
2026-04-05 17:54:32.757 (D) PluginManager::registerSampleSink  AaroniaRTSA output  with sink name  sdrangel.samplesink.aaroniartsaoutput  and hardware id  "AaroniaRTSAOutput"
2026-04-05 17:54:32.757 (D) PluginManager::registerSampleSource  Airspy Input  with source name  sdrangel.samplesource.airspy  and hardware id  "Airspy"
2026-04-05 17:54:32.757 (D) PluginManager::registerSampleSource  AirspyHF Input  with source name  sdrangel.samplesource.airspyhf  and hardware id  "AirspyHF"
2026-04-05 17:54:32.757 (D) PluginManager::registerFeature  Antenna Tools  with channel name  "sdrangel.feature.antennatools"
2026-04-05 17:54:32.757 (D) PluginManager::registerSampleMIMO  Audio CAT SISO  with MIMO name  sdrangel.samplemimo.audiocatsiso  and hardware id  "AudioCATSISO"
2026-04-05 17:54:32.757 (D) PluginManager::registerSampleSource  Audio Input  with source name  sdrangel.samplesource.audioinput  and hardware id  "AudioInput"
2026-04-05 17:54:32.757 (D) PluginManager::registerSampleSink  Audio output  with sink name  sdrangel.samplesink.audiooutput  and hardware id  "AudioOutput"
2026-04-05 17:54:32.757 (D) PluginManager::registerMIMOChannel  BeamSteeringCWMod  with channel name  "sdrangel.channel.beamsteeringcwmod"
2026-04-05 17:54:32.757 (D) PluginManager::registerSampleSource  BladeRF1 Input  with source name  sdrangel.samplesource.bladerf1input  and hardware id  "BladeRF1"
2026-04-05 17:54:32.757 (D) PluginManager::registerSampleSink  BladeRF1 Output  with sink name  sdrangel.samplesink.bladerf1output  and hardware id  "BladeRF1"
2026-04-05 17:54:32.757 (D) PluginManager::registerSampleSource  BladeRF2 Input  with source name  sdrangel.samplesource.bladerf2input  and hardware id  "BladeRF2"
2026-04-05 17:54:32.757 (D) PluginManager::registerSampleMIMO  BladeRF2 MIMO  with MIMO name  sdrangel.samplemimo.bladerf2mimo  and hardware id  "BladeRF2"
2026-04-05 17:54:32.757 (D) PluginManager::registerSampleSink  BladeRF2 Output  with sink name  sdrangel.samplesink.bladerf2output  and hardware id  "BladeRF2"
2026-04-05 17:54:32.757 (D) PluginManager::registerRxChannel  Broadcast FM Demodulator  with channel name  "sdrangel.channel.bfm"
2026-04-05 17:54:32.757 (D) PluginManager::registerRxChannel  Channel Analyzer  with channel name  "sdrangel.channel.chanalyzer"
2026-04-05 17:54:32.757 (D) PluginManager::registerRxChannel  Channel Power  with channel name  "sdrangel.channel.channelpower"
2026-04-05 17:54:32.757 (D) PluginManager::registerRxChannel  ChirpChat Demodulator  with channel name  "sdrangel.channel.chirpchatdemod"
2026-04-05 17:54:32.757 (D) PluginManager::registerTxChannel  ChirpChat Modulator  with channel name  "sdrangel.channeltx.modchirpchat"
2026-04-05 17:54:32.757 (D) PluginManager::registerRxChannel  DAB Demodulator  with channel name  "sdrangel.channel.dabdemod"
2026-04-05 17:54:32.757 (D) PluginManager::registerRxChannel  DATV Demodulator  with channel name  "sdrangel.channel.demoddatv"
2026-04-05 17:54:32.757 (D) PluginManager::registerTxChannel  DATV Modulator  with channel name  "sdrangel.channeltx.moddatv"
2026-04-05 17:54:32.757 (D) PluginManager::registerMIMOChannel  DOA 2 sources  with channel name  "sdrangel.channel.doa2"
2026-04-05 17:54:32.758 (D) PluginManager::registerRxChannel  DSC Demodulator  with channel name  "sdrangel.channel.dscdemod"
2026-04-05 17:54:32.758 (D) PluginManager::registerFeature  Demod Analyzer  with channel name  "sdrangel.feature.demodanalyzer"
2026-04-05 17:54:32.758 (D) PluginManager::registerRxChannel  End-of-Train Demodulator  with channel name  "sdrangel.channel.endoftraindemod"
2026-04-05 17:54:32.758 (D) PluginManager::registerRxChannel  FT8 Demodulator  with channel name  "sdrangel.channel.ft8demod"
2026-04-05 17:54:32.758 (D) PluginManager::registerRxChannel  File Sink  with channel name  "sdrangel.channel.filesink"
2026-04-05 17:54:32.758 (D) PluginManager::registerTxChannel  File channel source  with channel name  "sdrangel.channeltx.filesource"
2026-04-05 17:54:32.758 (D) PluginManager::registerSampleSource  File device input  with source name  sdrangel.samplesource.fileinput  and hardware id  "FileInput"
2026-04-05 17:54:32.758 (D) PluginManager::registerSampleSource  File device input (SigMF)  with source name  sdrangel.samplesource.sigmffileinput  and hardware id  "SigMFFileInput"
2026-04-05 17:54:32.758 (D) PluginManager::registerSampleSink  File output  with sink name  sdrangel.samplesink.fileoutput  and hardware id  "FileOutput"
2026-04-05 17:54:32.758 (D) PluginManager::registerRxChannel  FreeDV Demodulator  with channel name  "sdrangel.channel.freedvdemod"
2026-04-05 17:54:32.758 (D) PluginManager::registerTxChannel  FreeDV Modulator  with channel name  "sdrangel.channeltx.freedvmod"
2026-04-05 17:54:32.758 (D) PluginManager::registerRxChannel  Frequency Scanner  with channel name  "sdrangel.channel.freqscanner"
2026-04-05 17:54:32.758 (D) PluginManager::registerRxChannel  Frequency Tracker  with channel name  "sdrangel.channel.freqtracker"
2026-04-05 17:54:32.758 (D) PluginManager::registerSampleSource  FunCube Pro Input  with source name  sdrangel.samplesource.fcdpro  and hardware id  "FCDPro"
2026-04-05 17:54:32.758 (D) PluginManager::registerSampleSource  FunCube Pro+ Input  with source name  sdrangel.samplesource.fcdproplus  and hardware id  "FCDProPlus"
2026-04-05 17:54:32.758 (D) PluginManager::registerSampleSource  HackRF Input  with source name  sdrangel.samplesource.hackrf  and hardware id  "HackRF"
2026-04-05 17:54:32.758 (D) PluginManager::registerSampleSink  HackRF Output  with sink name  sdrangel.samplesink.hackrf  and hardware id  "HackRF"
2026-04-05 17:54:32.758 (D) PluginManager::registerRxChannel  Heat Map  with channel name  "sdrangel.channel.heatmap"
2026-04-05 17:54:32.758 (D) PluginManager::registerRxChannel  ILS Demodulator  with channel name  "sdrangel.channel.ilsdemod"
2026-04-05 17:54:32.758 (D) PluginManager::registerMIMOChannel  Interferometer  with channel name  "sdrangel.channel.interferometer"
2026-04-05 17:54:32.758 (D) PluginManager::registerFeature  Jogdial Controller  with channel name  "sdrangel.feature.jogdialcontroller"
2026-04-05 17:54:32.758 (D) PluginManager::registerSampleSource  KiwiSDR input  with source name  sdrangel.samplesource.kiwisdrsource  and hardware id  "KiwiSDR"
2026-04-05 17:54:32.758 (D) PluginManager::registerFeature  LimeRFE USB Controller  with channel name  "sdrangel.feature.limerfe"
2026-04-05 17:54:32.758 (D) PluginManager::registerSampleSource  LimeSDR Input  with source name  sdrangel.samplesource.limesdr  and hardware id  "LimeSDR"
2026-04-05 17:54:32.758 (D) PluginManager::registerSampleMIMO  LimeSDR MIMO  with MIMO name  sdrangel.samplemimo.limesdrmimo  and hardware id  "LimeSDR"
2026-04-05 17:54:32.758 (D) PluginManager::registerSampleSink  LimeSDR Output  with sink name  sdrangel.samplesink.limesdr  and hardware id  "LimeSDR"
2026-04-05 17:54:32.758 (D) PluginManager::registerRxChannel  Local channel sink  with channel name  "sdrangel.channel.localsink"
2026-04-05 17:54:32.758 (D) PluginManager::registerTxChannel  Local channel source  with channel name  "sdrangel.channel.localsource"
2026-04-05 17:54:32.758 (D) PluginManager::registerSampleSource  Local device input  with source name  sdrangel.samplesource.localinput  and hardware id  "LocalInput"
2026-04-05 17:54:32.758 (D) PluginManager::registerSampleSink  Local device output  with sink name  sdrangel.samplesink.localoutput  and hardware id  "LocalOutput"
2026-04-05 17:54:32.758 (D) PluginManager::registerRxChannel  M17 Demodulator  with channel name  "sdrangel.channel.m17demod"
2026-04-05 17:54:32.758 (D) PluginManager::registerTxChannel  M17 Modulator  with channel name  "sdrangel.channeltx.modm17"
2026-04-05 17:54:32.758 (D) PluginManager::registerFeature  Map  with channel name  "sdrangel.feature.map"
2026-04-05 17:54:32.758 (D) PluginManager::registerSampleMIMO  Metis MISO  with MIMO name  sdrangel.samplemimo.metismiso  and hardware id  "MetisMISO"
2026-04-05 17:54:32.758 (D) PluginManager::registerFeature  Morse Decoder  with channel name  "sdrangel.feature.morsedecoder"
2026-04-05 17:54:32.758 (D) PluginManager::registerRxChannel  NFM Demodulator  with channel name  "sdrangel.channel.nfmdemod"
2026-04-05 17:54:32.758 (D) PluginManager::registerTxChannel  NFM Modulator  with channel name  "sdrangel.channeltx.modnfm"
2026-04-05 17:54:32.758 (D) PluginManager::registerRxChannel  Navtex Demodulator  with channel name  "sdrangel.channel.navtexdemod"
2026-04-05 17:54:32.758 (D) PluginManager::registerRxChannel  Noise Figure  with channel name  "sdrangel.channel.noisefigure"
2026-04-05 17:54:32.758 (D) PluginManager::registerTxChannel  PSK31 Modulator  with channel name  "sdrangel.channeltx.modpsk31"
2026-04-05 17:54:32.758 (D) PluginManager::registerRxChannel  Packet Demodulator  with channel name  "sdrangel.channel.packetdemod"
2026-04-05 17:54:32.758 (D) PluginManager::registerFeature  Packet Error Rate Tester  with channel name  "sdrangel.feature.pertester"
2026-04-05 17:54:32.758 (D) PluginManager::registerTxChannel  Packet Modulator  with channel name  "sdrangel.channeltx.modpacket"
2026-04-05 17:54:32.758 (D) PluginManager::registerRxChannel  Pager Demodulator  with channel name  "sdrangel.channel.pagerdemod"
2026-04-05 17:54:32.758 (D) PluginManager::registerSampleSource  Perseus Input  with source name  sdrangel.samplesource.perseus  and hardware id  "Perseus"
2026-04-05 17:54:32.758 (D) PluginManager::registerSampleSource  PlutoSDR Input  with source name  sdrangel.samplesource.plutosdr  and hardware id  "PlutoSDR"
2026-04-05 17:54:32.758 (D) PluginManager::registerSampleMIMO  PlutoSDR MIMO  with MIMO name  sdrangel.samplemimo.plutosdrmimo  and hardware id  "PlutoSDR"
2026-04-05 17:54:32.758 (D) PluginManager::registerSampleSink  PlutoSDR Output  with sink name  sdrangel.samplesink.plutosdr  and hardware id  "PlutoSDR"
2026-04-05 17:54:32.758 (D) PluginManager::registerSampleSource  RTL-SDR Input  with source name  sdrangel.samplesource.rtlsdr  and hardware id  "RTLSDR"
2026-04-05 17:54:32.758 (D) PluginManager::registerRxChannel  RTTY Demodulator  with channel name  "sdrangel.channel.rttydemod"
2026-04-05 17:54:32.758 (D) PluginManager::registerTxChannel  RTTY Modulator  with channel name  "sdrangel.channeltx.modrtty"
2026-04-05 17:54:32.758 (D) PluginManager::registerRxChannel  Radio Astronomy  with channel name  "sdrangel.channel.radioastronomy"
2026-04-05 17:54:32.758 (D) PluginManager::registerRxChannel  Radio Clock  with channel name  "sdrangel.channel.radioclock"
2026-04-05 17:54:32.758 (D) PluginManager::registerFeature  Radiosonde  with channel name  "sdrangel.feature.radiosonde"
2026-04-05 17:54:32.758 (D) PluginManager::registerRxChannel  Radiosonde Demodulator  with channel name  "sdrangel.channel.radiosondedemod"
2026-04-05 17:54:32.758 (D) PluginManager::registerFeature  Remote Control  with channel name  "sdrangel.feature.remotecontrol"
2026-04-05 17:54:32.758 (D) PluginManager::registerRxChannel  Remote TCP channel sink  with channel name  "sdrangel.channel.remotetcpsink"
2026-04-05 17:54:32.758 (D) PluginManager::registerSampleSource  Remote TCP device input  with source name  sdrangel.samplesource.remotetcpinput  and hardware id  "RemoteTCPInput"
2026-04-05 17:54:32.758 (D) PluginManager::registerRxChannel  Remote channel sink  with channel name  "sdrangel.channel.remotesink"
2026-04-05 17:54:32.758 (D) PluginManager::registerTxChannel  Remote channel source  with channel name  "sdrangel.channeltx.remotesource"
2026-04-05 17:54:32.758 (D) PluginManager::registerSampleSource  Remote device input  with source name  sdrangel.samplesource.remoteinput  and hardware id  "RemoteInput"
2026-04-05 17:54:32.758 (D) PluginManager::registerSampleSink  Remote device output  with sink name  sdrangel.samplesink.remoteoutput  and hardware id  "RemoteOutput"
2026-04-05 17:54:32.758 (D) PluginManager::registerFeature  RigCtl Server  with channel name  "sdrangel.feature.rigctlserver"
2026-04-05 17:54:32.758 (D) PluginManager::registerFeature  Rotator Controller  with channel name  "sdrangel.feature.gs232controller"
2026-04-05 17:54:32.758 (D) PluginManager::registerSampleSource  SDRPlay RSP1 Input  with source name  sdrangel.samplesource.sdrplay  and hardware id  "SDRPlay"
2026-04-05 17:54:32.758 (D) PluginManager::registerFeature  SID  with channel name  "sdrangel.feature.sid"
2026-04-05 17:54:32.758 (D) PluginManager::registerRxChannel  SSB Demodulator  with channel name  "sdrangel.channel.ssbdemod"
2026-04-05 17:54:32.758 (D) PluginManager::registerTxChannel  SSB Modulator  with channel name  "sdrangel.channeltx.modssb"
2026-04-05 17:54:32.758 (D) PluginManager::registerFeature  Satellite Tracker  with channel name  "sdrangel.feature.satellitetracker"
2026-04-05 17:54:32.759 (D) PluginManager::registerRxChannel  SigMF File Sink  with channel name  "sdrangel.channel.sigmffilesink"
2026-04-05 17:54:32.759 (D) PluginManager::registerFeature  Simple PTT  with channel name  "sdrangel.feature.simpleptt"
2026-04-05 17:54:32.759 (D) PluginManager::registerFeature  Sky Map  with channel name  "sdrangel.feature.skymap"
2026-04-05 17:54:32.759 (D) PluginManager::registerFeature  Star Tracker  with channel name  "sdrangel.feature.startracker"
2026-04-05 17:54:32.759 (D) PluginManager::registerSampleMIMO  Test Multiple Input  with MIMO name  sdrangel.samplemimo.testmi  and hardware id  "TestMI"
2026-04-05 17:54:32.759 (D) PluginManager::registerSampleSink  Test Sink Output  with sink name  sdrangel.samplesink.testsink  and hardware id  "TestSink"
2026-04-05 17:54:32.759 (D) PluginManager::registerSampleSource  Test Source input  with source name  sdrangel.samplesource.testsource  and hardware id  "TestSource"
2026-04-05 17:54:32.759 (D) PluginManager::registerSampleMIMO  Test Synchronous Multiple Output  with MIMO name  sdrangel.samplemimo.testmosync  and hardware id  "TestMOSync"
2026-04-05 17:54:32.759 (D) PluginManager::registerRxChannel  UDP Channel Sink  with channel name  "sdrangel.channel.udpsink"
2026-04-05 17:54:32.759 (D) PluginManager::registerTxChannel  UDP Channel Source  with channel name  "sdrangel.channeltx.udpsource"
2026-04-05 17:54:32.759 (D) PluginManager::registerSampleSink  URSP Output  with sink name  sdrangel.samplesink.usrp  and hardware id  "USRP"
2026-04-05 17:54:32.759 (D) PluginManager::registerSampleSource  USRP Input  with source name  sdrangel.samplesource.usrp  and hardware id  "USRP"
2026-04-05 17:54:32.759 (D) PluginManager::registerRxChannel  VOR Demodulator  with channel name  "sdrangel.channel.vordemod"
2026-04-05 17:54:32.759 (D) PluginManager::registerFeature  VOR Localizer  with channel name  "sdrangel.feature.vorlocalizer"
2026-04-05 17:54:32.759 (D) PluginManager::registerRxChannel  WDSP Receiver  with channel name  "sdrangel.channel.wdsprx"
2026-04-05 17:54:32.759 (D) PluginManager::registerRxChannel  WFM Demodulator  with channel name  "sdrangel.channel.wfmdemod"
2026-04-05 17:54:32.759 (D) PluginManager::registerTxChannel  WFM Modulator  with channel name  "sdrangel.channeltx.modwfm"
2026-04-05 17:54:32.759 (D) DeviceEnumerator::enumerateDevices: sdrangel.samplesource.aaroniartsasource
2026-04-05 17:54:32.759 (D) DeviceEnumerator::enumerateDevices: sdrangel.samplesource.airspy
2026-04-05 17:54:32.762 (D) AirspyPlugin::enumOriginDevices: enumerated 0 Airspy devices AIRSPY_ERROR_NOT_FOUND
2026-04-05 17:54:32.762 (D) AirspyPlugin::enumOriginDevices: airspy_exit: AIRSPY_SUCCESS
2026-04-05 17:54:32.762 (D) DeviceEnumerator::enumerateDevices: sdrangel.samplesource.airspyhf
2026-04-05 17:54:32.765 (D) DeviceEnumerator::enumerateDevices: sdrangel.samplesource.audioinput
2026-04-05 17:54:32.765 (D) DeviceEnumerator::enumerateDevices: sdrangel.samplesource.bladerf1input
2026-04-05 17:54:32.768 (D) DeviceEnumerator::enumerateDevices: sdrangel.samplesource.bladerf2input
2026-04-05 17:54:32.770 (D) DeviceEnumerator::enumerateDevices: sdrangel.samplesource.fileinput
2026-04-05 17:54:32.770 (D) DeviceEnumerator::enumerateDevices: sdrangel.samplesource.sigmffileinput
2026-04-05 17:54:32.770 (D) DeviceEnumerator::enumerateDevices: sdrangel.samplesource.fcdpro
2026-04-05 17:54:32.773 (D) DeviceEnumerator::enumerateDevices: sdrangel.samplesource.fcdproplus
2026-04-05 17:54:32.773 (D) DeviceEnumerator::enumerateDevices: sdrangel.samplesource.hackrf
2026-04-05 17:54:32.776 (D) DeviceEnumerator::enumerateDevices: sdrangel.samplesource.kiwisdrsource
2026-04-05 17:54:32.776 (D) DeviceEnumerator::enumerateDevices: sdrangel.samplesource.limesdr
2026-04-05 17:54:32.781 (D) DeviceLimeSDR::enumOriginDevices: Could not find any LimeSDR device
2026-04-05 17:54:32.781 (D) DeviceEnumerator::enumerateDevices: sdrangel.samplesource.localinput
2026-04-05 17:54:32.781 (D) DeviceEnumerator::enumerateDevices: sdrangel.samplesource.perseus
2026-04-05 17:54:32.784 (I) DevicePerseusScan::scan: no Perseus devices
2026-04-05 17:54:32.784 (D) DeviceEnumerator::enumerateDevices: sdrangel.samplesource.plutosdr
2026-04-05 17:54:33.811 (D) PlutoSDRScan::scan: 0: (nouveau,hp,BAT0,AC,hidpp_battery_7,coretemp,nvme,acpitz on HP) [local:]
2026-04-05 17:54:33.812 (D) DeviceEnumerator::enumerateDevices: sdrangel.samplesource.rtlsdr
2026-04-05 17:54:33.831 (D) RTLSDRPlugin::enumSampleSources: enumerated RTL-SDR device #0
2026-04-05 17:54:33.831 (D) DeviceEnumerator::enumerateDevices: sdrangel.samplesource.remotetcpinput
2026-04-05 17:54:33.831 (D) DeviceEnumerator::enumerateDevices: sdrangel.samplesource.remoteinput
2026-04-05 17:54:33.831 (D) DeviceEnumerator::enumerateDevices: sdrangel.samplesource.sdrplay
2026-04-05 17:54:33.840 (D) DeviceEnumerator::enumerateDevices: sdrangel.samplesource.testsource
2026-04-05 17:54:33.840 (D) DeviceEnumerator::enumerateDevices: sdrangel.samplesource.usrp
[INFO] [UHD] linux; GNU C++ version 13.2.0; Boost_108300; UHD_4.6.0.0+ds1-5.1ubuntu0.24.04.1
2026-04-05 17:54:34.342 (D) DeviceUSRP::enumOriginDevices: Could not find any USRP device
2026-04-05 17:54:34.342 (D) DeviceEnumerator::enumerateDevices: sdrangel.samplesink.aaroniartsaoutput
2026-04-05 17:54:34.342 (D) DeviceEnumerator::enumerateDevices: sdrangel.samplesink.audiooutput
2026-04-05 17:54:34.342 (D) DeviceEnumerator::enumerateDevices: sdrangel.samplesink.bladerf1output
2026-04-05 17:54:34.342 (D) DeviceEnumerator::enumerateDevices: sdrangel.samplesink.bladerf2output
2026-04-05 17:54:34.342 (D) DeviceEnumerator::enumerateDevices: sdrangel.samplesink.fileoutput
2026-04-05 17:54:34.342 (D) DeviceEnumerator::enumerateDevices: sdrangel.samplesink.hackrf
2026-04-05 17:54:34.342 (D) DeviceEnumerator::enumerateDevices: sdrangel.samplesink.limesdr
2026-04-05 17:54:34.343 (D) DeviceEnumerator::enumerateDevices: sdrangel.samplesink.localoutput
2026-04-05 17:54:34.343 (D) DeviceEnumerator::enumerateDevices: sdrangel.samplesink.plutosdr
2026-04-05 17:54:34.343 (D) DeviceEnumerator::enumerateDevices: sdrangel.samplesink.remoteoutput
2026-04-05 17:54:34.343 (D) DeviceEnumerator::enumerateDevices: sdrangel.samplesink.testsink
2026-04-05 17:54:34.343 (D) DeviceEnumerator::enumerateDevices: sdrangel.samplesink.usrp
2026-04-05 17:54:34.343 (D) DeviceEnumerator::enumerateDevices: sdrangel.samplemimo.audiocatsiso
2026-04-05 17:54:34.343 (D) AudioCATSISOPlugin::enumSampleMIMO: enumerated AudioCATSISO device #0
2026-04-05 17:54:34.343 (D) DeviceEnumerator::enumerateDevices: sdrangel.samplemimo.bladerf2mimo
2026-04-05 17:54:34.343 (D) DeviceEnumerator::enumerateDevices: sdrangel.samplemimo.limesdrmimo
2026-04-05 17:54:34.343 (D) DeviceEnumerator::enumerateDevices: sdrangel.samplemimo.metismiso
2026-04-05 17:54:34.344 (D) DeviceMetisScan::scan: discovery writeDatagram sent to 192.168.11.255
2026-04-05 17:54:34.344 (D) DeviceMetisScan::scan: discovery writeDatagram sent to 172.17.255.255
2026-04-05 17:54:34.344 (D) DeviceMetisScan::scan: discovery writeDatagram sent to 127.255.255.255
2026-04-05 17:54:34.344 (D) DeviceMetisScan::scan: start 0.5 second timeout loop
2026-04-05 17:54:34.869 (D) DeviceEnumerator::enumerateDevices: sdrangel.samplemimo.plutosdrmimo
2026-04-05 17:54:34.869 (D) DeviceEnumerator::enumerateDevices: sdrangel.samplemimo.testmi
2026-04-05 17:54:34.869 (D) DeviceEnumerator::enumerateDevices: sdrangel.samplemimo.testmosync
2026-04-05 17:54:34.869 (D) DeviceEnumerator::addNonDiscoverableDevices: start
2026-04-05 17:54:34.872 (D) StaticFileController: docroot=:/webapi, encoding=UTF-8, maxAge=60000
2026-04-05 17:54:34.872 (D) StaticFileController: cache timeout=60000, size=1000000
2026-04-05 17:54:34.872 (D) HttpListener: Listening on port 8091
2026-04-05 17:54:34.872 (I) WebAPIServer::start: starting web API server at http://0.0.0.0:8091
2026-04-05 17:54:34.872 (D) MainWindow::MainWindow: end
2026-04-05 17:54:34.879 (D) MainWindow::MainWindow: load current configuration...
2026-04-05 17:54:34.879 (D) LoadConfigurationFSM::clearWorkspace
2026-04-05 17:54:34.879 (D) RemoveAllWorkspacesFSM::removeDeviceSets
2026-04-05 17:54:34.879 (D) RemoveAllDeviceSetsFSM::removeNext
2026-04-05 17:54:34.879 (D) RemoveAllWorkspacesFSM::removeWorkspaces
2026-04-05 17:54:34.879 (D) RemoveAllWorkspacesFSM::removeWorkspaces done
2026-04-05 17:54:34.879 (D) LoadConfigurationFSM::createWorkspaces
2026-04-05 17:54:34.900 (D) LoadConfigurationFSM::loadDeviceSets
2026-04-05 17:54:34.900 (D) DeviceEnumerator::getBestSamplingDeviceIndex: serial matched (exact): id: sdrangel.samplesource.rtlsdr ser: 00000001
2026-04-05 17:54:34.900 (D) MainWindow::loadConfiguration: add source sdrangel.samplesource.rtlsdr in workspace 0 spectrum in 0
2026-04-05 17:54:34.900 (W) QStateMachine::addState: state has already been added to this machine
2026-04-05 17:54:34.901 (D) SpectrumVis::applySettings:  m_fftSize:  1024  m_fftWindow:  4  m_fftOverlap:  0  m_averagingIndex:  0  m_averagingMode:  0  m_refLevel:  0  m_powerRange:  100  m_fpsPeriodMs:  50  m_linear:  false  m_ssb:  false  m_usb:  true  m_wsSpectrumAddress:  "127.0.0.1"  m_wsSpectrumPort:  8887  force:  true
2026-04-05 17:54:34.901 (D) FFTFactory::getEngine: reuse engine: 0 FFT fwd size: 1024
2026-04-05 17:54:34.904 (W) libpng warning: iCCP: known incorrect sRGB profile
2026-04-05 17:54:34.904 (W) libpng warning: iCCP: too many profiles
2026-04-05 17:54:34.905 (D) GLSpectrumGUI::on_averaging_currentIndexChanged: log
2026-04-05 17:54:34.906 (D) GLSpectrumGUI::on_fftSize_currentIndexChanged: 4
2026-04-05 17:54:34.906 (D) GLSpectrumGUI::on_fps_currentIndexChanged: 50 ms
2026-04-05 17:54:34.906 (D) SpectrumVis::handleMessage: MsgConfigureSpectrumVis
2026-04-05 17:54:34.906 (D) SpectrumVis::applySettings:  m_fftSize:  1024  m_fftWindow:  4  m_fftOverlap:  0  m_averagingIndex:  0  m_averagingMode:  0  m_refLevel:  0  m_powerRange:  100  m_fpsPeriodMs:  50  m_linear:  false  m_ssb:  false  m_usb:  true  m_wsSpectrumAddress:  "127.0.0.1"  m_wsSpectrumPort:  8887  force:  false
2026-04-05 17:54:34.906 (D) GLSpectrumGUI::handleInputMessages: message: SpectrumVis::MsgConfigureSpectrumVis
2026-04-05 17:54:34.906 (D) GLSpectrumGUI::applySpectrumSettings: refLevel: 0.000000e+00 powerRange: 1.000000e+02
2026-04-05 17:54:34.906 (D) ScaleEngine::setTruncateMode: off
2026-04-05 17:54:34.906 (D) GLSpectrumGUI::handleInputMessages: message: GLSpectrumView::MsgReportCalibrationShift
2026-04-05 17:54:34.906 (D) MainSpectrumGUI::MainSpectrumGUI: 0x0
2026-04-05 17:54:34.910 (D) MainSpectrumGUI::shrinkWindow
2026-04-05 17:54:34.912 (D) DSPDeviceSourceEngine::addSink:  SpectrumVis
2026-04-05 17:54:34.912 (D) MainWindow::sampleSourceCreate: deviceSetIndex: 0 deviceIndex: 6 hardwareId: "RTLSDR" sequence: 0 id: "sdrangel.samplesource.rtlsdr" serial: "00000001" displayedName: "RTL-SDR[0] 00000001"
2026-04-05 17:54:34.912 (D) DSPDeviceSourceEngine::handleInputMessages: message: DSPAddBasebandSampleSink
Found Elonics E4000 tuner
2026-04-05 17:54:35.332 (I) RTLSDRInput::openDevice: open: Nooelec SMArt XTR v5, SN: 00000001 Tuner: E4000
2026-04-05 17:54:35.435 (D) RTLSDRInput::openDevice:  14 gains
2026-04-05 17:54:35.453 (D) DSPDeviceSourceEngine::setSource
2026-04-05 17:54:35.453 (D) DSPDeviceSourceEngine::handleInputMessages: message: DSPSetSource
2026-04-05 17:54:35.453 (D) DSPDeviceSourceEngine::gotoIdle
2026-04-05 17:54:35.453 (D) DSPDeviceSourceEngine::handleSetSource: set SMArt XTR v5 (SN 00000001)
2026-04-05 17:54:35.457 (D) SpectrumVis::handleMessage: DSPSignalNotification:  centerFrequency:  0  sampleRate:  0
2026-04-05 17:54:35.459 (D) DeviceGUI::DeviceGUI: 0x0
2026-04-05 17:54:35.466 (D) RTLSDRGui::updateFrequencyLimits: delta: 0 min: 24000 max: 2400000
2026-04-05 17:54:35.466 (D) RTLSDRGui::updateFrequencyLimits: delta: 0 min: 24000 max: 2400000
2026-04-05 17:54:35.466 (D) RTLSDRInput::applySettings: force:  true " m_centerFrequency: 435000000 m_devSampleRate: 1024000 m_lowSampleRate: 0 m_gain: 0 m_loPpmCorrection: 0 m_log2Decim: 4 m_fcPos: 2 m_dcBlock: 0 m_iqImbalance: 0 m_agc: 0 m_noModMode: 0 m_transverterMode: 0 m_iqOrder: 1 m_transverterDeltaFrequency: 0 m_rfBandwidth: 2500000 m_offsetTuning: 0 m_biasTee: 0 m_replayOffset: 0 m_replayLength: 20 m_replayStep: 5 m_replayLoop: 0 m_useReverseAPI: 0 m_reverseAPIAddress: 127.0.0.1 m_reverseAPIPort: 8888 m_reverseAPIDeviceIndex: 0"
2026-04-05 17:54:35.466 (D) DSPDeviceSourceEngine::configureCorrections
2026-04-05 17:54:35.466 (D) RTLSDRInput::applySettings: corrections: DC block: false IQ imbalance: false
2026-04-05 17:54:35.466 (D) DSPDeviceSourceEngine::handleInputMessages: message: DSPConfigureCorrection
2026-04-05 17:54:35.478 (D) DSPDeviceSourceEngine::handleInputMessages: message: DSPSignalNotification
2026-04-05 17:54:35.478 (D) DSPDeviceSourceEngine::handleInputMessages: DSPSignalNotification:  m_sampleRate:  64000  m_centerFrequency:  435000000
2026-04-05 17:54:35.478 (D) DSPDeviceSourceEngine::handleInputMessages: forward message to  SpectrumVis
2026-04-05 17:54:35.478 (D) DSPDeviceSourceEngine::handleInputMessages: DSPSignalNotification: guiMessageQueue: 0x5e2b0bcb07a8
2026-04-05 17:54:35.493 (D) GLSpectrumView::initializeGL: context:  major:  4  minor:  6  ES:  no
2026-04-05 17:54:35.499 (D) GLShaderTextured::initializeGL: m_useImmutableStorage:  true
2026-04-05 17:54:35.499 (D) GLShaderTextured::initializeGL: m_useImmutableStorage:  true
2026-04-05 17:54:35.499 (D) GLShaderTextured::initializeGL: m_useImmutableStorage:  true
2026-04-05 17:54:35.500 (D) GLShaderTextured::initializeGL: m_useImmutableStorage:  true
2026-04-05 17:54:35.500 (D) GLShaderColorMap::initializeGL: m_useImmutableStorage:  true
2026-04-05 17:54:35.500 (D) GLShaderTextured::initializeGL: m_useImmutableStorage:  true
2026-04-05 17:54:35.500 (D) GLShaderTextured::initializeGL: m_useImmutableStorage:  true
2026-04-05 17:54:35.501 (D) GLShaderSpectrogram::initializeGL: m_useImmutableStorage:  true
2026-04-05 17:54:35.502 (D) GLShaderTextured::initializeGL: m_useImmutableStorage:  true
2026-04-05 17:54:35.502 (D) GLShaderTextured::initializeGL: m_useImmutableStorage:  true
2026-04-05 17:54:35.507 (D) GLShaderSpectrogram::initGrid: requested:  512  actual:  512
2026-04-05 17:54:35.529 (D) SpectrumVis::handleMessage: DSPSignalNotification:  centerFrequency:  435000000  sampleRate:  64000
2026-04-05 17:54:35.529 (D) RTLSDRGui::handleInputMessages: message: DSPSignalNotification
2026-04-05 17:54:35.530 (D) RTLSDRGui::handleInputMessages: DSPSignalNotification: SampleRate:64000, CenterFrequency:435000000
2026-04-05 17:54:35.530 (D) GLSpectrumGUI::handleInputMessages: message: GLSpectrumView::MsgReportSampleRate
2026-04-05 17:54:35.768 (D) LoadConfigurationFSM::loadDeviceSetSettings
2026-04-05 17:54:35.775 (D) GLShaderSpectrogram::initGrid: requested:  512  actual:  512
2026-04-05 17:54:35.790 (D) DeviceUISet::loadDeviceSetSettings: preset: [default, no name]
2026-04-05 17:54:35.790 (D) SpectrumVis::handleMessage: MsgConfigureSpectrumVis
2026-04-05 17:54:35.790 (D) SpectrumVis::applySettings:  m_fftSize:  1024  m_fftWindow:  4  m_fftOverlap:  0  m_averagingIndex:  0  m_averagingMode:  0  m_refLevel:  0  m_powerRange:  100  m_fpsPeriodMs:  50  m_linear:  false  m_ssb:  false  m_usb:  true  m_wsSpectrumAddress:  "127.0.0.1"  m_wsSpectrumPort:  8887  force:  false
2026-04-05 17:54:35.790 (D) GLSpectrumGUI::handleInputMessages: message: SpectrumVis::MsgConfigureSpectrumVis
2026-04-05 17:54:35.790 (D) GLSpectrumGUI::applySpectrumSettings: refLevel: 0.000000e+00 powerRange: 1.000000e+02
2026-04-05 17:54:35.790 (D) ScaleEngine::setTruncateMode: off
2026-04-05 17:54:35.790 (D) GLSpectrumGUI::handleInputMessages: message: GLSpectrumView::MsgReportCalibrationShift
2026-04-05 17:54:35.791 (D) DeviceAPI::loadSamplingDeviceSettings: Loading Rx preset [default | no name]
2026-04-05 17:54:35.791 (D) Preset::findBestDeviceConfig: serial matched (exact): id: sdrangel.samplesource.rtlsdr ser: 00000001
2026-04-05 17:54:35.791 (D) DeviceAPI::loadSamplingDeviceSettings: source center frequency: 403000000 Hz
2026-04-05 17:54:35.791 (D) DeviceAPI::loadSamplingDeviceSettings: deserializing source sdrangel.samplesource.rtlsdr[0]: 00000001
2026-04-05 17:54:35.791 (D) RTLSDRInput::handleMessage: MsgConfigureRTLSDR
2026-04-05 17:54:35.791 (D) RTLSDRInput::applySettings: force:  true " m_centerFrequency: 435000000 m_devSampleRate: 1024000 m_lowSampleRate: 0 m_gain: 420 m_loPpmCorrection: 0 m_log2Decim: 4 m_fcPos: 2 m_dcBlock: 0 m_iqImbalance: 0 m_agc: 1 m_noModMode: 0 m_transverterMode: 0 m_iqOrder: 1 m_transverterDeltaFrequency: 0 m_rfBandwidth: 2500000 m_offsetTuning: 0 m_biasTee: 0 m_replayOffset: 0 m_replayLength: 20 m_replayStep: 5 m_replayLoop: 0 m_useReverseAPI: 0 m_reverseAPIAddress: 127.0.0.1 m_reverseAPIPort: 8888 m_reverseAPIDeviceIndex: 0"
2026-04-05 17:54:35.791 (D) DSPDeviceSourceEngine::configureCorrections
2026-04-05 17:54:35.791 (D) RTLSDRInput::applySettings: corrections: DC block: false IQ imbalance: false
2026-04-05 17:54:35.791 (D) RTLSDRInput::handleMessage: MsgConfigureRTLSDR
2026-04-05 17:54:35.791 (D) RTLSDRInput::applySettings: force:  false " m_centerFrequency: 403000000"
2026-04-05 17:54:35.791 (D) DeviceUISet::loadRxChannelSettings: Loading preset [default | no name]
2026-04-05 17:54:35.791 (D) DeviceUISet::loadRxChannelSettings: 0 channel(s) in preset
2026-04-05 17:54:35.791 (D) LoadConfigurationFSM::loadFeatureSets
2026-04-05 17:54:35.791 (D) FeatureUISet::loadFeatureSetSettings: Loading preset [default | no name]
2026-04-05 17:54:35.791 (D) FeatureUISet::loadFeatureSetSettings: 1 feature(s) in preset
2026-04-05 17:54:35.791 (D) FeatureUISet::loadFeatureSetSettings: creating new feature [sdrangel.feature.radiosonde] from config [sdrangel.feature.radiosonde]
2026-04-05 17:54:35.791 (D) Radiosonde::Radiosonde: webAPIAdapterInterface: 0x5e2b0b7e8830
2026-04-05 17:54:35.791 (D) DSPDeviceSourceEngine::handleInputMessages: message: DSPConfigureCorrection
2026-04-05 17:54:35.791 (D) DSPDeviceSourceEngine::handleInputMessages: message: DSPSignalNotification
2026-04-05 17:54:35.791 (D) DSPDeviceSourceEngine::handleInputMessages: DSPSignalNotification:  m_sampleRate:  64000  m_centerFrequency:  435000000
2026-04-05 17:54:35.791 (D) DSPDeviceSourceEngine::handleInputMessages: forward message to  SpectrumVis
2026-04-05 17:54:35.791 (D) DSPDeviceSourceEngine::handleInputMessages: DSPSignalNotification: guiMessageQueue: 0x5e2b0bcb07a8
2026-04-05 17:54:35.791 (D) DSPDeviceSourceEngine::handleInputMessages: message: DSPSignalNotification
2026-04-05 17:54:35.791 (D) DSPDeviceSourceEngine::handleInputMessages: DSPSignalNotification:  m_sampleRate:  64000  m_centerFrequency:  403000000
2026-04-05 17:54:35.791 (D) DSPDeviceSourceEngine::handleInputMessages: forward message to  SpectrumVis
2026-04-05 17:54:35.791 (D) DSPDeviceSourceEngine::handleInputMessages: DSPSignalNotification: guiMessageQueue: 0x5e2b0bcb07a8
2026-04-05 17:54:35.791 (D) FeatureGUI::FeatureGUI
2026-04-05 17:54:35.795 (D) Radiosonde::handleMessage: MsgConfigureRadiosonde
2026-04-05 17:54:35.795 (D) Radiosonde::applySettings: " m_title: Radiosonde m_rgbColor: 4284874854 m_useReverseAPI: 0 m_reverseAPIAddress: 127.0.0.1 m_reverseAPIPort: 8888 m_reverseAPIFeatureSetIndex: 0 m_reverseAPIFeatureIndex: 0 m_y1: 1 m_y2: 2 m_feedEnabled: 0 m_callsign: Home m_antenna:  m_displayPosition: 0 m_mobile: 0 m_email:  m_showPredictedPaths: 0 m_workspaceIndex: 181026672"  force:  true
2026-04-05 17:54:35.795 (D) FeatureUISet::loadFeatureSetSettings: deserializing feature [sdrangel.feature.radiosonde]
2026-04-05 17:54:35.795 (D) Radiosonde::handleMessage: MsgConfigureRadiosonde
2026-04-05 17:54:35.796 (D) Radiosonde::applySettings: " m_title: Radiosonde m_rgbColor: 4284874854 m_useReverseAPI: 0 m_reverseAPIAddress: 127.0.0.1 m_reverseAPIPort: 8888 m_reverseAPIFeatureSetIndex: 0 m_reverseAPIFeatureIndex: 0 m_y1: 1 m_y2: 2 m_feedEnabled: 0 m_callsign: Home m_antenna:  m_displayPosition: 0 m_mobile: 0 m_email:  m_showPredictedPaths: 0 m_workspaceIndex: 0"  force:  true
2026-04-05 17:54:35.800 (D) Radiosonde::handleMessage: MsgConfigureRadiosonde
2026-04-05 17:54:35.800 (D) Radiosonde::applySettings: ""  force:  false
2026-04-05 17:54:35.800 (D) LoadConfigurationFSM::restoreGeometry
2026-04-05 17:54:35.800 (D) RTLSDRGui::handleInputMessages: message: RTLSDRInput::MsgConfigureRTLSDR
2026-04-05 17:54:35.800 (D) RTLSDRGui::updateFrequencyLimits: delta: 0 min: 24000 max: 2400000
2026-04-05 17:54:35.800 (D) RTLSDRGui::handleInputMessages: message: RTLSDRInput::MsgConfigureRTLSDR
2026-04-05 17:54:35.801 (D) RTLSDRGui::updateFrequencyLimits: delta: 0 min: 24000 max: 2400000
2026-04-05 17:54:35.801 (D) RTLSDRGui::handleInputMessages: message: DSPSignalNotification
2026-04-05 17:54:35.801 (D) RTLSDRGui::handleInputMessages: DSPSignalNotification: SampleRate:64000, CenterFrequency:435000000
2026-04-05 17:54:35.801 (D) GLSpectrumGUI::handleInputMessages: message: GLSpectrumView::MsgReportSampleRate
2026-04-05 17:54:35.801 (D) RTLSDRGui::handleInputMessages: message: DSPSignalNotification
2026-04-05 17:54:35.801 (D) RTLSDRGui::handleInputMessages: DSPSignalNotification: SampleRate:64000, CenterFrequency:403000000
2026-04-05 17:54:35.801 (D) GLSpectrumGUI::handleInputMessages: message: GLSpectrumView::MsgReportSampleRate
2026-04-05 17:54:35.801 (D) SpectrumVis::handleMessage: DSPSignalNotification:  centerFrequency:  435000000  sampleRate:  64000
2026-04-05 17:54:35.801 (D) SpectrumVis::handleMessage: DSPSignalNotification:  centerFrequency:  403000000  sampleRate:  64000
2026-04-05 17:54:35.905 (D) RTLSDRInput::handleMessage: MsgConfigureRTLSDR
2026-04-05 17:54:35.905 (D) RTLSDRInput::applySettings: force:  true " m_centerFrequency: 403000000 m_devSampleRate: 1024000 m_lowSampleRate: 0 m_gain: 420 m_loPpmCorrection: 0 m_log2Decim: 4 m_fcPos: 2 m_dcBlock: 0 m_iqImbalance: 0 m_agc: 1 m_noModMode: 0 m_transverterMode: 0 m_iqOrder: 1 m_transverterDeltaFrequency: 0 m_rfBandwidth: 2500000 m_offsetTuning: 0 m_biasTee: 0 m_replayOffset: 0 m_replayLength: 20 m_replayStep: 5 m_replayLoop: 0 m_useReverseAPI: 0 m_reverseAPIAddress: 127.0.0.1 m_reverseAPIPort: 8888 m_reverseAPIDeviceIndex: 0"
2026-04-05 17:54:35.905 (D) DSPDeviceSourceEngine::configureCorrections
2026-04-05 17:54:35.905 (D) RTLSDRInput::applySettings: corrections: DC block: false IQ imbalance: false
2026-04-05 17:54:35.905 (D) DSPDeviceSourceEngine::handleInputMessages: message: DSPConfigureCorrection
2026-04-05 17:54:35.906 (D) DSPDeviceSourceEngine::handleInputMessages: message: DSPSignalNotification
2026-04-05 17:54:35.906 (D) DSPDeviceSourceEngine::handleInputMessages: DSPSignalNotification:  m_sampleRate:  64000  m_centerFrequency:  403000000
2026-04-05 17:54:35.906 (D) DSPDeviceSourceEngine::handleInputMessages: forward message to  SpectrumVis
2026-04-05 17:54:35.906 (D) DSPDeviceSourceEngine::handleInputMessages: DSPSignalNotification: guiMessageQueue: 0x5e2b0bcb07a8
2026-04-05 17:54:35.906 (D) SpectrumVis::handleMessage: DSPSignalNotification:  centerFrequency:  403000000  sampleRate:  64000
2026-04-05 17:54:35.906 (D) RTLSDRGui::handleInputMessages: message: DSPSignalNotification
2026-04-05 17:54:35.906 (D) RTLSDRGui::handleInputMessages: DSPSignalNotification: SampleRate:64000, CenterFrequency:403000000
2026-04-05 17:54:35.906 (D) GLSpectrumGUI::handleInputMessages: message: GLSpectrumView::MsgReportSampleRate
2026-04-05 17:54:37.339 (D) MainWindow::closeEvent
2026-04-05 17:54:37.339 (D) MainWindow::saveConfiguration: configuration [default | no name] 1 workspaces
2026-04-05 17:54:37.339 (D) DeviceUISet::saveDeviceSetSettings: preset: [default, no name]
2026-04-05 17:54:37.340 (D) DeviceAPI::saveSamplingDeviceSettings: serializing source sdrangel.samplesource.rtlsdr[0]: 00000001
2026-04-05 17:54:37.340 (D) MainWindow::saveConfiguration: sdrangel.samplesource.rtlsdr device in workspace 0 spectrum in 0
2026-04-05 17:54:37.340 (D) FeatureUISet::saveFeatureSetSettings: saving feature [sdrangel.feature.radiosonde]
2026-04-05 17:54:37.350 (D) AudioDeviceManager::serialize
2026-04-05 17:54:37.350 (D) AudioDeviceManager::debugAudioOutputInfos:  name:  "System default device"  sampleRate:  48000  udpAddress:  "127.0.0.1"  udpPort:  9998  copyToUDP:  false  udpUseRTP:  false  udpChannelMode:  0  udpChannelCodec:  0  decimationFactor:  1
2026-04-05 17:54:37.350 (D) AudioDeviceManager::debugAudioOutputInfos:  name:  "alsa_output.pci-0000_00_1f.3-platform-skl_hda_dsp_generic.HiFi__hw_sofhdadsp__sink"  sampleRate:  48000  udpAddress:  "127.0.0.1"  udpPort:  9998  copyToUDP:  false  udpUseRTP:  false  udpChannelMode:  0  udpChannelCodec:  0  decimationFactor:  1
2026-04-05 17:54:37.350 (D) AudioDeviceManager::debugAudioOutputInfos:  name:  "hw:CARD=Device,DEV=0"  sampleRate:  44100  udpAddress:  "127.0.0.1"  udpPort:  9998  copyToUDP:  false  udpUseRTP:  false  udpChannelMode:  0  udpChannelCodec:  0  decimationFactor:  1
2026-04-05 17:54:37.356 (D) MainWindow::removeAllDeviceSets
2026-04-05 17:54:37.356 (D) RemoveAllDeviceSetsFSM::removeNext
2026-04-05 17:54:37.356 (D) MainWindow::removeDeviceSet: index: 0
2026-04-05 17:54:37.356 (D) RemoveDeviceSetFSM::stopAcquisition
2026-04-05 17:54:37.356 (D) DSPDeviceSourceEngine::stopAcquistion
2026-04-05 17:54:37.356 (D) DSPDeviceSourceEngine::handleInputMessages: message: DSPAcquisitionStop
2026-04-05 17:54:37.356 (D) DSPDeviceSourceEngine::gotoIdle
2026-04-05 17:54:37.356 (D) RemoveDeviceSetFSM::removeSink
2026-04-05 17:54:37.356 (D) DSPDeviceSourceEngine::removeSink:  SpectrumVis
2026-04-05 17:54:37.356 (D) DSPDeviceSourceEngine::handleInputMessages: message: DSPRemoveBasebandSampleSink
2026-04-05 17:54:37.356 (D) RemoveDeviceSetFSM::removeUI
2026-04-05 17:54:37.356 (D) RTLSDRGui::~RTLSDRGui
2026-04-05 17:54:37.356 (D) RTLSDRGui::~RTLSDRGui: end
2026-04-05 17:54:37.356 (D) DeviceGUI::~DeviceGUI
2026-04-05 17:54:37.357 (D) DeviceGUI::~DeviceGUI: end
2026-04-05 17:54:37.357 (D) RemoveDeviceSetFSM::stopEngine
2026-04-05 17:54:37.358 (D) MainSpectrumGUI::~MainSpectrumGUI
2026-04-05 17:54:37.358 (D) MainSpectrumGUI::~MainSpectrumGUI: end
2026-04-05 17:54:37.366 (D) RTLSDRInput::~RTLSDRInput
2026-04-05 17:54:37.387 (D) DSPDeviceSourceEngine::~DSPDeviceSourceEngine
2026-04-05 17:54:37.387 (D) FFTFactory::releaseEngine: engineSequence: 0 FFT fwd size: 1024
2026-04-05 17:54:37.387 (D) RemoveAllDeviceSetsFSM::removeNext
2026-04-05 17:54:37.387 (D) MainWindow::closeEvent
2026-04-05 17:54:37.388 (D) Radiosonde::handleMessage: MsgConfigureRadiosonde
2026-04-05 17:54:37.388 (D) Radiosonde::applySettings: ""  force:  false
2026-04-05 17:54:37.388 (D) MainWindow::~MainWindow
2026-04-05 17:54:37.388 (D) HttpListener: closed
2026-04-05 17:54:37.388 (D) HttpConnectionHandlerPool (0x5e2b0b7e1510): destroyed
2026-04-05 17:54:37.388 (D) HttpListener: destroyed
2026-04-05 17:54:37.388 (I) WebAPIServer::stop: stopped web API server at http://0.0.0.0:8091
2026-04-05 17:54:37.388 (D) FeatureUISet::freeFeatures: destroying feature [sdrangel.feature.radiosonde]
2026-04-05 17:54:37.388 (D) FeatureGUI::~FeatureGUI
2026-04-05 17:54:37.388 (D) FeatureGUI::~FeatureGUI: end
2026-04-05 17:54:37.389 (D) Workspace::~Workspace
2026-04-05 17:54:37.389 (D) Workspace::~Workspace: about to delete MDI
2026-04-05 17:54:37.389 (D) Workspace::~Workspace: end
2026-04-05 17:54:37.389 (D) MainWindow::~MainWindow: end
SDRangel quit.
FFTFactory::~FFTFactory: deleting FFTs
DataPipes::stopGC
MessagePipes::stopGC
2026-04-05 18:00:31.245 (I) SDRangel 7.22.9 Qt 5.15.13 64b x86_64 Linux Mint 22.2 DSP Rx:24b Tx:16b PID 454209
2026-04-05 18:00:31.245 (I) MainSettings::MainSettings: settings file: format: 0 location: /home/ramon/.config/f4exb/SDRangel.conf
2026-04-05 18:00:31.245 (D) MessagePipes::startGC
2026-04-05 18:00:31.245 (D) DataPipes::startGC
2026-04-05 18:00:31.247 (D) MainCore::initPosition: Using position source "geoclue2"
2026-04-05 18:00:31.247 (D) AudioDeviceManager::AudioDeviceManager: scan input devices
2026-04-05 18:00:31.599 (D) AudioDeviceManager::AudioDeviceManager: input device #0: lavrate
2026-04-05 18:00:31.599 (D) AudioDeviceManager::AudioDeviceManager: input device #1: samplerate
2026-04-05 18:00:31.599 (D) AudioDeviceManager::AudioDeviceManager: input device #2: speexrate
2026-04-05 18:00:31.599 (D) AudioDeviceManager::AudioDeviceManager: input device #3: jack
2026-04-05 18:00:31.599 (D) AudioDeviceManager::AudioDeviceManager: input device #4: oss
2026-04-05 18:00:31.599 (D) AudioDeviceManager::AudioDeviceManager: input device #5: pipewire
2026-04-05 18:00:31.599 (D) AudioDeviceManager::AudioDeviceManager: input device #6: pulse
2026-04-05 18:00:31.599 (D) AudioDeviceManager::AudioDeviceManager: input device #7: speex
2026-04-05 18:00:31.599 (D) AudioDeviceManager::AudioDeviceManager: input device #8: upmix
2026-04-05 18:00:31.599 (D) AudioDeviceManager::AudioDeviceManager: input device #9: vdownmix
2026-04-05 18:00:31.599 (D) AudioDeviceManager::AudioDeviceManager: input device #10: default
2026-04-05 18:00:31.599 (D) AudioDeviceManager::AudioDeviceManager: input device #11: hw:CARD=sofhdadsp,DEV=0
2026-04-05 18:00:31.599 (D) AudioDeviceManager::AudioDeviceManager: input device #12: hw:CARD=sofhdadsp,DEV=6
2026-04-05 18:00:31.599 (D) AudioDeviceManager::AudioDeviceManager: input device #13: hw:CARD=sofhdadsp,DEV=7
2026-04-05 18:00:31.599 (D) AudioDeviceManager::AudioDeviceManager: input device #14: plughw:CARD=sofhdadsp,DEV=0
2026-04-05 18:00:31.599 (D) AudioDeviceManager::AudioDeviceManager: input device #15: plughw:CARD=sofhdadsp,DEV=6
2026-04-05 18:00:31.599 (D) AudioDeviceManager::AudioDeviceManager: input device #16: plughw:CARD=sofhdadsp,DEV=7
2026-04-05 18:00:31.599 (D) AudioDeviceManager::AudioDeviceManager: input device #17: sysdefault:CARD=sofhdadsp
2026-04-05 18:00:31.599 (D) AudioDeviceManager::AudioDeviceManager: input device #18: dsnoop:CARD=sofhdadsp,DEV=0
2026-04-05 18:00:31.599 (D) AudioDeviceManager::AudioDeviceManager: input device #19: dsnoop:CARD=sofhdadsp,DEV=6
2026-04-05 18:00:31.599 (D) AudioDeviceManager::AudioDeviceManager: input device #20: dsnoop:CARD=sofhdadsp,DEV=7
2026-04-05 18:00:31.599 (D) AudioDeviceManager::AudioDeviceManager: input device #21: usbstream:CARD=sofhdadsp
2026-04-05 18:00:31.599 (D) AudioDeviceManager::AudioDeviceManager: input device #22: hw:CARD=Device,DEV=0
2026-04-05 18:00:31.599 (D) AudioDeviceManager::AudioDeviceManager: input device #23: plughw:CARD=Device,DEV=0
2026-04-05 18:00:31.599 (D) AudioDeviceManager::AudioDeviceManager: input device #24: sysdefault:CARD=Device
2026-04-05 18:00:31.599 (D) AudioDeviceManager::AudioDeviceManager: input device #25: front:CARD=Device,DEV=0
2026-04-05 18:00:31.599 (D) AudioDeviceManager::AudioDeviceManager: input device #26: dsnoop:CARD=Device,DEV=0
2026-04-05 18:00:31.599 (D) AudioDeviceManager::AudioDeviceManager: input device #27: usbstream:CARD=Device
2026-04-05 18:00:31.599 (D) AudioDeviceManager::AudioDeviceManager: input device #28: alsa_input.pci-0000_00_1f.3-platform-skl_hda_dsp_generic.HiFi__hw_sofhdadsp_6__source
2026-04-05 18:00:31.599 (D) AudioDeviceManager::AudioDeviceManager: input device #29: alsa_output.pci-0000_00_1f.3-platform-skl_hda_dsp_generic.HiFi__hw_sofhdadsp_5__sink.monitor
2026-04-05 18:00:31.599 (D) AudioDeviceManager::AudioDeviceManager: input device #30: alsa_output.pci-0000_00_1f.3-platform-skl_hda_dsp_generic.HiFi__hw_sofhdadsp_4__sink.monitor
2026-04-05 18:00:31.599 (D) AudioDeviceManager::AudioDeviceManager: input device #31: alsa_output.pci-0000_00_1f.3-platform-skl_hda_dsp_generic.HiFi__hw_sofhdadsp_3__sink.monitor
2026-04-05 18:00:31.599 (D) AudioDeviceManager::AudioDeviceManager: input device #32: alsa_output.pci-0000_00_1f.3-platform-skl_hda_dsp_generic.HiFi__hw_sofhdadsp__sink.monitor
2026-04-05 18:00:31.599 (D) AudioDeviceManager::AudioDeviceManager: input device #33: alsa_input.pci-0000_00_1f.3-platform-skl_hda_dsp_generic.HiFi__hw_sofhdadsp__source
2026-04-05 18:00:31.599 (D) AudioDeviceManager::AudioDeviceManager: input device #34: alsa_output.usb-C-Media_Electronics_Inc._USB_Audio_Device-00.iec958-stereo.monitor
2026-04-05 18:00:31.599 (D) AudioDeviceManager::AudioDeviceManager: input device #35: alsa_input.usb-C-Media_Electronics_Inc._USB_Audio_Device-00.mono-fallback
2026-04-05 18:00:31.599 (D) AudioDeviceManager::AudioDeviceManager: scan output devices
2026-04-05 18:00:32.096 (D) AudioDeviceManager::AudioDeviceManager: output device #0: lavrate
2026-04-05 18:00:32.096 (D) AudioDeviceManager::AudioDeviceManager: output device #1: samplerate
2026-04-05 18:00:32.096 (D) AudioDeviceManager::AudioDeviceManager: output device #2: speexrate
2026-04-05 18:00:32.096 (D) AudioDeviceManager::AudioDeviceManager: output device #3: jack
2026-04-05 18:00:32.096 (D) AudioDeviceManager::AudioDeviceManager: output device #4: oss
2026-04-05 18:00:32.096 (D) AudioDeviceManager::AudioDeviceManager: output device #5: pipewire
2026-04-05 18:00:32.096 (D) AudioDeviceManager::AudioDeviceManager: output device #6: pulse
2026-04-05 18:00:32.096 (D) AudioDeviceManager::AudioDeviceManager: output device #7: speex
2026-04-05 18:00:32.096 (D) AudioDeviceManager::AudioDeviceManager: output device #8: upmix
2026-04-05 18:00:32.096 (D) AudioDeviceManager::AudioDeviceManager: output device #9: vdownmix
2026-04-05 18:00:32.096 (D) AudioDeviceManager::AudioDeviceManager: output device #10: default
2026-04-05 18:00:32.096 (D) AudioDeviceManager::AudioDeviceManager: output device #11: hw:CARD=sofhdadsp,DEV=0
2026-04-05 18:00:32.096 (D) AudioDeviceManager::AudioDeviceManager: output device #12: hw:CARD=sofhdadsp,DEV=3
2026-04-05 18:00:32.096 (D) AudioDeviceManager::AudioDeviceManager: output device #13: hw:CARD=sofhdadsp,DEV=4
2026-04-05 18:00:32.096 (D) AudioDeviceManager::AudioDeviceManager: output device #14: hw:CARD=sofhdadsp,DEV=5
2026-04-05 18:00:32.096 (D) AudioDeviceManager::AudioDeviceManager: output device #15: hw:CARD=sofhdadsp,DEV=31
2026-04-05 18:00:32.096 (D) AudioDeviceManager::AudioDeviceManager: output device #16: plughw:CARD=sofhdadsp,DEV=0
2026-04-05 18:00:32.096 (D) AudioDeviceManager::AudioDeviceManager: output device #17: plughw:CARD=sofhdadsp,DEV=3
2026-04-05 18:00:32.096 (D) AudioDeviceManager::AudioDeviceManager: output device #18: plughw:CARD=sofhdadsp,DEV=4
2026-04-05 18:00:32.096 (D) AudioDeviceManager::AudioDeviceManager: output device #19: plughw:CARD=sofhdadsp,DEV=5
2026-04-05 18:00:32.096 (D) AudioDeviceManager::AudioDeviceManager: output device #20: plughw:CARD=sofhdadsp,DEV=31
2026-04-05 18:00:32.096 (D) AudioDeviceManager::AudioDeviceManager: output device #21: sysdefault:CARD=sofhdadsp
2026-04-05 18:00:32.096 (D) AudioDeviceManager::AudioDeviceManager: output device #22: dmix:CARD=sofhdadsp,DEV=0
2026-04-05 18:00:32.096 (D) AudioDeviceManager::AudioDeviceManager: output device #23: dmix:CARD=sofhdadsp,DEV=3
2026-04-05 18:00:32.096 (D) AudioDeviceManager::AudioDeviceManager: output device #24: dmix:CARD=sofhdadsp,DEV=4
2026-04-05 18:00:32.096 (D) AudioDeviceManager::AudioDeviceManager: output device #25: dmix:CARD=sofhdadsp,DEV=5
2026-04-05 18:00:32.096 (D) AudioDeviceManager::AudioDeviceManager: output device #26: dmix:CARD=sofhdadsp,DEV=31
2026-04-05 18:00:32.096 (D) AudioDeviceManager::AudioDeviceManager: output device #27: usbstream:CARD=sofhdadsp
2026-04-05 18:00:32.096 (D) AudioDeviceManager::AudioDeviceManager: output device #28: hw:CARD=Device,DEV=0
2026-04-05 18:00:32.096 (D) AudioDeviceManager::AudioDeviceManager: output device #29: plughw:CARD=Device,DEV=0
2026-04-05 18:00:32.096 (D) AudioDeviceManager::AudioDeviceManager: output device #30: sysdefault:CARD=Device
2026-04-05 18:00:32.096 (D) AudioDeviceManager::AudioDeviceManager: output device #31: front:CARD=Device,DEV=0
2026-04-05 18:00:32.096 (D) AudioDeviceManager::AudioDeviceManager: output device #32: surround21:CARD=Device,DEV=0
2026-04-05 18:00:32.096 (D) AudioDeviceManager::AudioDeviceManager: output device #33: surround40:CARD=Device,DEV=0
2026-04-05 18:00:32.096 (D) AudioDeviceManager::AudioDeviceManager: output device #34: surround41:CARD=Device,DEV=0
2026-04-05 18:00:32.096 (D) AudioDeviceManager::AudioDeviceManager: output device #35: surround50:CARD=Device,DEV=0
2026-04-05 18:00:32.096 (D) AudioDeviceManager::AudioDeviceManager: output device #36: surround51:CARD=Device,DEV=0
2026-04-05 18:00:32.096 (D) AudioDeviceManager::AudioDeviceManager: output device #37: surround71:CARD=Device,DEV=0
2026-04-05 18:00:32.096 (D) AudioDeviceManager::AudioDeviceManager: output device #38: iec958:CARD=Device,DEV=0
2026-04-05 18:00:32.096 (D) AudioDeviceManager::AudioDeviceManager: output device #39: dmix:CARD=Device,DEV=0
2026-04-05 18:00:32.096 (D) AudioDeviceManager::AudioDeviceManager: output device #40: usbstream:CARD=Device
2026-04-05 18:00:32.096 (D) AudioDeviceManager::AudioDeviceManager: output device #41: alsa_output.pci-0000_00_1f.3-platform-skl_hda_dsp_generic.HiFi__hw_sofhdadsp__sink
2026-04-05 18:00:32.096 (D) AudioDeviceManager::AudioDeviceManager: output device #42: alsa_output.pci-0000_00_1f.3-platform-skl_hda_dsp_generic.HiFi__hw_sofhdadsp_5__sink
2026-04-05 18:00:32.096 (D) AudioDeviceManager::AudioDeviceManager: output device #43: alsa_output.pci-0000_00_1f.3-platform-skl_hda_dsp_generic.HiFi__hw_sofhdadsp_4__sink
2026-04-05 18:00:32.096 (D) AudioDeviceManager::AudioDeviceManager: output device #44: alsa_output.pci-0000_00_1f.3-platform-skl_hda_dsp_generic.HiFi__hw_sofhdadsp_3__sink
2026-04-05 18:00:32.096 (D) AudioDeviceManager::AudioDeviceManager: output device #45: alsa_output.usb-C-Media_Electronics_Inc._USB_Audio_Device-00.iec958-stereo
2026-04-05 18:00:32.096 (D) MainWindow::MainWindow: start
2026-04-05 18:00:32.146 (D) MainWindow::MainWindow: load settings...
2026-04-05 18:00:32.146 (D) MainWindow::loadSettings
2026-04-05 18:00:32.147 (D) AudioDeviceManager::deserialize
2026-04-05 18:00:32.147 (D) AudioDeviceManager::debugAudioOutputInfos:  name:  "System default device"  sampleRate:  48000  udpAddress:  "127.0.0.1"  udpPort:  9998  copyToUDP:  false  udpUseRTP:  false  udpChannelMode:  0  udpChannelCodec:  0  decimationFactor:  1
2026-04-05 18:00:32.147 (D) AudioDeviceManager::debugAudioOutputInfos:  name:  "alsa_output.pci-0000_00_1f.3-platform-skl_hda_dsp_generic.HiFi__hw_sofhdadsp__sink"  sampleRate:  48000  udpAddress:  "127.0.0.1"  udpPort:  9998  copyToUDP:  false  udpUseRTP:  false  udpChannelMode:  0  udpChannelCodec:  0  decimationFactor:  1
2026-04-05 18:00:32.147 (D) AudioDeviceManager::debugAudioOutputInfos:  name:  "hw:CARD=Device,DEV=0"  sampleRate:  44100  udpAddress:  "127.0.0.1"  udpPort:  9998  copyToUDP:  false  udpUseRTP:  false  udpChannelMode:  0  udpChannelCodec:  0  decimationFactor:  1
2026-04-05 18:00:32.149 (D) FFTEngine::create: using FFTW engine
2026-04-05 18:00:32.149 (D) FFTWEngine::configure: no FFTW wisdom file
2026-04-05 18:00:32.247 (D) FFT: creating FFTW plan (n=128,forward) took 97 ms
2026-04-05 18:00:32.247 (D) FFTEngine::create: using FFTW engine
2026-04-05 18:00:32.247 (D) FFTWEngine::configure: no FFTW wisdom file
2026-04-05 18:00:32.470 (D) FFT: creating FFTW plan (n=256,forward) took 222 ms
2026-04-05 18:00:32.470 (D) FFTEngine::create: using FFTW engine
2026-04-05 18:00:32.470 (D) FFTWEngine::configure: no FFTW wisdom file
2026-04-05 18:00:32.860 (D) FFT: creating FFTW plan (n=512,forward) took 389 ms
2026-04-05 18:00:32.860 (D) FFTEngine::create: using FFTW engine
2026-04-05 18:00:32.860 (D) FFTWEngine::configure: no FFTW wisdom file
2026-04-05 18:00:33.478 (D) FFT: creating FFTW plan (n=1024,forward) took 618 ms
2026-04-05 18:00:33.479 (D) MainWindow::MainWindow: load plugins...
2026-04-05 18:00:33.479 (D) PluginManager::loadPluginsDir: fileName: libantennatools.so
2026-04-05 18:00:33.480 (I) PluginManager::loadPluginsDir: loaded plugin libantennatools.so
2026-04-05 18:00:33.480 (D) PluginManager::loadPluginsDir: fileName: libaprs.so
2026-04-05 18:00:33.481 (I) PluginManager::loadPluginsDir: loaded plugin libaprs.so
2026-04-05 18:00:33.481 (D) PluginManager::loadPluginsDir: fileName: libbeamsteeringcwmod.so
2026-04-05 18:00:33.482 (I) PluginManager::loadPluginsDir: loaded plugin libbeamsteeringcwmod.so
2026-04-05 18:00:33.482 (D) PluginManager::loadPluginsDir: fileName: libchanalyzer.so
2026-04-05 18:00:33.482 (I) PluginManager::loadPluginsDir: loaded plugin libchanalyzer.so
2026-04-05 18:00:33.482 (D) PluginManager::loadPluginsDir: fileName: libchannelpower.so
2026-04-05 18:00:33.483 (I) PluginManager::loadPluginsDir: loaded plugin libchannelpower.so
2026-04-05 18:00:33.483 (D) PluginManager::loadPluginsDir: fileName: libdemodadsb.so
2026-04-05 18:00:33.487 (I) PluginManager::loadPluginsDir: loaded plugin libdemodadsb.so
2026-04-05 18:00:33.487 (D) PluginManager::loadPluginsDir: fileName: libdemodais.so
2026-04-05 18:00:33.487 (I) PluginManager::loadPluginsDir: loaded plugin libdemodais.so
2026-04-05 18:00:33.487 (D) PluginManager::loadPluginsDir: fileName: libdemodam.so
2026-04-05 18:00:33.488 (I) PluginManager::loadPluginsDir: loaded plugin libdemodam.so
2026-04-05 18:00:33.488 (D) PluginManager::loadPluginsDir: fileName: libdemodapt.so
2026-04-05 18:00:33.488 (I) PluginManager::loadPluginsDir: loaded plugin libdemodapt.so
2026-04-05 18:00:33.488 (D) PluginManager::loadPluginsDir: fileName: libdemodatv.so
2026-04-05 18:00:33.488 (I) PluginManager::loadPluginsDir: loaded plugin libdemodatv.so
2026-04-05 18:00:33.488 (D) PluginManager::loadPluginsDir: fileName: libdemodbfm.so
2026-04-05 18:00:33.489 (I) PluginManager::loadPluginsDir: loaded plugin libdemodbfm.so
2026-04-05 18:00:33.489 (D) PluginManager::loadPluginsDir: fileName: libdemodchirpchat.so
2026-04-05 18:00:33.489 (I) PluginManager::loadPluginsDir: loaded plugin libdemodchirpchat.so
2026-04-05 18:00:33.489 (D) PluginManager::loadPluginsDir: fileName: libdemoddab.so
2026-04-05 18:00:33.490 (I) PluginManager::loadPluginsDir: loaded plugin libdemoddab.so
2026-04-05 18:00:33.490 (D) PluginManager::loadPluginsDir: fileName: libdemoddatv.so
2026-04-05 18:00:33.502 (I) PluginManager::loadPluginsDir: loaded plugin libdemoddatv.so
2026-04-05 18:00:33.502 (D) PluginManager::loadPluginsDir: fileName: libdemoddsc.so
2026-04-05 18:00:33.503 (I) PluginManager::loadPluginsDir: loaded plugin libdemoddsc.so
2026-04-05 18:00:33.503 (D) PluginManager::loadPluginsDir: fileName: libdemoddsd.so
2026-04-05 18:00:33.503 (W) PluginManager::loadPluginsDir: Cannot load library /usr/lib/sdrangel/plugins/libdemoddsd.so: (libmbe.so.1: no se puede abrir el archivo del objeto compartido: No existe el archivo o el directorio)
2026-04-05 18:00:33.503 (D) PluginManager::loadPluginsDir: fileName: libdemodendoftrain.so
2026-04-05 18:00:33.503 (I) PluginManager::loadPluginsDir: loaded plugin libdemodendoftrain.so
2026-04-05 18:00:33.503 (D) PluginManager::loadPluginsDir: fileName: libdemodfreedv.so
2026-04-05 18:00:33.504 (I) PluginManager::loadPluginsDir: loaded plugin libdemodfreedv.so
2026-04-05 18:00:33.504 (D) PluginManager::loadPluginsDir: fileName: libdemodft8.so
2026-04-05 18:00:33.504 (I) PluginManager::loadPluginsDir: loaded plugin libdemodft8.so
2026-04-05 18:00:33.504 (D) PluginManager::loadPluginsDir: fileName: libdemodils.so
2026-04-05 18:00:33.504 (I) PluginManager::loadPluginsDir: loaded plugin libdemodils.so
2026-04-05 18:00:33.504 (D) PluginManager::loadPluginsDir: fileName: libdemodm17.so
2026-04-05 18:00:33.505 (I) PluginManager::loadPluginsDir: loaded plugin libdemodm17.so
2026-04-05 18:00:33.505 (D) PluginManager::loadPluginsDir: fileName: libdemodnavtex.so
2026-04-05 18:00:33.505 (I) PluginManager::loadPluginsDir: loaded plugin libdemodnavtex.so
2026-04-05 18:00:33.505 (D) PluginManager::loadPluginsDir: fileName: libdemodnfm.so
2026-04-05 18:00:33.505 (I) PluginManager::loadPluginsDir: loaded plugin libdemodnfm.so
2026-04-05 18:00:33.506 (D) PluginManager::loadPluginsDir: fileName: libdemodpacket.so
2026-04-05 18:00:33.506 (I) PluginManager::loadPluginsDir: loaded plugin libdemodpacket.so
2026-04-05 18:00:33.506 (D) PluginManager::loadPluginsDir: fileName: libdemodpager.so
2026-04-05 18:00:33.506 (I) PluginManager::loadPluginsDir: loaded plugin libdemodpager.so
2026-04-05 18:00:33.506 (D) PluginManager::loadPluginsDir: fileName: libdemodradiosonde.so
2026-04-05 18:00:33.506 (I) PluginManager::loadPluginsDir: loaded plugin libdemodradiosonde.so
2026-04-05 18:00:33.506 (D) PluginManager::loadPluginsDir: fileName: libdemodrtty.so
2026-04-05 18:00:33.507 (I) PluginManager::loadPluginsDir: loaded plugin libdemodrtty.so
2026-04-05 18:00:33.507 (D) PluginManager::loadPluginsDir: fileName: libdemodssb.so
2026-04-05 18:00:33.507 (I) PluginManager::loadPluginsDir: loaded plugin libdemodssb.so
2026-04-05 18:00:33.507 (D) PluginManager::loadPluginsDir: fileName: libdemodvor.so
2026-04-05 18:00:33.507 (I) PluginManager::loadPluginsDir: loaded plugin libdemodvor.so
2026-04-05 18:00:33.507 (D) PluginManager::loadPluginsDir: fileName: libdemodwfm.so
2026-04-05 18:00:33.507 (I) PluginManager::loadPluginsDir: loaded plugin libdemodwfm.so
2026-04-05 18:00:33.507 (D) PluginManager::loadPluginsDir: fileName: libdoa2.so
2026-04-05 18:00:33.508 (I) PluginManager::loadPluginsDir: loaded plugin libdoa2.so
2026-04-05 18:00:33.508 (D) PluginManager::loadPluginsDir: fileName: libfeatureafc.so
2026-04-05 18:00:33.508 (I) PluginManager::loadPluginsDir: loaded plugin libfeatureafc.so
2026-04-05 18:00:33.508 (D) PluginManager::loadPluginsDir: fileName: libfeatureais.so
2026-04-05 18:00:33.508 (I) PluginManager::loadPluginsDir: loaded plugin libfeatureais.so
2026-04-05 18:00:33.508 (D) PluginManager::loadPluginsDir: fileName: libfeatureambe.so
2026-04-05 18:00:33.509 (I) PluginManager::loadPluginsDir: loaded plugin libfeatureambe.so
2026-04-05 18:00:33.509 (D) PluginManager::loadPluginsDir: fileName: libfeaturedemodanalyzer.so
2026-04-05 18:00:33.509 (I) PluginManager::loadPluginsDir: loaded plugin libfeaturedemodanalyzer.so
2026-04-05 18:00:33.509 (D) PluginManager::loadPluginsDir: fileName: libfeaturegs232controller.so
2026-04-05 18:00:33.509 (I) PluginManager::loadPluginsDir: loaded plugin libfeaturegs232controller.so
2026-04-05 18:00:33.509 (D) PluginManager::loadPluginsDir: fileName: libfeaturelimerfe.so
2026-04-05 18:00:33.510 (I) PluginManager::loadPluginsDir: loaded plugin libfeaturelimerfe.so
2026-04-05 18:00:33.510 (D) PluginManager::loadPluginsDir: fileName: libfeaturemorsedecoder.so
2026-04-05 18:00:33.510 (I) PluginManager::loadPluginsDir: loaded plugin libfeaturemorsedecoder.so
2026-04-05 18:00:33.510 (D) PluginManager::loadPluginsDir: fileName: libfeaturepertester.so
2026-04-05 18:00:33.510 (I) PluginManager::loadPluginsDir: loaded plugin libfeaturepertester.so
2026-04-05 18:00:33.511 (D) PluginManager::loadPluginsDir: fileName: libfeatureradiosonde.so
2026-04-05 18:00:33.511 (I) PluginManager::loadPluginsDir: loaded plugin libfeatureradiosonde.so
2026-04-05 18:00:33.511 (D) PluginManager::loadPluginsDir: fileName: libfeatureremotecontrol.so
2026-04-05 18:00:33.511 (I) PluginManager::loadPluginsDir: loaded plugin libfeatureremotecontrol.so
2026-04-05 18:00:33.511 (D) PluginManager::loadPluginsDir: fileName: libfeaturerigctlserver.so
2026-04-05 18:00:33.511 (I) PluginManager::loadPluginsDir: loaded plugin libfeaturerigctlserver.so
2026-04-05 18:00:33.511 (D) PluginManager::loadPluginsDir: fileName: libfeaturesatellitetracker.so
2026-04-05 18:00:33.512 (I) PluginManager::loadPluginsDir: loaded plugin libfeaturesatellitetracker.so
2026-04-05 18:00:33.512 (D) PluginManager::loadPluginsDir: fileName: libfeaturesid.so
2026-04-05 18:00:33.512 (I) PluginManager::loadPluginsDir: loaded plugin libfeaturesid.so
2026-04-05 18:00:33.512 (D) PluginManager::loadPluginsDir: fileName: libfeaturesimpleptt.so
2026-04-05 18:00:33.512 (I) PluginManager::loadPluginsDir: loaded plugin libfeaturesimpleptt.so
2026-04-05 18:00:33.512 (D) PluginManager::loadPluginsDir: fileName: libfeatureskymap.so
2026-04-05 18:00:33.519 (I) PluginManager::loadPluginsDir: loaded plugin libfeatureskymap.so
2026-04-05 18:00:33.519 (D) PluginManager::loadPluginsDir: fileName: libfeaturestartracker.so
2026-04-05 18:00:33.520 (I) PluginManager::loadPluginsDir: loaded plugin libfeaturestartracker.so
2026-04-05 18:00:33.520 (D) PluginManager::loadPluginsDir: fileName: libfilesink.so
2026-04-05 18:00:33.520 (I) PluginManager::loadPluginsDir: loaded plugin libfilesink.so
2026-04-05 18:00:33.520 (D) PluginManager::loadPluginsDir: fileName: libfilesource.so
2026-04-05 18:00:33.520 (I) PluginManager::loadPluginsDir: loaded plugin libfilesource.so
2026-04-05 18:00:33.520 (D) PluginManager::loadPluginsDir: fileName: libfreqscanner.so
2026-04-05 18:00:33.521 (I) PluginManager::loadPluginsDir: loaded plugin libfreqscanner.so
2026-04-05 18:00:33.521 (D) PluginManager::loadPluginsDir: fileName: libfreqtracker.so
2026-04-05 18:00:33.521 (I) PluginManager::loadPluginsDir: loaded plugin libfreqtracker.so
2026-04-05 18:00:33.521 (D) PluginManager::loadPluginsDir: fileName: libheatmap.so
2026-04-05 18:00:33.521 (I) PluginManager::loadPluginsDir: loaded plugin libheatmap.so
2026-04-05 18:00:33.521 (D) PluginManager::loadPluginsDir: fileName: libinputaaroniartsa.so
2026-04-05 18:00:33.522 (I) PluginManager::loadPluginsDir: loaded plugin libinputaaroniartsa.so
2026-04-05 18:00:33.522 (D) PluginManager::loadPluginsDir: fileName: libinputairspy.so
2026-04-05 18:00:33.522 (I) PluginManager::loadPluginsDir: loaded plugin libinputairspy.so
2026-04-05 18:00:33.522 (D) PluginManager::loadPluginsDir: fileName: libinputairspyhf.so
2026-04-05 18:00:33.522 (I) PluginManager::loadPluginsDir: loaded plugin libinputairspyhf.so
2026-04-05 18:00:33.522 (D) PluginManager::loadPluginsDir: fileName: libinputaudio.so
2026-04-05 18:00:33.523 (I) PluginManager::loadPluginsDir: loaded plugin libinputaudio.so
2026-04-05 18:00:33.523 (D) PluginManager::loadPluginsDir: fileName: libinputbladerf1.so
2026-04-05 18:00:33.523 (I) PluginManager::loadPluginsDir: loaded plugin libinputbladerf1.so
2026-04-05 18:00:33.523 (D) PluginManager::loadPluginsDir: fileName: libinputbladerf2.so
2026-04-05 18:00:33.523 (I) PluginManager::loadPluginsDir: loaded plugin libinputbladerf2.so
2026-04-05 18:00:33.523 (D) PluginManager::loadPluginsDir: fileName: libinputfcdpro.so
2026-04-05 18:00:33.524 (I) PluginManager::loadPluginsDir: loaded plugin libinputfcdpro.so
2026-04-05 18:00:33.524 (D) PluginManager::loadPluginsDir: fileName: libinputfcdproplus.so
2026-04-05 18:00:33.524 (I) PluginManager::loadPluginsDir: loaded plugin libinputfcdproplus.so
2026-04-05 18:00:33.524 (D) PluginManager::loadPluginsDir: fileName: libinputfileinput.so
2026-04-05 18:00:33.524 (I) PluginManager::loadPluginsDir: loaded plugin libinputfileinput.so
2026-04-05 18:00:33.524 (D) PluginManager::loadPluginsDir: fileName: libinputhackrf.so
2026-04-05 18:00:33.525 (I) PluginManager::loadPluginsDir: loaded plugin libinputhackrf.so
2026-04-05 18:00:33.525 (D) PluginManager::loadPluginsDir: fileName: libinputkiwisdr.so
2026-04-05 18:00:33.525 (I) PluginManager::loadPluginsDir: loaded plugin libinputkiwisdr.so
2026-04-05 18:00:33.525 (D) PluginManager::loadPluginsDir: fileName: libinputlimesdr.so
2026-04-05 18:00:33.525 (I) PluginManager::loadPluginsDir: loaded plugin libinputlimesdr.so
2026-04-05 18:00:33.525 (D) PluginManager::loadPluginsDir: fileName: libinputlocal.so
2026-04-05 18:00:33.526 (I) PluginManager::loadPluginsDir: loaded plugin libinputlocal.so
2026-04-05 18:00:33.526 (D) PluginManager::loadPluginsDir: fileName: libinputperseus.so
2026-04-05 18:00:33.526 (I) PluginManager::loadPluginsDir: loaded plugin libinputperseus.so
2026-04-05 18:00:33.526 (D) PluginManager::loadPluginsDir: fileName: libinputplutosdr.so
2026-04-05 18:00:33.527 (I) PluginManager::loadPluginsDir: loaded plugin libinputplutosdr.so
2026-04-05 18:00:33.527 (D) PluginManager::loadPluginsDir: fileName: libinputremote.so
2026-04-05 18:00:33.527 (I) PluginManager::loadPluginsDir: loaded plugin libinputremote.so
2026-04-05 18:00:33.527 (D) PluginManager::loadPluginsDir: fileName: libinputrtlsdr.so
2026-04-05 18:00:33.527 (I) PluginManager::loadPluginsDir: loaded plugin libinputrtlsdr.so
2026-04-05 18:00:33.527 (D) PluginManager::loadPluginsDir: fileName: libinputsdrplay.so
2026-04-05 18:00:33.528 (I) PluginManager::loadPluginsDir: loaded plugin libinputsdrplay.so
2026-04-05 18:00:33.528 (D) PluginManager::loadPluginsDir: fileName: libinputsdrplayv3.so
2026-04-05 18:00:33.528 (W) PluginManager::loadPluginsDir: Cannot load library /usr/lib/sdrangel/plugins/libinputsdrplayv3.so: (libsdrplay_api.so.3: no se puede abrir el archivo del objeto compartido: No existe el archivo o el directorio)
2026-04-05 18:00:33.528 (D) PluginManager::loadPluginsDir: fileName: libinputsigmffileinput.so
2026-04-05 18:00:33.528 (I) PluginManager::loadPluginsDir: loaded plugin libinputsigmffileinput.so
2026-04-05 18:00:33.528 (I) PluginManager::loadPluginsDir: Soapy SDR disabled skipping libinputsoapysdr.so
2026-04-05 18:00:33.528 (D) PluginManager::loadPluginsDir: fileName: libinputtcpremote.so
2026-04-05 18:00:33.529 (I) PluginManager::loadPluginsDir: loaded plugin libinputtcpremote.so
2026-04-05 18:00:33.529 (D) PluginManager::loadPluginsDir: fileName: libinputtestsource.so
2026-04-05 18:00:33.529 (I) PluginManager::loadPluginsDir: loaded plugin libinputtestsource.so
2026-04-05 18:00:33.529 (D) PluginManager::loadPluginsDir: fileName: libinputusrp.so
2026-04-05 18:00:33.533 (I) PluginManager::loadPluginsDir: loaded plugin libinputusrp.so
2026-04-05 18:00:33.533 (D) PluginManager::loadPluginsDir: fileName: libinterferometer.so
2026-04-05 18:00:33.533 (I) PluginManager::loadPluginsDir: loaded plugin libinterferometer.so
2026-04-05 18:00:33.533 (D) PluginManager::loadPluginsDir: fileName: libjogdialcontroller.so
2026-04-05 18:00:33.534 (I) PluginManager::loadPluginsDir: loaded plugin libjogdialcontroller.so
2026-04-05 18:00:33.534 (D) PluginManager::loadPluginsDir: fileName: liblocalsink.so
2026-04-05 18:00:33.534 (I) PluginManager::loadPluginsDir: loaded plugin liblocalsink.so
2026-04-05 18:00:33.534 (D) PluginManager::loadPluginsDir: fileName: liblocalsource.so
2026-04-05 18:00:33.534 (I) PluginManager::loadPluginsDir: loaded plugin liblocalsource.so
2026-04-05 18:00:33.534 (D) PluginManager::loadPluginsDir: fileName: libmap.so
2026-04-05 18:00:33.536 (I) PluginManager::loadPluginsDir: loaded plugin libmap.so
2026-04-05 18:00:33.536 (D) PluginManager::loadPluginsDir: fileName: libmimoaudiocatsiso.so
2026-04-05 18:00:33.538 (I) PluginManager::loadPluginsDir: loaded plugin libmimoaudiocatsiso.so
2026-04-05 18:00:33.538 (D) PluginManager::loadPluginsDir: fileName: libmimobladerf2.so
2026-04-05 18:00:33.538 (I) PluginManager::loadPluginsDir: loaded plugin libmimobladerf2.so
2026-04-05 18:00:33.538 (D) PluginManager::loadPluginsDir: fileName: libmimolimesdr.so
2026-04-05 18:00:33.539 (I) PluginManager::loadPluginsDir: loaded plugin libmimolimesdr.so
2026-04-05 18:00:33.539 (D) PluginManager::loadPluginsDir: fileName: libmimometismiso.so
2026-04-05 18:00:33.539 (I) PluginManager::loadPluginsDir: loaded plugin libmimometismiso.so
2026-04-05 18:00:33.539 (D) PluginManager::loadPluginsDir: fileName: libmimoplutosdr.so
2026-04-05 18:00:33.539 (I) PluginManager::loadPluginsDir: loaded plugin libmimoplutosdr.so
2026-04-05 18:00:33.539 (D) PluginManager::loadPluginsDir: fileName: libmimotestmi.so
2026-04-05 18:00:33.540 (I) PluginManager::loadPluginsDir: loaded plugin libmimotestmi.so
2026-04-05 18:00:33.540 (D) PluginManager::loadPluginsDir: fileName: libmodais.so
2026-04-05 18:00:33.540 (I) PluginManager::loadPluginsDir: loaded plugin libmodais.so
2026-04-05 18:00:33.540 (D) PluginManager::loadPluginsDir: fileName: libmodam.so
2026-04-05 18:00:33.540 (I) PluginManager::loadPluginsDir: loaded plugin libmodam.so
2026-04-05 18:00:33.540 (D) PluginManager::loadPluginsDir: fileName: libmodatv.so
2026-04-05 18:00:33.582 (I) PluginManager::loadPluginsDir: loaded plugin libmodatv.so
2026-04-05 18:00:33.582 (D) PluginManager::loadPluginsDir: fileName: libmodchirpchat.so
2026-04-05 18:00:33.583 (I) PluginManager::loadPluginsDir: loaded plugin libmodchirpchat.so
2026-04-05 18:00:33.583 (D) PluginManager::loadPluginsDir: fileName: libmoddatv.so
2026-04-05 18:00:33.584 (I) PluginManager::loadPluginsDir: loaded plugin libmoddatv.so
2026-04-05 18:00:33.584 (D) PluginManager::loadPluginsDir: fileName: libmodfreedv.so
2026-04-05 18:00:33.584 (I) PluginManager::loadPluginsDir: loaded plugin libmodfreedv.so
2026-04-05 18:00:33.584 (D) PluginManager::loadPluginsDir: fileName: libmodieee_802_15_4.so
2026-04-05 18:00:33.584 (I) PluginManager::loadPluginsDir: loaded plugin libmodieee_802_15_4.so
2026-04-05 18:00:33.584 (D) PluginManager::loadPluginsDir: fileName: libmodm17.so
2026-04-05 18:00:33.585 (I) PluginManager::loadPluginsDir: loaded plugin libmodm17.so
2026-04-05 18:00:33.585 (D) PluginManager::loadPluginsDir: fileName: libmodnfm.so
2026-04-05 18:00:33.585 (I) PluginManager::loadPluginsDir: loaded plugin libmodnfm.so
2026-04-05 18:00:33.585 (D) PluginManager::loadPluginsDir: fileName: libmodpacket.so
2026-04-05 18:00:33.585 (I) PluginManager::loadPluginsDir: loaded plugin libmodpacket.so
2026-04-05 18:00:33.585 (D) PluginManager::loadPluginsDir: fileName: libmodpsk31.so
2026-04-05 18:00:33.586 (I) PluginManager::loadPluginsDir: loaded plugin libmodpsk31.so
2026-04-05 18:00:33.586 (D) PluginManager::loadPluginsDir: fileName: libmodrtty.so
2026-04-05 18:00:33.586 (I) PluginManager::loadPluginsDir: loaded plugin libmodrtty.so
2026-04-05 18:00:33.586 (D) PluginManager::loadPluginsDir: fileName: libmodssb.so
2026-04-05 18:00:33.587 (I) PluginManager::loadPluginsDir: loaded plugin libmodssb.so
2026-04-05 18:00:33.587 (D) PluginManager::loadPluginsDir: fileName: libmodwfm.so
2026-04-05 18:00:33.587 (I) PluginManager::loadPluginsDir: loaded plugin libmodwfm.so
2026-04-05 18:00:33.587 (D) PluginManager::loadPluginsDir: fileName: libnoisefigure.so
2026-04-05 18:00:33.587 (I) PluginManager::loadPluginsDir: loaded plugin libnoisefigure.so
2026-04-05 18:00:33.587 (D) PluginManager::loadPluginsDir: fileName: liboutputaaroniartsa.so
2026-04-05 18:00:33.587 (I) PluginManager::loadPluginsDir: loaded plugin liboutputaaroniartsa.so
2026-04-05 18:00:33.587 (D) PluginManager::loadPluginsDir: fileName: liboutputaudio.so
2026-04-05 18:00:33.588 (I) PluginManager::loadPluginsDir: loaded plugin liboutputaudio.so
2026-04-05 18:00:33.588 (D) PluginManager::loadPluginsDir: fileName: liboutputbladerf1.so
2026-04-05 18:00:33.588 (I) PluginManager::loadPluginsDir: loaded plugin liboutputbladerf1.so
2026-04-05 18:00:33.588 (D) PluginManager::loadPluginsDir: fileName: liboutputbladerf2.so
2026-04-05 18:00:33.588 (I) PluginManager::loadPluginsDir: loaded plugin liboutputbladerf2.so
2026-04-05 18:00:33.588 (D) PluginManager::loadPluginsDir: fileName: liboutputfileoutput.so
2026-04-05 18:00:33.589 (I) PluginManager::loadPluginsDir: loaded plugin liboutputfileoutput.so
2026-04-05 18:00:33.589 (D) PluginManager::loadPluginsDir: fileName: liboutputhackrf.so
2026-04-05 18:00:33.589 (I) PluginManager::loadPluginsDir: loaded plugin liboutputhackrf.so
2026-04-05 18:00:33.589 (D) PluginManager::loadPluginsDir: fileName: liboutputlimesdr.so
2026-04-05 18:00:33.589 (I) PluginManager::loadPluginsDir: loaded plugin liboutputlimesdr.so
2026-04-05 18:00:33.589 (D) PluginManager::loadPluginsDir: fileName: liboutputlocal.so
2026-04-05 18:00:33.590 (I) PluginManager::loadPluginsDir: loaded plugin liboutputlocal.so
2026-04-05 18:00:33.590 (D) PluginManager::loadPluginsDir: fileName: liboutputplutosdr.so
2026-04-05 18:00:33.590 (I) PluginManager::loadPluginsDir: loaded plugin liboutputplutosdr.so
2026-04-05 18:00:33.590 (D) PluginManager::loadPluginsDir: fileName: liboutputremote.so
2026-04-05 18:00:33.590 (I) PluginManager::loadPluginsDir: loaded plugin liboutputremote.so
2026-04-05 18:00:33.590 (I) PluginManager::loadPluginsDir: Soapy SDR disabled skipping liboutputsoapysdr.so
2026-04-05 18:00:33.590 (D) PluginManager::loadPluginsDir: fileName: liboutputtestmosync.so
2026-04-05 18:00:33.591 (I) PluginManager::loadPluginsDir: loaded plugin liboutputtestmosync.so
2026-04-05 18:00:33.591 (D) PluginManager::loadPluginsDir: fileName: liboutputtestsink.so
2026-04-05 18:00:33.591 (I) PluginManager::loadPluginsDir: loaded plugin liboutputtestsink.so
2026-04-05 18:00:33.591 (D) PluginManager::loadPluginsDir: fileName: liboutputusrp.so
2026-04-05 18:00:33.591 (I) PluginManager::loadPluginsDir: loaded plugin liboutputusrp.so
2026-04-05 18:00:33.591 (D) PluginManager::loadPluginsDir: fileName: libradioastronomy.so
2026-04-05 18:00:33.592 (I) PluginManager::loadPluginsDir: loaded plugin libradioastronomy.so
2026-04-05 18:00:33.592 (D) PluginManager::loadPluginsDir: fileName: libradioclock.so
2026-04-05 18:00:33.592 (I) PluginManager::loadPluginsDir: loaded plugin libradioclock.so
2026-04-05 18:00:33.592 (D) PluginManager::loadPluginsDir: fileName: libremotesink.so
2026-04-05 18:00:33.592 (I) PluginManager::loadPluginsDir: loaded plugin libremotesink.so
2026-04-05 18:00:33.592 (D) PluginManager::loadPluginsDir: fileName: libremotesource.so
2026-04-05 18:00:33.592 (I) PluginManager::loadPluginsDir: loaded plugin libremotesource.so
2026-04-05 18:00:33.593 (D) PluginManager::loadPluginsDir: fileName: libremotetcpsink.so
2026-04-05 18:00:33.593 (I) PluginManager::loadPluginsDir: loaded plugin libremotetcpsink.so
2026-04-05 18:00:33.593 (D) PluginManager::loadPluginsDir: fileName: libsigmffilesink.so
2026-04-05 18:00:33.593 (I) PluginManager::loadPluginsDir: loaded plugin libsigmffilesink.so
2026-04-05 18:00:33.593 (D) PluginManager::loadPluginsDir: fileName: libudpsink.so
2026-04-05 18:00:33.593 (I) PluginManager::loadPluginsDir: loaded plugin libudpsink.so
2026-04-05 18:00:33.593 (D) PluginManager::loadPluginsDir: fileName: libudpsource.so
2026-04-05 18:00:33.594 (I) PluginManager::loadPluginsDir: loaded plugin libudpsource.so
2026-04-05 18:00:33.594 (D) PluginManager::loadPluginsDir: fileName: libvorlocalizer.so
2026-04-05 18:00:33.594 (I) PluginManager::loadPluginsDir: loaded plugin libvorlocalizer.so
2026-04-05 18:00:33.594 (D) PluginManager::loadPluginsDir: fileName: libwdsprx.so
2026-04-05 18:00:33.595 (I) PluginManager::loadPluginsDir: loaded plugin libwdsprx.so
2026-04-05 18:00:33.595 (D) PluginManager::registerTxChannel  802.15.4 Modulator  with channel name  "sdrangel.channeltx.mod802.15.4"
2026-04-05 18:00:33.595 (D) PluginManager::registerRxChannel  ADS-B Demodulator  with channel name  "sdrangel.channel.adsbdemod"
2026-04-05 18:00:33.595 (D) PluginManager::registerFeature  AFC  with channel name  "sdrangel.feature.afc"
2026-04-05 18:00:33.595 (D) PluginManager::registerFeature  AIS  with channel name  "sdrangel.feature.ais"
2026-04-05 18:00:33.595 (D) PluginManager::registerRxChannel  AIS Demodulator  with channel name  "sdrangel.channel.aisdemod"
2026-04-05 18:00:33.595 (D) PluginManager::registerTxChannel  AIS Modulator  with channel name  "sdrangel.channel.modais"
2026-04-05 18:00:33.595 (D) PluginManager::registerRxChannel  AM Demodulator  with channel name  "sdrangel.channel.amdemod"
2026-04-05 18:00:33.595 (D) PluginManager::registerTxChannel  AM Modulator  with channel name  "sdrangel.channeltx.modam"
2026-04-05 18:00:33.595 (D) PluginManager::registerFeature  AMBE Controller  with channel name  "sdrangel.feature.ambe"
2026-04-05 18:00:33.595 (D) PluginManager::registerFeature  APRS  with channel name  "sdrangel.feature.aprs"
2026-04-05 18:00:33.595 (D) PluginManager::registerRxChannel  APT Demodulator  with channel name  "sdrangel.channel.aptdemod"
2026-04-05 18:00:33.595 (D) PluginManager::registerRxChannel  ATV Demodulator  with channel name  "sdrangel.channel.demodatv"
2026-04-05 18:00:33.595 (D) PluginManager::registerTxChannel  ATV Modulator  with channel name  "sdrangel.channeltx.modatv"
2026-04-05 18:00:33.595 (D) PluginManager::registerSampleSource  AaroniaRTSA input  with source name  sdrangel.samplesource.aaroniartsasource  and hardware id  "AaroniaRTSA"
2026-04-05 18:00:33.595 (D) PluginManager::registerSampleSink  AaroniaRTSA output  with sink name  sdrangel.samplesink.aaroniartsaoutput  and hardware id  "AaroniaRTSAOutput"
2026-04-05 18:00:33.595 (D) PluginManager::registerSampleSource  Airspy Input  with source name  sdrangel.samplesource.airspy  and hardware id  "Airspy"
2026-04-05 18:00:33.595 (D) PluginManager::registerSampleSource  AirspyHF Input  with source name  sdrangel.samplesource.airspyhf  and hardware id  "AirspyHF"
2026-04-05 18:00:33.595 (D) PluginManager::registerFeature  Antenna Tools  with channel name  "sdrangel.feature.antennatools"
2026-04-05 18:00:33.595 (D) PluginManager::registerSampleMIMO  Audio CAT SISO  with MIMO name  sdrangel.samplemimo.audiocatsiso  and hardware id  "AudioCATSISO"
2026-04-05 18:00:33.595 (D) PluginManager::registerSampleSource  Audio Input  with source name  sdrangel.samplesource.audioinput  and hardware id  "AudioInput"
2026-04-05 18:00:33.595 (D) PluginManager::registerSampleSink  Audio output  with sink name  sdrangel.samplesink.audiooutput  and hardware id  "AudioOutput"
2026-04-05 18:00:33.595 (D) PluginManager::registerMIMOChannel  BeamSteeringCWMod  with channel name  "sdrangel.channel.beamsteeringcwmod"
2026-04-05 18:00:33.595 (D) PluginManager::registerSampleSource  BladeRF1 Input  with source name  sdrangel.samplesource.bladerf1input  and hardware id  "BladeRF1"
2026-04-05 18:00:33.595 (D) PluginManager::registerSampleSink  BladeRF1 Output  with sink name  sdrangel.samplesink.bladerf1output  and hardware id  "BladeRF1"
2026-04-05 18:00:33.595 (D) PluginManager::registerSampleSource  BladeRF2 Input  with source name  sdrangel.samplesource.bladerf2input  and hardware id  "BladeRF2"
2026-04-05 18:00:33.595 (D) PluginManager::registerSampleMIMO  BladeRF2 MIMO  with MIMO name  sdrangel.samplemimo.bladerf2mimo  and hardware id  "BladeRF2"
2026-04-05 18:00:33.595 (D) PluginManager::registerSampleSink  BladeRF2 Output  with sink name  sdrangel.samplesink.bladerf2output  and hardware id  "BladeRF2"
2026-04-05 18:00:33.595 (D) PluginManager::registerRxChannel  Broadcast FM Demodulator  with channel name  "sdrangel.channel.bfm"
2026-04-05 18:00:33.595 (D) PluginManager::registerRxChannel  Channel Analyzer  with channel name  "sdrangel.channel.chanalyzer"
2026-04-05 18:00:33.595 (D) PluginManager::registerRxChannel  Channel Power  with channel name  "sdrangel.channel.channelpower"
2026-04-05 18:00:33.595 (D) PluginManager::registerRxChannel  ChirpChat Demodulator  with channel name  "sdrangel.channel.chirpchatdemod"
2026-04-05 18:00:33.595 (D) PluginManager::registerTxChannel  ChirpChat Modulator  with channel name  "sdrangel.channeltx.modchirpchat"
2026-04-05 18:00:33.595 (D) PluginManager::registerRxChannel  DAB Demodulator  with channel name  "sdrangel.channel.dabdemod"
2026-04-05 18:00:33.595 (D) PluginManager::registerRxChannel  DATV Demodulator  with channel name  "sdrangel.channel.demoddatv"
2026-04-05 18:00:33.595 (D) PluginManager::registerTxChannel  DATV Modulator  with channel name  "sdrangel.channeltx.moddatv"
2026-04-05 18:00:33.595 (D) PluginManager::registerMIMOChannel  DOA 2 sources  with channel name  "sdrangel.channel.doa2"
2026-04-05 18:00:33.595 (D) PluginManager::registerRxChannel  DSC Demodulator  with channel name  "sdrangel.channel.dscdemod"
2026-04-05 18:00:33.595 (D) PluginManager::registerFeature  Demod Analyzer  with channel name  "sdrangel.feature.demodanalyzer"
2026-04-05 18:00:33.595 (D) PluginManager::registerRxChannel  End-of-Train Demodulator  with channel name  "sdrangel.channel.endoftraindemod"
2026-04-05 18:00:33.595 (D) PluginManager::registerRxChannel  FT8 Demodulator  with channel name  "sdrangel.channel.ft8demod"
2026-04-05 18:00:33.595 (D) PluginManager::registerRxChannel  File Sink  with channel name  "sdrangel.channel.filesink"
2026-04-05 18:00:33.595 (D) PluginManager::registerTxChannel  File channel source  with channel name  "sdrangel.channeltx.filesource"
2026-04-05 18:00:33.595 (D) PluginManager::registerSampleSource  File device input  with source name  sdrangel.samplesource.fileinput  and hardware id  "FileInput"
2026-04-05 18:00:33.595 (D) PluginManager::registerSampleSource  File device input (SigMF)  with source name  sdrangel.samplesource.sigmffileinput  and hardware id  "SigMFFileInput"
2026-04-05 18:00:33.595 (D) PluginManager::registerSampleSink  File output  with sink name  sdrangel.samplesink.fileoutput  and hardware id  "FileOutput"
2026-04-05 18:00:33.595 (D) PluginManager::registerRxChannel  FreeDV Demodulator  with channel name  "sdrangel.channel.freedvdemod"
2026-04-05 18:00:33.595 (D) PluginManager::registerTxChannel  FreeDV Modulator  with channel name  "sdrangel.channeltx.freedvmod"
2026-04-05 18:00:33.595 (D) PluginManager::registerRxChannel  Frequency Scanner  with channel name  "sdrangel.channel.freqscanner"
2026-04-05 18:00:33.595 (D) PluginManager::registerRxChannel  Frequency Tracker  with channel name  "sdrangel.channel.freqtracker"
2026-04-05 18:00:33.595 (D) PluginManager::registerSampleSource  FunCube Pro Input  with source name  sdrangel.samplesource.fcdpro  and hardware id  "FCDPro"
2026-04-05 18:00:33.595 (D) PluginManager::registerSampleSource  FunCube Pro+ Input  with source name  sdrangel.samplesource.fcdproplus  and hardware id  "FCDProPlus"
2026-04-05 18:00:33.595 (D) PluginManager::registerSampleSource  HackRF Input  with source name  sdrangel.samplesource.hackrf  and hardware id  "HackRF"
2026-04-05 18:00:33.595 (D) PluginManager::registerSampleSink  HackRF Output  with sink name  sdrangel.samplesink.hackrf  and hardware id  "HackRF"
2026-04-05 18:00:33.595 (D) PluginManager::registerRxChannel  Heat Map  with channel name  "sdrangel.channel.heatmap"
2026-04-05 18:00:33.595 (D) PluginManager::registerRxChannel  ILS Demodulator  with channel name  "sdrangel.channel.ilsdemod"
2026-04-05 18:00:33.595 (D) PluginManager::registerMIMOChannel  Interferometer  with channel name  "sdrangel.channel.interferometer"
2026-04-05 18:00:33.596 (D) PluginManager::registerFeature  Jogdial Controller  with channel name  "sdrangel.feature.jogdialcontroller"
2026-04-05 18:00:33.596 (D) PluginManager::registerSampleSource  KiwiSDR input  with source name  sdrangel.samplesource.kiwisdrsource  and hardware id  "KiwiSDR"
2026-04-05 18:00:33.596 (D) PluginManager::registerFeature  LimeRFE USB Controller  with channel name  "sdrangel.feature.limerfe"
2026-04-05 18:00:33.596 (D) PluginManager::registerSampleSource  LimeSDR Input  with source name  sdrangel.samplesource.limesdr  and hardware id  "LimeSDR"
2026-04-05 18:00:33.596 (D) PluginManager::registerSampleMIMO  LimeSDR MIMO  with MIMO name  sdrangel.samplemimo.limesdrmimo  and hardware id  "LimeSDR"
2026-04-05 18:00:33.596 (D) PluginManager::registerSampleSink  LimeSDR Output  with sink name  sdrangel.samplesink.limesdr  and hardware id  "LimeSDR"
2026-04-05 18:00:33.596 (D) PluginManager::registerRxChannel  Local channel sink  with channel name  "sdrangel.channel.localsink"
2026-04-05 18:00:33.596 (D) PluginManager::registerTxChannel  Local channel source  with channel name  "sdrangel.channel.localsource"
2026-04-05 18:00:33.596 (D) PluginManager::registerSampleSource  Local device input  with source name  sdrangel.samplesource.localinput  and hardware id  "LocalInput"
2026-04-05 18:00:33.596 (D) PluginManager::registerSampleSink  Local device output  with sink name  sdrangel.samplesink.localoutput  and hardware id  "LocalOutput"
2026-04-05 18:00:33.596 (D) PluginManager::registerRxChannel  M17 Demodulator  with channel name  "sdrangel.channel.m17demod"
2026-04-05 18:00:33.596 (D) PluginManager::registerTxChannel  M17 Modulator  with channel name  "sdrangel.channeltx.modm17"
2026-04-05 18:00:33.596 (D) PluginManager::registerFeature  Map  with channel name  "sdrangel.feature.map"
2026-04-05 18:00:33.596 (D) PluginManager::registerSampleMIMO  Metis MISO  with MIMO name  sdrangel.samplemimo.metismiso  and hardware id  "MetisMISO"
2026-04-05 18:00:33.596 (D) PluginManager::registerFeature  Morse Decoder  with channel name  "sdrangel.feature.morsedecoder"
2026-04-05 18:00:33.596 (D) PluginManager::registerRxChannel  NFM Demodulator  with channel name  "sdrangel.channel.nfmdemod"
2026-04-05 18:00:33.596 (D) PluginManager::registerTxChannel  NFM Modulator  with channel name  "sdrangel.channeltx.modnfm"
2026-04-05 18:00:33.596 (D) PluginManager::registerRxChannel  Navtex Demodulator  with channel name  "sdrangel.channel.navtexdemod"
2026-04-05 18:00:33.596 (D) PluginManager::registerRxChannel  Noise Figure  with channel name  "sdrangel.channel.noisefigure"
2026-04-05 18:00:33.596 (D) PluginManager::registerTxChannel  PSK31 Modulator  with channel name  "sdrangel.channeltx.modpsk31"
2026-04-05 18:00:33.596 (D) PluginManager::registerRxChannel  Packet Demodulator  with channel name  "sdrangel.channel.packetdemod"
2026-04-05 18:00:33.596 (D) PluginManager::registerFeature  Packet Error Rate Tester  with channel name  "sdrangel.feature.pertester"
2026-04-05 18:00:33.596 (D) PluginManager::registerTxChannel  Packet Modulator  with channel name  "sdrangel.channeltx.modpacket"
2026-04-05 18:00:33.596 (D) PluginManager::registerRxChannel  Pager Demodulator  with channel name  "sdrangel.channel.pagerdemod"
2026-04-05 18:00:33.596 (D) PluginManager::registerSampleSource  Perseus Input  with source name  sdrangel.samplesource.perseus  and hardware id  "Perseus"
2026-04-05 18:00:33.596 (D) PluginManager::registerSampleSource  PlutoSDR Input  with source name  sdrangel.samplesource.plutosdr  and hardware id  "PlutoSDR"
2026-04-05 18:00:33.596 (D) PluginManager::registerSampleMIMO  PlutoSDR MIMO  with MIMO name  sdrangel.samplemimo.plutosdrmimo  and hardware id  "PlutoSDR"
2026-04-05 18:00:33.596 (D) PluginManager::registerSampleSink  PlutoSDR Output  with sink name  sdrangel.samplesink.plutosdr  and hardware id  "PlutoSDR"
2026-04-05 18:00:33.596 (D) PluginManager::registerSampleSource  RTL-SDR Input  with source name  sdrangel.samplesource.rtlsdr  and hardware id  "RTLSDR"
2026-04-05 18:00:33.596 (D) PluginManager::registerRxChannel  RTTY Demodulator  with channel name  "sdrangel.channel.rttydemod"
2026-04-05 18:00:33.596 (D) PluginManager::registerTxChannel  RTTY Modulator  with channel name  "sdrangel.channeltx.modrtty"
2026-04-05 18:00:33.596 (D) PluginManager::registerRxChannel  Radio Astronomy  with channel name  "sdrangel.channel.radioastronomy"
2026-04-05 18:00:33.596 (D) PluginManager::registerRxChannel  Radio Clock  with channel name  "sdrangel.channel.radioclock"
2026-04-05 18:00:33.596 (D) PluginManager::registerFeature  Radiosonde  with channel name  "sdrangel.feature.radiosonde"
2026-04-05 18:00:33.596 (D) PluginManager::registerRxChannel  Radiosonde Demodulator  with channel name  "sdrangel.channel.radiosondedemod"
2026-04-05 18:00:33.596 (D) PluginManager::registerFeature  Remote Control  with channel name  "sdrangel.feature.remotecontrol"
2026-04-05 18:00:33.596 (D) PluginManager::registerRxChannel  Remote TCP channel sink  with channel name  "sdrangel.channel.remotetcpsink"
2026-04-05 18:00:33.596 (D) PluginManager::registerSampleSource  Remote TCP device input  with source name  sdrangel.samplesource.remotetcpinput  and hardware id  "RemoteTCPInput"
2026-04-05 18:00:33.596 (D) PluginManager::registerRxChannel  Remote channel sink  with channel name  "sdrangel.channel.remotesink"
2026-04-05 18:00:33.596 (D) PluginManager::registerTxChannel  Remote channel source  with channel name  "sdrangel.channeltx.remotesource"
2026-04-05 18:00:33.596 (D) PluginManager::registerSampleSource  Remote device input  with source name  sdrangel.samplesource.remoteinput  and hardware id  "RemoteInput"
2026-04-05 18:00:33.596 (D) PluginManager::registerSampleSink  Remote device output  with sink name  sdrangel.samplesink.remoteoutput  and hardware id  "RemoteOutput"
2026-04-05 18:00:33.596 (D) PluginManager::registerFeature  RigCtl Server  with channel name  "sdrangel.feature.rigctlserver"
2026-04-05 18:00:33.596 (D) PluginManager::registerFeature  Rotator Controller  with channel name  "sdrangel.feature.gs232controller"
2026-04-05 18:00:33.596 (D) PluginManager::registerSampleSource  SDRPlay RSP1 Input  with source name  sdrangel.samplesource.sdrplay  and hardware id  "SDRPlay"
2026-04-05 18:00:33.596 (D) PluginManager::registerFeature  SID  with channel name  "sdrangel.feature.sid"
2026-04-05 18:00:33.596 (D) PluginManager::registerRxChannel  SSB Demodulator  with channel name  "sdrangel.channel.ssbdemod"
2026-04-05 18:00:33.596 (D) PluginManager::registerTxChannel  SSB Modulator  with channel name  "sdrangel.channeltx.modssb"
2026-04-05 18:00:33.596 (D) PluginManager::registerFeature  Satellite Tracker  with channel name  "sdrangel.feature.satellitetracker"
2026-04-05 18:00:33.596 (D) PluginManager::registerRxChannel  SigMF File Sink  with channel name  "sdrangel.channel.sigmffilesink"
2026-04-05 18:00:33.596 (D) PluginManager::registerFeature  Simple PTT  with channel name  "sdrangel.feature.simpleptt"
2026-04-05 18:00:33.596 (D) PluginManager::registerFeature  Sky Map  with channel name  "sdrangel.feature.skymap"
2026-04-05 18:00:33.596 (D) PluginManager::registerFeature  Star Tracker  with channel name  "sdrangel.feature.startracker"
2026-04-05 18:00:33.596 (D) PluginManager::registerSampleMIMO  Test Multiple Input  with MIMO name  sdrangel.samplemimo.testmi  and hardware id  "TestMI"
2026-04-05 18:00:33.596 (D) PluginManager::registerSampleSink  Test Sink Output  with sink name  sdrangel.samplesink.testsink  and hardware id  "TestSink"
2026-04-05 18:00:33.596 (D) PluginManager::registerSampleSource  Test Source input  with source name  sdrangel.samplesource.testsource  and hardware id  "TestSource"
2026-04-05 18:00:33.596 (D) PluginManager::registerSampleMIMO  Test Synchronous Multiple Output  with MIMO name  sdrangel.samplemimo.testmosync  and hardware id  "TestMOSync"
2026-04-05 18:00:33.596 (D) PluginManager::registerRxChannel  UDP Channel Sink  with channel name  "sdrangel.channel.udpsink"
2026-04-05 18:00:33.596 (D) PluginManager::registerTxChannel  UDP Channel Source  with channel name  "sdrangel.channeltx.udpsource"
2026-04-05 18:00:33.596 (D) PluginManager::registerSampleSink  URSP Output  with sink name  sdrangel.samplesink.usrp  and hardware id  "USRP"
2026-04-05 18:00:33.596 (D) PluginManager::registerSampleSource  USRP Input  with source name  sdrangel.samplesource.usrp  and hardware id  "USRP"
2026-04-05 18:00:33.596 (D) PluginManager::registerRxChannel  VOR Demodulator  with channel name  "sdrangel.channel.vordemod"
2026-04-05 18:00:33.596 (D) PluginManager::registerFeature  VOR Localizer  with channel name  "sdrangel.feature.vorlocalizer"
2026-04-05 18:00:33.596 (D) PluginManager::registerRxChannel  WDSP Receiver  with channel name  "sdrangel.channel.wdsprx"
2026-04-05 18:00:33.596 (D) PluginManager::registerRxChannel  WFM Demodulator  with channel name  "sdrangel.channel.wfmdemod"
2026-04-05 18:00:33.596 (D) PluginManager::registerTxChannel  WFM Modulator  with channel name  "sdrangel.channeltx.modwfm"
2026-04-05 18:00:33.596 (D) DeviceEnumerator::enumerateDevices: sdrangel.samplesource.aaroniartsasource
2026-04-05 18:00:33.596 (D) DeviceEnumerator::enumerateDevices: sdrangel.samplesource.airspy
2026-04-05 18:00:33.600 (D) AirspyPlugin::enumOriginDevices: enumerated 0 Airspy devices AIRSPY_ERROR_NOT_FOUND
2026-04-05 18:00:33.600 (D) AirspyPlugin::enumOriginDevices: airspy_exit: AIRSPY_SUCCESS
2026-04-05 18:00:33.600 (D) DeviceEnumerator::enumerateDevices: sdrangel.samplesource.airspyhf
2026-04-05 18:00:33.603 (D) DeviceEnumerator::enumerateDevices: sdrangel.samplesource.audioinput
2026-04-05 18:00:33.603 (D) DeviceEnumerator::enumerateDevices: sdrangel.samplesource.bladerf1input
2026-04-05 18:00:33.606 (D) DeviceEnumerator::enumerateDevices: sdrangel.samplesource.bladerf2input
2026-04-05 18:00:33.609 (D) DeviceEnumerator::enumerateDevices: sdrangel.samplesource.fileinput
2026-04-05 18:00:33.609 (D) DeviceEnumerator::enumerateDevices: sdrangel.samplesource.sigmffileinput
2026-04-05 18:00:33.609 (D) DeviceEnumerator::enumerateDevices: sdrangel.samplesource.fcdpro
2026-04-05 18:00:33.613 (D) DeviceEnumerator::enumerateDevices: sdrangel.samplesource.fcdproplus
2026-04-05 18:00:33.613 (D) DeviceEnumerator::enumerateDevices: sdrangel.samplesource.hackrf
2026-04-05 18:00:33.616 (D) DeviceEnumerator::enumerateDevices: sdrangel.samplesource.kiwisdrsource
2026-04-05 18:00:33.616 (D) DeviceEnumerator::enumerateDevices: sdrangel.samplesource.limesdr
2026-04-05 18:00:33.621 (D) DeviceLimeSDR::enumOriginDevices: Could not find any LimeSDR device
2026-04-05 18:00:33.621 (D) DeviceEnumerator::enumerateDevices: sdrangel.samplesource.localinput
2026-04-05 18:00:33.621 (D) DeviceEnumerator::enumerateDevices: sdrangel.samplesource.perseus
2026-04-05 18:00:33.624 (I) DevicePerseusScan::scan: no Perseus devices
2026-04-05 18:00:33.624 (D) DeviceEnumerator::enumerateDevices: sdrangel.samplesource.plutosdr
2026-04-05 18:00:34.650 (D) PlutoSDRScan::scan: 0: (nouveau,hp,BAT0,AC,hidpp_battery_7,coretemp,nvme,acpitz on HP) [local:]
2026-04-05 18:00:34.650 (D) DeviceEnumerator::enumerateDevices: sdrangel.samplesource.rtlsdr
2026-04-05 18:00:34.669 (D) RTLSDRPlugin::enumSampleSources: enumerated RTL-SDR device #0
2026-04-05 18:00:34.669 (D) DeviceEnumerator::enumerateDevices: sdrangel.samplesource.remotetcpinput
2026-04-05 18:00:34.669 (D) DeviceEnumerator::enumerateDevices: sdrangel.samplesource.remoteinput
2026-04-05 18:00:34.669 (D) DeviceEnumerator::enumerateDevices: sdrangel.samplesource.sdrplay
2026-04-05 18:00:34.677 (D) DeviceEnumerator::enumerateDevices: sdrangel.samplesource.testsource
2026-04-05 18:00:34.677 (D) DeviceEnumerator::enumerateDevices: sdrangel.samplesource.usrp
[INFO] [UHD] linux; GNU C++ version 13.2.0; Boost_108300; UHD_4.6.0.0+ds1-5.1ubuntu0.24.04.1
2026-04-05 18:00:35.180 (D) DeviceUSRP::enumOriginDevices: Could not find any USRP device
2026-04-05 18:00:35.180 (D) DeviceEnumerator::enumerateDevices: sdrangel.samplesink.aaroniartsaoutput
2026-04-05 18:00:35.180 (D) DeviceEnumerator::enumerateDevices: sdrangel.samplesink.audiooutput
2026-04-05 18:00:35.180 (D) DeviceEnumerator::enumerateDevices: sdrangel.samplesink.bladerf1output
2026-04-05 18:00:35.180 (D) DeviceEnumerator::enumerateDevices: sdrangel.samplesink.bladerf2output
2026-04-05 18:00:35.180 (D) DeviceEnumerator::enumerateDevices: sdrangel.samplesink.fileoutput
2026-04-05 18:00:35.180 (D) DeviceEnumerator::enumerateDevices: sdrangel.samplesink.hackrf
2026-04-05 18:00:35.180 (D) DeviceEnumerator::enumerateDevices: sdrangel.samplesink.limesdr
2026-04-05 18:00:35.184 (D) DeviceEnumerator::enumerateDevices: sdrangel.samplesink.localoutput
2026-04-05 18:00:35.184 (D) DeviceEnumerator::enumerateDevices: sdrangel.samplesink.plutosdr
2026-04-05 18:00:35.184 (D) DeviceEnumerator::enumerateDevices: sdrangel.samplesink.remoteoutput
2026-04-05 18:00:35.184 (D) DeviceEnumerator::enumerateDevices: sdrangel.samplesink.testsink
2026-04-05 18:00:35.184 (D) DeviceEnumerator::enumerateDevices: sdrangel.samplesink.usrp
2026-04-05 18:00:35.184 (D) DeviceEnumerator::enumerateDevices: sdrangel.samplemimo.audiocatsiso
2026-04-05 18:00:35.185 (D) AudioCATSISOPlugin::enumSampleMIMO: enumerated AudioCATSISO device #0
2026-04-05 18:00:35.185 (D) DeviceEnumerator::enumerateDevices: sdrangel.samplemimo.bladerf2mimo
2026-04-05 18:00:35.185 (D) DeviceEnumerator::enumerateDevices: sdrangel.samplemimo.limesdrmimo
2026-04-05 18:00:35.185 (D) DeviceEnumerator::enumerateDevices: sdrangel.samplemimo.metismiso
2026-04-05 18:00:35.185 (D) DeviceMetisScan::scan: discovery writeDatagram sent to 192.168.11.255
2026-04-05 18:00:35.185 (D) DeviceMetisScan::scan: discovery writeDatagram sent to 127.255.255.255
2026-04-05 18:00:35.185 (D) DeviceMetisScan::scan: discovery writeDatagram sent to 172.17.255.255
2026-04-05 18:00:35.186 (D) DeviceMetisScan::scan: start 0.5 second timeout loop
2026-04-05 18:00:35.711 (D) DeviceEnumerator::enumerateDevices: sdrangel.samplemimo.plutosdrmimo
2026-04-05 18:00:35.711 (D) DeviceEnumerator::enumerateDevices: sdrangel.samplemimo.testmi
2026-04-05 18:00:35.711 (D) DeviceEnumerator::enumerateDevices: sdrangel.samplemimo.testmosync
2026-04-05 18:00:35.711 (D) DeviceEnumerator::addNonDiscoverableDevices: start
2026-04-05 18:00:35.714 (D) StaticFileController: docroot=:/webapi, encoding=UTF-8, maxAge=60000
2026-04-05 18:00:35.714 (D) StaticFileController: cache timeout=60000, size=1000000
2026-04-05 18:00:35.714 (D) HttpListener: Listening on port 8091
2026-04-05 18:00:35.714 (I) WebAPIServer::start: starting web API server at http://0.0.0.0:8091
2026-04-05 18:00:35.714 (D) MainWindow::MainWindow: end
2026-04-05 18:00:35.721 (D) MainWindow::MainWindow: load current configuration...
2026-04-05 18:00:35.721 (D) LoadConfigurationFSM::clearWorkspace
2026-04-05 18:00:35.721 (D) RemoveAllWorkspacesFSM::removeDeviceSets
2026-04-05 18:00:35.721 (D) RemoveAllDeviceSetsFSM::removeNext
2026-04-05 18:00:35.721 (D) RemoveAllWorkspacesFSM::removeWorkspaces
2026-04-05 18:00:35.721 (D) RemoveAllWorkspacesFSM::removeWorkspaces done
2026-04-05 18:00:35.721 (D) LoadConfigurationFSM::createWorkspaces
2026-04-05 18:00:35.738 (D) LoadConfigurationFSM::loadDeviceSets
2026-04-05 18:00:35.738 (D) DeviceEnumerator::getBestSamplingDeviceIndex: serial matched (exact): id: sdrangel.samplesource.rtlsdr ser: 00000001
2026-04-05 18:00:35.738 (D) MainWindow::loadConfiguration: add source sdrangel.samplesource.rtlsdr in workspace 0 spectrum in 0
2026-04-05 18:00:35.738 (W) QStateMachine::addState: state has already been added to this machine
2026-04-05 18:00:35.739 (D) SpectrumVis::applySettings:  m_fftSize:  1024  m_fftWindow:  4  m_fftOverlap:  0  m_averagingIndex:  0  m_averagingMode:  0  m_refLevel:  0  m_powerRange:  100  m_fpsPeriodMs:  50  m_linear:  false  m_ssb:  false  m_usb:  true  m_wsSpectrumAddress:  "127.0.0.1"  m_wsSpectrumPort:  8887  force:  true
2026-04-05 18:00:35.739 (D) FFTFactory::getEngine: reuse engine: 0 FFT fwd size: 1024
2026-04-05 18:00:35.742 (W) libpng warning: iCCP: known incorrect sRGB profile
2026-04-05 18:00:35.742 (W) libpng warning: iCCP: too many profiles
2026-04-05 18:00:35.742 (D) GLSpectrumGUI::on_averaging_currentIndexChanged: log
2026-04-05 18:00:35.743 (D) GLSpectrumGUI::on_fftSize_currentIndexChanged: 4
2026-04-05 18:00:35.743 (D) GLSpectrumGUI::on_fps_currentIndexChanged: 50 ms
2026-04-05 18:00:35.743 (D) SpectrumVis::handleMessage: MsgConfigureSpectrumVis
2026-04-05 18:00:35.743 (D) SpectrumVis::applySettings:  m_fftSize:  1024  m_fftWindow:  4  m_fftOverlap:  0  m_averagingIndex:  0  m_averagingMode:  0  m_refLevel:  0  m_powerRange:  100  m_fpsPeriodMs:  50  m_linear:  false  m_ssb:  false  m_usb:  true  m_wsSpectrumAddress:  "127.0.0.1"  m_wsSpectrumPort:  8887  force:  false
2026-04-05 18:00:35.743 (D) GLSpectrumGUI::handleInputMessages: message: SpectrumVis::MsgConfigureSpectrumVis
2026-04-05 18:00:35.743 (D) GLSpectrumGUI::applySpectrumSettings: refLevel: 0.000000e+00 powerRange: 1.000000e+02
2026-04-05 18:00:35.743 (D) ScaleEngine::setTruncateMode: off
2026-04-05 18:00:35.743 (D) GLSpectrumGUI::handleInputMessages: message: GLSpectrumView::MsgReportCalibrationShift
2026-04-05 18:00:35.744 (D) MainSpectrumGUI::MainSpectrumGUI: 0x0
2026-04-05 18:00:35.747 (D) MainSpectrumGUI::shrinkWindow
2026-04-05 18:00:35.749 (D) DSPDeviceSourceEngine::addSink:  SpectrumVis
2026-04-05 18:00:35.749 (D) MainWindow::sampleSourceCreate: deviceSetIndex: 0 deviceIndex: 6 hardwareId: "RTLSDR" sequence: 0 id: "sdrangel.samplesource.rtlsdr" serial: "00000001" displayedName: "RTL-SDR[0] 00000001"
2026-04-05 18:00:35.749 (D) DSPDeviceSourceEngine::handleInputMessages: message: DSPAddBasebandSampleSink
Found Elonics E4000 tuner
2026-04-05 18:00:36.162 (I) RTLSDRInput::openDevice: open: Nooelec SMArt XTR v5, SN: 00000001 Tuner: E4000
2026-04-05 18:00:36.266 (D) RTLSDRInput::openDevice:  14 gains
2026-04-05 18:00:36.287 (D) DSPDeviceSourceEngine::setSource
2026-04-05 18:00:36.287 (D) DSPDeviceSourceEngine::handleInputMessages: message: DSPSetSource
2026-04-05 18:00:36.287 (D) DSPDeviceSourceEngine::gotoIdle
2026-04-05 18:00:36.287 (D) DSPDeviceSourceEngine::handleSetSource: set SMArt XTR v5 (SN 00000001)
2026-04-05 18:00:36.291 (D) SpectrumVis::handleMessage: DSPSignalNotification:  centerFrequency:  0  sampleRate:  0
2026-04-05 18:00:36.292 (D) DeviceGUI::DeviceGUI: 0x0
2026-04-05 18:00:36.299 (D) RTLSDRGui::updateFrequencyLimits: delta: 0 min: 24000 max: 2400000
2026-04-05 18:00:36.299 (D) RTLSDRGui::updateFrequencyLimits: delta: 0 min: 24000 max: 2400000
2026-04-05 18:00:36.300 (D) RTLSDRInput::applySettings: force:  true " m_centerFrequency: 435000000 m_devSampleRate: 1024000 m_lowSampleRate: 0 m_gain: 0 m_loPpmCorrection: 0 m_log2Decim: 4 m_fcPos: 2 m_dcBlock: 0 m_iqImbalance: 0 m_agc: 0 m_noModMode: 0 m_transverterMode: 0 m_iqOrder: 1 m_transverterDeltaFrequency: 0 m_rfBandwidth: 2500000 m_offsetTuning: 0 m_biasTee: 0 m_replayOffset: 0 m_replayLength: 20 m_replayStep: 5 m_replayLoop: 0 m_useReverseAPI: 0 m_reverseAPIAddress: 127.0.0.1 m_reverseAPIPort: 8888 m_reverseAPIDeviceIndex: 0"
2026-04-05 18:00:36.300 (D) DSPDeviceSourceEngine::configureCorrections
2026-04-05 18:00:36.300 (D) RTLSDRInput::applySettings: corrections: DC block: false IQ imbalance: false
2026-04-05 18:00:36.300 (D) DSPDeviceSourceEngine::handleInputMessages: message: DSPConfigureCorrection
2026-04-05 18:00:36.311 (D) DSPDeviceSourceEngine::handleInputMessages: message: DSPSignalNotification
2026-04-05 18:00:36.311 (D) DSPDeviceSourceEngine::handleInputMessages: DSPSignalNotification:  m_sampleRate:  64000  m_centerFrequency:  435000000
2026-04-05 18:00:36.311 (D) DSPDeviceSourceEngine::handleInputMessages: forward message to  SpectrumVis
2026-04-05 18:00:36.311 (D) DSPDeviceSourceEngine::handleInputMessages: DSPSignalNotification: guiMessageQueue: 0x5d5aed042768
2026-04-05 18:00:36.326 (D) GLSpectrumView::initializeGL: context:  major:  4  minor:  6  ES:  no
2026-04-05 18:00:36.331 (D) GLShaderTextured::initializeGL: m_useImmutableStorage:  true
2026-04-05 18:00:36.331 (D) GLShaderTextured::initializeGL: m_useImmutableStorage:  true
2026-04-05 18:00:36.331 (D) GLShaderTextured::initializeGL: m_useImmutableStorage:  true
2026-04-05 18:00:36.331 (D) GLShaderTextured::initializeGL: m_useImmutableStorage:  true
2026-04-05 18:00:36.332 (D) GLShaderColorMap::initializeGL: m_useImmutableStorage:  true
2026-04-05 18:00:36.332 (D) GLShaderTextured::initializeGL: m_useImmutableStorage:  true
2026-04-05 18:00:36.332 (D) GLShaderTextured::initializeGL: m_useImmutableStorage:  true
2026-04-05 18:00:36.332 (D) GLShaderSpectrogram::initializeGL: m_useImmutableStorage:  true
2026-04-05 18:00:36.334 (D) GLShaderTextured::initializeGL: m_useImmutableStorage:  true
2026-04-05 18:00:36.334 (D) GLShaderTextured::initializeGL: m_useImmutableStorage:  true
2026-04-05 18:00:36.339 (D) GLShaderSpectrogram::initGrid: requested:  512  actual:  512
2026-04-05 18:00:36.363 (D) SpectrumVis::handleMessage: DSPSignalNotification:  centerFrequency:  435000000  sampleRate:  64000
2026-04-05 18:00:36.363 (D) RTLSDRGui::handleInputMessages: message: DSPSignalNotification
2026-04-05 18:00:36.363 (D) RTLSDRGui::handleInputMessages: DSPSignalNotification: SampleRate:64000, CenterFrequency:435000000
2026-04-05 18:00:36.363 (D) GLSpectrumGUI::handleInputMessages: message: GLSpectrumView::MsgReportSampleRate
2026-04-05 18:00:36.602 (D) LoadConfigurationFSM::loadDeviceSetSettings
2026-04-05 18:00:36.609 (D) GLShaderSpectrogram::initGrid: requested:  512  actual:  512
2026-04-05 18:00:36.624 (D) DeviceUISet::loadDeviceSetSettings: preset: [default, no name]
2026-04-05 18:00:36.625 (D) SpectrumVis::handleMessage: MsgConfigureSpectrumVis
2026-04-05 18:00:36.625 (D) SpectrumVis::applySettings:  m_fftSize:  1024  m_fftWindow:  4  m_fftOverlap:  0  m_averagingIndex:  0  m_averagingMode:  0  m_refLevel:  0  m_powerRange:  100  m_fpsPeriodMs:  50  m_linear:  false  m_ssb:  false  m_usb:  true  m_wsSpectrumAddress:  "127.0.0.1"  m_wsSpectrumPort:  8887  force:  false
2026-04-05 18:00:36.625 (D) GLSpectrumGUI::handleInputMessages: message: SpectrumVis::MsgConfigureSpectrumVis
2026-04-05 18:00:36.625 (D) GLSpectrumGUI::applySpectrumSettings: refLevel: 0.000000e+00 powerRange: 1.000000e+02
2026-04-05 18:00:36.625 (D) ScaleEngine::setTruncateMode: off
2026-04-05 18:00:36.625 (D) GLSpectrumGUI::handleInputMessages: message: GLSpectrumView::MsgReportCalibrationShift
2026-04-05 18:00:36.625 (D) DeviceAPI::loadSamplingDeviceSettings: Loading Rx preset [default | no name]
2026-04-05 18:00:36.625 (D) Preset::findBestDeviceConfig: serial matched (exact): id: sdrangel.samplesource.rtlsdr ser: 00000001
2026-04-05 18:00:36.625 (D) DeviceAPI::loadSamplingDeviceSettings: source center frequency: 403000000 Hz
2026-04-05 18:00:36.625 (D) DeviceAPI::loadSamplingDeviceSettings: deserializing source sdrangel.samplesource.rtlsdr[0]: 00000001
2026-04-05 18:00:36.625 (D) RTLSDRInput::handleMessage: MsgConfigureRTLSDR
2026-04-05 18:00:36.625 (D) RTLSDRInput::applySettings: force:  true " m_centerFrequency: 435000000 m_devSampleRate: 1024000 m_lowSampleRate: 0 m_gain: 420 m_loPpmCorrection: 0 m_log2Decim: 4 m_fcPos: 2 m_dcBlock: 0 m_iqImbalance: 0 m_agc: 1 m_noModMode: 0 m_transverterMode: 0 m_iqOrder: 1 m_transverterDeltaFrequency: 0 m_rfBandwidth: 2500000 m_offsetTuning: 0 m_biasTee: 0 m_replayOffset: 0 m_replayLength: 20 m_replayStep: 5 m_replayLoop: 0 m_useReverseAPI: 0 m_reverseAPIAddress: 127.0.0.1 m_reverseAPIPort: 8888 m_reverseAPIDeviceIndex: 0"
2026-04-05 18:00:36.625 (D) DSPDeviceSourceEngine::configureCorrections
2026-04-05 18:00:36.625 (D) RTLSDRInput::applySettings: corrections: DC block: false IQ imbalance: false
2026-04-05 18:00:36.625 (D) RTLSDRInput::handleMessage: MsgConfigureRTLSDR
2026-04-05 18:00:36.625 (D) RTLSDRInput::applySettings: force:  false " m_centerFrequency: 403000000"
2026-04-05 18:00:36.625 (D) DeviceUISet::loadRxChannelSettings: Loading preset [default | no name]
2026-04-05 18:00:36.625 (D) DeviceUISet::loadRxChannelSettings: 0 channel(s) in preset
2026-04-05 18:00:36.625 (D) DSPDeviceSourceEngine::handleInputMessages: message: DSPConfigureCorrection
2026-04-05 18:00:36.625 (D) DSPDeviceSourceEngine::handleInputMessages: message: DSPSignalNotification
2026-04-05 18:00:36.625 (D) LoadConfigurationFSM::loadFeatureSets
2026-04-05 18:00:36.625 (D) FeatureUISet::loadFeatureSetSettings: Loading preset [default | no name]
2026-04-05 18:00:36.625 (D) DSPDeviceSourceEngine::handleInputMessages: DSPSignalNotification:  m_sampleRate:  64000  m_centerFrequency:  435000000
2026-04-05 18:00:36.625 (D) FeatureUISet::loadFeatureSetSettings: 1 feature(s) in preset
2026-04-05 18:00:36.625 (D) DSPDeviceSourceEngine::handleInputMessages: forward message to  SpectrumVis
2026-04-05 18:00:36.625 (D) FeatureUISet::loadFeatureSetSettings: creating new feature [sdrangel.feature.radiosonde] from config [sdrangel.feature.radiosonde]
2026-04-05 18:00:36.625 (D) DSPDeviceSourceEngine::handleInputMessages: DSPSignalNotification: guiMessageQueue: 0x5d5aed042768
2026-04-05 18:00:36.625 (D) DSPDeviceSourceEngine::handleInputMessages: message: DSPSignalNotification
2026-04-05 18:00:36.625 (D) DSPDeviceSourceEngine::handleInputMessages: DSPSignalNotification:  m_sampleRate:  64000  m_centerFrequency:  403000000
2026-04-05 18:00:36.625 (D) DSPDeviceSourceEngine::handleInputMessages: forward message to  SpectrumVis
2026-04-05 18:00:36.625 (D) DSPDeviceSourceEngine::handleInputMessages: DSPSignalNotification: guiMessageQueue: 0x5d5aed042768
2026-04-05 18:00:36.625 (D) Radiosonde::Radiosonde: webAPIAdapterInterface: 0x5d5aecb86d30
2026-04-05 18:00:36.626 (D) FeatureGUI::FeatureGUI
2026-04-05 18:00:36.630 (D) Radiosonde::handleMessage: MsgConfigureRadiosonde
2026-04-05 18:00:36.630 (D) Radiosonde::applySettings: " m_title: Radiosonde m_rgbColor: 4284874854 m_useReverseAPI: 0 m_reverseAPIAddress: 127.0.0.1 m_reverseAPIPort: 8888 m_reverseAPIFeatureSetIndex: 0 m_reverseAPIFeatureIndex: 0 m_y1: 1 m_y2: 2 m_feedEnabled: 0 m_callsign: Home m_antenna:  m_displayPosition: 0 m_mobile: 0 m_email:  m_showPredictedPaths: 0 m_workspaceIndex: -334426944"  force:  true
2026-04-05 18:00:36.630 (D) FeatureUISet::loadFeatureSetSettings: deserializing feature [sdrangel.feature.radiosonde]
2026-04-05 18:00:36.630 (D) Radiosonde::handleMessage: MsgConfigureRadiosonde
2026-04-05 18:00:36.630 (D) Radiosonde::applySettings: " m_title: Radiosonde m_rgbColor: 4284874854 m_useReverseAPI: 0 m_reverseAPIAddress: 127.0.0.1 m_reverseAPIPort: 8888 m_reverseAPIFeatureSetIndex: 0 m_reverseAPIFeatureIndex: 0 m_y1: 1 m_y2: 2 m_feedEnabled: 0 m_callsign: Home m_antenna:  m_displayPosition: 0 m_mobile: 0 m_email:  m_showPredictedPaths: 0 m_workspaceIndex: 0"  force:  true
2026-04-05 18:00:36.635 (D) Radiosonde::handleMessage: MsgConfigureRadiosonde
2026-04-05 18:00:36.635 (D) Radiosonde::applySettings: ""  force:  false
2026-04-05 18:00:36.635 (D) LoadConfigurationFSM::restoreGeometry
2026-04-05 18:00:36.635 (D) RTLSDRGui::handleInputMessages: message: RTLSDRInput::MsgConfigureRTLSDR
2026-04-05 18:00:36.635 (D) RTLSDRGui::updateFrequencyLimits: delta: 0 min: 24000 max: 2400000
2026-04-05 18:00:36.635 (D) RTLSDRGui::handleInputMessages: message: RTLSDRInput::MsgConfigureRTLSDR
2026-04-05 18:00:36.635 (D) RTLSDRGui::updateFrequencyLimits: delta: 0 min: 24000 max: 2400000
2026-04-05 18:00:36.635 (D) RTLSDRGui::handleInputMessages: message: DSPSignalNotification
2026-04-05 18:00:36.635 (D) RTLSDRGui::handleInputMessages: DSPSignalNotification: SampleRate:64000, CenterFrequency:435000000
2026-04-05 18:00:36.635 (D) GLSpectrumGUI::handleInputMessages: message: GLSpectrumView::MsgReportSampleRate
2026-04-05 18:00:36.636 (D) RTLSDRGui::handleInputMessages: message: DSPSignalNotification
2026-04-05 18:00:36.636 (D) RTLSDRGui::handleInputMessages: DSPSignalNotification: SampleRate:64000, CenterFrequency:403000000
2026-04-05 18:00:36.636 (D) GLSpectrumGUI::handleInputMessages: message: GLSpectrumView::MsgReportSampleRate
2026-04-05 18:00:36.636 (D) SpectrumVis::handleMessage: DSPSignalNotification:  centerFrequency:  435000000  sampleRate:  64000
2026-04-05 18:00:36.636 (D) SpectrumVis::handleMessage: DSPSignalNotification:  centerFrequency:  403000000  sampleRate:  64000
2026-04-05 18:00:36.730 (D) RTLSDRInput::handleMessage: MsgConfigureRTLSDR
2026-04-05 18:00:36.730 (D) RTLSDRInput::applySettings: force:  true " m_centerFrequency: 403000000 m_devSampleRate: 1024000 m_lowSampleRate: 0 m_gain: 420 m_loPpmCorrection: 0 m_log2Decim: 4 m_fcPos: 2 m_dcBlock: 0 m_iqImbalance: 0 m_agc: 1 m_noModMode: 0 m_transverterMode: 0 m_iqOrder: 1 m_transverterDeltaFrequency: 0 m_rfBandwidth: 2500000 m_offsetTuning: 0 m_biasTee: 0 m_replayOffset: 0 m_replayLength: 20 m_replayStep: 5 m_replayLoop: 0 m_useReverseAPI: 0 m_reverseAPIAddress: 127.0.0.1 m_reverseAPIPort: 8888 m_reverseAPIDeviceIndex: 0"
2026-04-05 18:00:36.730 (D) DSPDeviceSourceEngine::configureCorrections
2026-04-05 18:00:36.730 (D) RTLSDRInput::applySettings: corrections: DC block: false IQ imbalance: false
2026-04-05 18:00:36.730 (D) DSPDeviceSourceEngine::handleInputMessages: message: DSPConfigureCorrection
2026-04-05 18:00:36.730 (D) DSPDeviceSourceEngine::handleInputMessages: message: DSPSignalNotification
2026-04-05 18:00:36.730 (D) DSPDeviceSourceEngine::handleInputMessages: DSPSignalNotification:  m_sampleRate:  64000  m_centerFrequency:  403000000
2026-04-05 18:00:36.730 (D) DSPDeviceSourceEngine::handleInputMessages: forward message to  SpectrumVis
2026-04-05 18:00:36.730 (D) DSPDeviceSourceEngine::handleInputMessages: DSPSignalNotification: guiMessageQueue: 0x5d5aed042768
2026-04-05 18:00:36.730 (D) SpectrumVis::handleMessage: DSPSignalNotification:  centerFrequency:  403000000  sampleRate:  64000
2026-04-05 18:00:36.730 (D) RTLSDRGui::handleInputMessages: message: DSPSignalNotification
2026-04-05 18:00:36.730 (D) RTLSDRGui::handleInputMessages: DSPSignalNotification: SampleRate:64000, CenterFrequency:403000000
2026-04-05 18:00:36.730 (D) GLSpectrumGUI::handleInputMessages: message: GLSpectrumView::MsgReportSampleRate
2026-04-05 18:00:37.441 (D) MainWindow::closeEvent
2026-04-05 18:00:37.441 (D) MainWindow::saveConfiguration: configuration [default | no name] 1 workspaces
2026-04-05 18:00:37.441 (D) DeviceUISet::saveDeviceSetSettings: preset: [default, no name]
2026-04-05 18:00:37.441 (D) DeviceAPI::saveSamplingDeviceSettings: serializing source sdrangel.samplesource.rtlsdr[0]: 00000001
2026-04-05 18:00:37.441 (D) MainWindow::saveConfiguration: sdrangel.samplesource.rtlsdr device in workspace 0 spectrum in 0
2026-04-05 18:00:37.441 (D) FeatureUISet::saveFeatureSetSettings: saving feature [sdrangel.feature.radiosonde]
2026-04-05 18:00:37.450 (D) AudioDeviceManager::serialize
2026-04-05 18:00:37.450 (D) AudioDeviceManager::debugAudioOutputInfos:  name:  "System default device"  sampleRate:  48000  udpAddress:  "127.0.0.1"  udpPort:  9998  copyToUDP:  false  udpUseRTP:  false  udpChannelMode:  0  udpChannelCodec:  0  decimationFactor:  1
2026-04-05 18:00:37.450 (D) AudioDeviceManager::debugAudioOutputInfos:  name:  "alsa_output.pci-0000_00_1f.3-platform-skl_hda_dsp_generic.HiFi__hw_sofhdadsp__sink"  sampleRate:  48000  udpAddress:  "127.0.0.1"  udpPort:  9998  copyToUDP:  false  udpUseRTP:  false  udpChannelMode:  0  udpChannelCodec:  0  decimationFactor:  1
2026-04-05 18:00:37.450 (D) AudioDeviceManager::debugAudioOutputInfos:  name:  "hw:CARD=Device,DEV=0"  sampleRate:  44100  udpAddress:  "127.0.0.1"  udpPort:  9998  copyToUDP:  false  udpUseRTP:  false  udpChannelMode:  0  udpChannelCodec:  0  decimationFactor:  1
2026-04-05 18:00:37.453 (D) MainWindow::removeAllDeviceSets
2026-04-05 18:00:37.453 (D) RemoveAllDeviceSetsFSM::removeNext
2026-04-05 18:00:37.453 (D) MainWindow::removeDeviceSet: index: 0
2026-04-05 18:00:37.453 (D) RemoveDeviceSetFSM::stopAcquisition
2026-04-05 18:00:37.453 (D) DSPDeviceSourceEngine::stopAcquistion
2026-04-05 18:00:37.453 (D) DSPDeviceSourceEngine::handleInputMessages: message: DSPAcquisitionStop
2026-04-05 18:00:37.453 (D) DSPDeviceSourceEngine::gotoIdle
2026-04-05 18:00:37.453 (D) RemoveDeviceSetFSM::removeSink
2026-04-05 18:00:37.453 (D) DSPDeviceSourceEngine::removeSink:  SpectrumVis
2026-04-05 18:00:37.453 (D) DSPDeviceSourceEngine::handleInputMessages: message: DSPRemoveBasebandSampleSink
2026-04-05 18:00:37.453 (D) RemoveDeviceSetFSM::removeUI
2026-04-05 18:00:37.453 (D) RTLSDRGui::~RTLSDRGui
2026-04-05 18:00:37.453 (D) RTLSDRGui::~RTLSDRGui: end
2026-04-05 18:00:37.453 (D) DeviceGUI::~DeviceGUI
2026-04-05 18:00:37.453 (D) DeviceGUI::~DeviceGUI: end
2026-04-05 18:00:37.454 (D) RemoveDeviceSetFSM::stopEngine
2026-04-05 18:00:37.455 (D) MainSpectrumGUI::~MainSpectrumGUI
2026-04-05 18:00:37.455 (D) MainSpectrumGUI::~MainSpectrumGUI: end
2026-04-05 18:00:37.463 (D) RTLSDRInput::~RTLSDRInput
2026-04-05 18:00:37.482 (D) DSPDeviceSourceEngine::~DSPDeviceSourceEngine
2026-04-05 18:00:37.482 (D) FFTFactory::releaseEngine: engineSequence: 0 FFT fwd size: 1024
2026-04-05 18:00:37.482 (D) RemoveAllDeviceSetsFSM::removeNext
2026-04-05 18:00:37.482 (D) MainWindow::closeEvent
2026-04-05 18:00:37.482 (D) Radiosonde::handleMessage: MsgConfigureRadiosonde
2026-04-05 18:00:37.482 (D) Radiosonde::applySettings: ""  force:  false
2026-04-05 18:00:37.483 (D) MainWindow::~MainWindow
2026-04-05 18:00:37.483 (D) HttpListener: closed
2026-04-05 18:00:37.483 (D) HttpConnectionHandlerPool (0x5d5aecb757f0): destroyed
2026-04-05 18:00:37.483 (D) HttpListener: destroyed
2026-04-05 18:00:37.483 (I) WebAPIServer::stop: stopped web API server at http://0.0.0.0:8091
2026-04-05 18:00:37.483 (D) FeatureUISet::freeFeatures: destroying feature [sdrangel.feature.radiosonde]
2026-04-05 18:00:37.483 (D) FeatureGUI::~FeatureGUI
2026-04-05 18:00:37.483 (D) FeatureGUI::~FeatureGUI: end
2026-04-05 18:00:37.484 (D) Workspace::~Workspace
2026-04-05 18:00:37.484 (D) Workspace::~Workspace: about to delete MDI
2026-04-05 18:00:37.484 (D) Workspace::~Workspace: end
2026-04-05 18:00:37.484 (D) MainWindow::~MainWindow: end
SDRangel quit.
FFTFactory::~FFTFactory: deleting FFTs
DataPipes::stopGC
MessagePipes::stopGC
2026-04-05 18:00:43.923 (I) SDRangel 7.22.9 Qt 5.15.13 64b x86_64 Linux Mint 22.2 DSP Rx:24b Tx:16b PID 454489
2026-04-05 18:00:43.923 (I) MainSettings::MainSettings: settings file: format: 0 location: /home/ramon/.config/f4exb/SDRangel.conf
2026-04-05 18:00:43.923 (D) MessagePipes::startGC
2026-04-05 18:00:43.923 (D) DataPipes::startGC
2026-04-05 18:00:43.925 (D) MainCore::initPosition: Using position source "geoclue2"
2026-04-05 18:00:43.925 (D) AudioDeviceManager::AudioDeviceManager: scan input devices
2026-04-05 18:00:44.274 (D) AudioDeviceManager::AudioDeviceManager: input device #0: lavrate
2026-04-05 18:00:44.274 (D) AudioDeviceManager::AudioDeviceManager: input device #1: samplerate
2026-04-05 18:00:44.274 (D) AudioDeviceManager::AudioDeviceManager: input device #2: speexrate
2026-04-05 18:00:44.274 (D) AudioDeviceManager::AudioDeviceManager: input device #3: jack
2026-04-05 18:00:44.274 (D) AudioDeviceManager::AudioDeviceManager: input device #4: oss
2026-04-05 18:00:44.274 (D) AudioDeviceManager::AudioDeviceManager: input device #5: pipewire
2026-04-05 18:00:44.274 (D) AudioDeviceManager::AudioDeviceManager: input device #6: pulse
2026-04-05 18:00:44.274 (D) AudioDeviceManager::AudioDeviceManager: input device #7: speex
2026-04-05 18:00:44.274 (D) AudioDeviceManager::AudioDeviceManager: input device #8: upmix
2026-04-05 18:00:44.274 (D) AudioDeviceManager::AudioDeviceManager: input device #9: vdownmix
2026-04-05 18:00:44.274 (D) AudioDeviceManager::AudioDeviceManager: input device #10: default
2026-04-05 18:00:44.274 (D) AudioDeviceManager::AudioDeviceManager: input device #11: hw:CARD=sofhdadsp,DEV=0
2026-04-05 18:00:44.274 (D) AudioDeviceManager::AudioDeviceManager: input device #12: hw:CARD=sofhdadsp,DEV=6
2026-04-05 18:00:44.274 (D) AudioDeviceManager::AudioDeviceManager: input device #13: hw:CARD=sofhdadsp,DEV=7
2026-04-05 18:00:44.274 (D) AudioDeviceManager::AudioDeviceManager: input device #14: plughw:CARD=sofhdadsp,DEV=0
2026-04-05 18:00:44.274 (D) AudioDeviceManager::AudioDeviceManager: input device #15: plughw:CARD=sofhdadsp,DEV=6
2026-04-05 18:00:44.274 (D) AudioDeviceManager::AudioDeviceManager: input device #16: plughw:CARD=sofhdadsp,DEV=7
2026-04-05 18:00:44.274 (D) AudioDeviceManager::AudioDeviceManager: input device #17: sysdefault:CARD=sofhdadsp
2026-04-05 18:00:44.274 (D) AudioDeviceManager::AudioDeviceManager: input device #18: dsnoop:CARD=sofhdadsp,DEV=0
2026-04-05 18:00:44.274 (D) AudioDeviceManager::AudioDeviceManager: input device #19: dsnoop:CARD=sofhdadsp,DEV=6
2026-04-05 18:00:44.274 (D) AudioDeviceManager::AudioDeviceManager: input device #20: dsnoop:CARD=sofhdadsp,DEV=7
2026-04-05 18:00:44.274 (D) AudioDeviceManager::AudioDeviceManager: input device #21: usbstream:CARD=sofhdadsp
2026-04-05 18:00:44.274 (D) AudioDeviceManager::AudioDeviceManager: input device #22: hw:CARD=Device,DEV=0
2026-04-05 18:00:44.274 (D) AudioDeviceManager::AudioDeviceManager: input device #23: plughw:CARD=Device,DEV=0
2026-04-05 18:00:44.274 (D) AudioDeviceManager::AudioDeviceManager: input device #24: sysdefault:CARD=Device
2026-04-05 18:00:44.274 (D) AudioDeviceManager::AudioDeviceManager: input device #25: front:CARD=Device,DEV=0
2026-04-05 18:00:44.274 (D) AudioDeviceManager::AudioDeviceManager: input device #26: dsnoop:CARD=Device,DEV=0
2026-04-05 18:00:44.274 (D) AudioDeviceManager::AudioDeviceManager: input device #27: usbstream:CARD=Device
2026-04-05 18:00:44.274 (D) AudioDeviceManager::AudioDeviceManager: input device #28: alsa_input.pci-0000_00_1f.3-platform-skl_hda_dsp_generic.HiFi__hw_sofhdadsp_6__source
2026-04-05 18:00:44.274 (D) AudioDeviceManager::AudioDeviceManager: input device #29: alsa_output.pci-0000_00_1f.3-platform-skl_hda_dsp_generic.HiFi__hw_sofhdadsp_5__sink.monitor
2026-04-05 18:00:44.274 (D) AudioDeviceManager::AudioDeviceManager: input device #30: alsa_output.pci-0000_00_1f.3-platform-skl_hda_dsp_generic.HiFi__hw_sofhdadsp_4__sink.monitor
2026-04-05 18:00:44.275 (D) AudioDeviceManager::AudioDeviceManager: input device #31: alsa_output.pci-0000_00_1f.3-platform-skl_hda_dsp_generic.HiFi__hw_sofhdadsp_3__sink.monitor
2026-04-05 18:00:44.275 (D) AudioDeviceManager::AudioDeviceManager: input device #32: alsa_output.pci-0000_00_1f.3-platform-skl_hda_dsp_generic.HiFi__hw_sofhdadsp__sink.monitor
2026-04-05 18:00:44.275 (D) AudioDeviceManager::AudioDeviceManager: input device #33: alsa_input.pci-0000_00_1f.3-platform-skl_hda_dsp_generic.HiFi__hw_sofhdadsp__source
2026-04-05 18:00:44.275 (D) AudioDeviceManager::AudioDeviceManager: input device #34: alsa_output.usb-C-Media_Electronics_Inc._USB_Audio_Device-00.iec958-stereo.monitor
2026-04-05 18:00:44.275 (D) AudioDeviceManager::AudioDeviceManager: input device #35: alsa_input.usb-C-Media_Electronics_Inc._USB_Audio_Device-00.mono-fallback
2026-04-05 18:00:44.275 (D) AudioDeviceManager::AudioDeviceManager: scan output devices
2026-04-05 18:00:44.840 (D) AudioDeviceManager::AudioDeviceManager: output device #0: lavrate
2026-04-05 18:00:44.840 (D) AudioDeviceManager::AudioDeviceManager: output device #1: samplerate
2026-04-05 18:00:44.840 (D) AudioDeviceManager::AudioDeviceManager: output device #2: speexrate
2026-04-05 18:00:44.840 (D) AudioDeviceManager::AudioDeviceManager: output device #3: jack
2026-04-05 18:00:44.840 (D) AudioDeviceManager::AudioDeviceManager: output device #4: oss
2026-04-05 18:00:44.840 (D) AudioDeviceManager::AudioDeviceManager: output device #5: pipewire
2026-04-05 18:00:44.840 (D) AudioDeviceManager::AudioDeviceManager: output device #6: pulse
2026-04-05 18:00:44.840 (D) AudioDeviceManager::AudioDeviceManager: output device #7: speex
2026-04-05 18:00:44.840 (D) AudioDeviceManager::AudioDeviceManager: output device #8: upmix
2026-04-05 18:00:44.840 (D) AudioDeviceManager::AudioDeviceManager: output device #9: vdownmix
2026-04-05 18:00:44.840 (D) AudioDeviceManager::AudioDeviceManager: output device #10: default
2026-04-05 18:00:44.840 (D) AudioDeviceManager::AudioDeviceManager: output device #11: hw:CARD=sofhdadsp,DEV=0
2026-04-05 18:00:44.840 (D) AudioDeviceManager::AudioDeviceManager: output device #12: hw:CARD=sofhdadsp,DEV=3
2026-04-05 18:00:44.840 (D) AudioDeviceManager::AudioDeviceManager: output device #13: hw:CARD=sofhdadsp,DEV=4
2026-04-05 18:00:44.840 (D) AudioDeviceManager::AudioDeviceManager: output device #14: hw:CARD=sofhdadsp,DEV=5
2026-04-05 18:00:44.840 (D) AudioDeviceManager::AudioDeviceManager: output device #15: hw:CARD=sofhdadsp,DEV=31
2026-04-05 18:00:44.840 (D) AudioDeviceManager::AudioDeviceManager: output device #16: plughw:CARD=sofhdadsp,DEV=0
2026-04-05 18:00:44.840 (D) AudioDeviceManager::AudioDeviceManager: output device #17: plughw:CARD=sofhdadsp,DEV=3
2026-04-05 18:00:44.840 (D) AudioDeviceManager::AudioDeviceManager: output device #18: plughw:CARD=sofhdadsp,DEV=4
2026-04-05 18:00:44.840 (D) AudioDeviceManager::AudioDeviceManager: output device #19: plughw:CARD=sofhdadsp,DEV=5
2026-04-05 18:00:44.840 (D) AudioDeviceManager::AudioDeviceManager: output device #20: plughw:CARD=sofhdadsp,DEV=31
2026-04-05 18:00:44.840 (D) AudioDeviceManager::AudioDeviceManager: output device #21: sysdefault:CARD=sofhdadsp
2026-04-05 18:00:44.841 (D) AudioDeviceManager::AudioDeviceManager: output device #22: dmix:CARD=sofhdadsp,DEV=0
2026-04-05 18:00:44.841 (D) AudioDeviceManager::AudioDeviceManager: output device #23: dmix:CARD=sofhdadsp,DEV=3
2026-04-05 18:00:44.841 (D) AudioDeviceManager::AudioDeviceManager: output device #24: dmix:CARD=sofhdadsp,DEV=4
2026-04-05 18:00:44.841 (D) AudioDeviceManager::AudioDeviceManager: output device #25: dmix:CARD=sofhdadsp,DEV=5
2026-04-05 18:00:44.841 (D) AudioDeviceManager::AudioDeviceManager: output device #26: dmix:CARD=sofhdadsp,DEV=31
2026-04-05 18:00:44.841 (D) AudioDeviceManager::AudioDeviceManager: output device #27: usbstream:CARD=sofhdadsp
2026-04-05 18:00:44.841 (D) AudioDeviceManager::AudioDeviceManager: output device #28: hw:CARD=Device,DEV=0
2026-04-05 18:00:44.841 (D) AudioDeviceManager::AudioDeviceManager: output device #29: plughw:CARD=Device,DEV=0
2026-04-05 18:00:44.841 (D) AudioDeviceManager::AudioDeviceManager: output device #30: sysdefault:CARD=Device
2026-04-05 18:00:44.841 (D) AudioDeviceManager::AudioDeviceManager: output device #31: front:CARD=Device,DEV=0
2026-04-05 18:00:44.841 (D) AudioDeviceManager::AudioDeviceManager: output device #32: surround21:CARD=Device,DEV=0
2026-04-05 18:00:44.841 (D) AudioDeviceManager::AudioDeviceManager: output device #33: surround40:CARD=Device,DEV=0
2026-04-05 18:00:44.841 (D) AudioDeviceManager::AudioDeviceManager: output device #34: surround41:CARD=Device,DEV=0
2026-04-05 18:00:44.841 (D) AudioDeviceManager::AudioDeviceManager: output device #35: surround50:CARD=Device,DEV=0
2026-04-05 18:00:44.841 (D) AudioDeviceManager::AudioDeviceManager: output device #36: surround51:CARD=Device,DEV=0
2026-04-05 18:00:44.841 (D) AudioDeviceManager::AudioDeviceManager: output device #37: surround71:CARD=Device,DEV=0
2026-04-05 18:00:44.841 (D) AudioDeviceManager::AudioDeviceManager: output device #38: iec958:CARD=Device,DEV=0
2026-04-05 18:00:44.841 (D) AudioDeviceManager::AudioDeviceManager: output device #39: dmix:CARD=Device,DEV=0
2026-04-05 18:00:44.841 (D) AudioDeviceManager::AudioDeviceManager: output device #40: usbstream:CARD=Device
2026-04-05 18:00:44.841 (D) AudioDeviceManager::AudioDeviceManager: output device #41: alsa_output.pci-0000_00_1f.3-platform-skl_hda_dsp_generic.HiFi__hw_sofhdadsp__sink
2026-04-05 18:00:44.841 (D) AudioDeviceManager::AudioDeviceManager: output device #42: alsa_output.pci-0000_00_1f.3-platform-skl_hda_dsp_generic.HiFi__hw_sofhdadsp_5__sink
2026-04-05 18:00:44.841 (D) AudioDeviceManager::AudioDeviceManager: output device #43: alsa_output.pci-0000_00_1f.3-platform-skl_hda_dsp_generic.HiFi__hw_sofhdadsp_4__sink
2026-04-05 18:00:44.841 (D) AudioDeviceManager::AudioDeviceManager: output device #44: alsa_output.pci-0000_00_1f.3-platform-skl_hda_dsp_generic.HiFi__hw_sofhdadsp_3__sink
2026-04-05 18:00:44.841 (D) AudioDeviceManager::AudioDeviceManager: output device #45: alsa_output.usb-C-Media_Electronics_Inc._USB_Audio_Device-00.iec958-stereo
2026-04-05 18:00:44.841 (D) MainWindow::MainWindow: start
2026-04-05 18:00:44.884 (D) MainWindow::MainWindow: load settings...
2026-04-05 18:00:44.884 (D) MainWindow::loadSettings
2026-04-05 18:00:44.884 (D) AudioDeviceManager::deserialize
2026-04-05 18:00:44.884 (D) AudioDeviceManager::debugAudioOutputInfos:  name:  "System default device"  sampleRate:  48000  udpAddress:  "127.0.0.1"  udpPort:  9998  copyToUDP:  false  udpUseRTP:  false  udpChannelMode:  0  udpChannelCodec:  0  decimationFactor:  1
2026-04-05 18:00:44.884 (D) AudioDeviceManager::debugAudioOutputInfos:  name:  "alsa_output.pci-0000_00_1f.3-platform-skl_hda_dsp_generic.HiFi__hw_sofhdadsp__sink"  sampleRate:  48000  udpAddress:  "127.0.0.1"  udpPort:  9998  copyToUDP:  false  udpUseRTP:  false  udpChannelMode:  0  udpChannelCodec:  0  decimationFactor:  1
2026-04-05 18:00:44.885 (D) AudioDeviceManager::debugAudioOutputInfos:  name:  "hw:CARD=Device,DEV=0"  sampleRate:  44100  udpAddress:  "127.0.0.1"  udpPort:  9998  copyToUDP:  false  udpUseRTP:  false  udpChannelMode:  0  udpChannelCodec:  0  decimationFactor:  1
2026-04-05 18:00:44.885 (D) FFTEngine::create: using FFTW engine
2026-04-05 18:00:44.886 (D) FFTWEngine::configure: no FFTW wisdom file
2026-04-05 18:00:44.986 (D) FFT: creating FFTW plan (n=128,forward) took 100 ms
2026-04-05 18:00:44.986 (D) FFTEngine::create: using FFTW engine
2026-04-05 18:00:44.986 (D) FFTWEngine::configure: no FFTW wisdom file
2026-04-05 18:00:45.207 (D) FFT: creating FFTW plan (n=256,forward) took 220 ms
2026-04-05 18:00:45.207 (D) FFTEngine::create: using FFTW engine
2026-04-05 18:00:45.207 (D) FFTWEngine::configure: no FFTW wisdom file
2026-04-05 18:00:45.597 (D) FFT: creating FFTW plan (n=512,forward) took 389 ms
2026-04-05 18:00:45.597 (D) FFTEngine::create: using FFTW engine
2026-04-05 18:00:45.597 (D) FFTWEngine::configure: no FFTW wisdom file
2026-04-05 18:00:46.204 (D) FFT: creating FFTW plan (n=1024,forward) took 607 ms
2026-04-05 18:00:46.205 (D) MainWindow::MainWindow: load plugins...
2026-04-05 18:00:46.205 (D) PluginManager::loadPluginsDir: fileName: libantennatools.so
2026-04-05 18:00:46.206 (I) PluginManager::loadPluginsDir: loaded plugin libantennatools.so
2026-04-05 18:00:46.206 (D) PluginManager::loadPluginsDir: fileName: libaprs.so
2026-04-05 18:00:46.207 (I) PluginManager::loadPluginsDir: loaded plugin libaprs.so
2026-04-05 18:00:46.207 (D) PluginManager::loadPluginsDir: fileName: libbeamsteeringcwmod.so
2026-04-05 18:00:46.207 (I) PluginManager::loadPluginsDir: loaded plugin libbeamsteeringcwmod.so
2026-04-05 18:00:46.207 (D) PluginManager::loadPluginsDir: fileName: libchanalyzer.so
2026-04-05 18:00:46.207 (I) PluginManager::loadPluginsDir: loaded plugin libchanalyzer.so
2026-04-05 18:00:46.207 (D) PluginManager::loadPluginsDir: fileName: libchannelpower.so
2026-04-05 18:00:46.207 (I) PluginManager::loadPluginsDir: loaded plugin libchannelpower.so
2026-04-05 18:00:46.207 (D) PluginManager::loadPluginsDir: fileName: libdemodadsb.so
2026-04-05 18:00:46.212 (I) PluginManager::loadPluginsDir: loaded plugin libdemodadsb.so
2026-04-05 18:00:46.212 (D) PluginManager::loadPluginsDir: fileName: libdemodais.so
2026-04-05 18:00:46.212 (I) PluginManager::loadPluginsDir: loaded plugin libdemodais.so
2026-04-05 18:00:46.212 (D) PluginManager::loadPluginsDir: fileName: libdemodam.so
2026-04-05 18:00:46.212 (I) PluginManager::loadPluginsDir: loaded plugin libdemodam.so
2026-04-05 18:00:46.212 (D) PluginManager::loadPluginsDir: fileName: libdemodapt.so
2026-04-05 18:00:46.213 (I) PluginManager::loadPluginsDir: loaded plugin libdemodapt.so
2026-04-05 18:00:46.213 (D) PluginManager::loadPluginsDir: fileName: libdemodatv.so
2026-04-05 18:00:46.213 (I) PluginManager::loadPluginsDir: loaded plugin libdemodatv.so
2026-04-05 18:00:46.213 (D) PluginManager::loadPluginsDir: fileName: libdemodbfm.so
2026-04-05 18:00:46.213 (I) PluginManager::loadPluginsDir: loaded plugin libdemodbfm.so
2026-04-05 18:00:46.213 (D) PluginManager::loadPluginsDir: fileName: libdemodchirpchat.so
2026-04-05 18:00:46.214 (I) PluginManager::loadPluginsDir: loaded plugin libdemodchirpchat.so
2026-04-05 18:00:46.214 (D) PluginManager::loadPluginsDir: fileName: libdemoddab.so
2026-04-05 18:00:46.214 (I) PluginManager::loadPluginsDir: loaded plugin libdemoddab.so
2026-04-05 18:00:46.214 (D) PluginManager::loadPluginsDir: fileName: libdemoddatv.so
2026-04-05 18:00:46.226 (I) PluginManager::loadPluginsDir: loaded plugin libdemoddatv.so
2026-04-05 18:00:46.226 (D) PluginManager::loadPluginsDir: fileName: libdemoddsc.so
2026-04-05 18:00:46.227 (I) PluginManager::loadPluginsDir: loaded plugin libdemoddsc.so
2026-04-05 18:00:46.227 (D) PluginManager::loadPluginsDir: fileName: libdemoddsd.so
2026-04-05 18:00:46.227 (W) PluginManager::loadPluginsDir: Cannot load library /usr/lib/sdrangel/plugins/libdemoddsd.so: (libmbe.so.1: no se puede abrir el archivo del objeto compartido: No existe el archivo o el directorio)
2026-04-05 18:00:46.227 (D) PluginManager::loadPluginsDir: fileName: libdemodendoftrain.so
2026-04-05 18:00:46.228 (I) PluginManager::loadPluginsDir: loaded plugin libdemodendoftrain.so
2026-04-05 18:00:46.228 (D) PluginManager::loadPluginsDir: fileName: libdemodfreedv.so
2026-04-05 18:00:46.228 (I) PluginManager::loadPluginsDir: loaded plugin libdemodfreedv.so
2026-04-05 18:00:46.228 (D) PluginManager::loadPluginsDir: fileName: libdemodft8.so
2026-04-05 18:00:46.228 (I) PluginManager::loadPluginsDir: loaded plugin libdemodft8.so
2026-04-05 18:00:46.228 (D) PluginManager::loadPluginsDir: fileName: libdemodils.so
2026-04-05 18:00:46.228 (I) PluginManager::loadPluginsDir: loaded plugin libdemodils.so
2026-04-05 18:00:46.228 (D) PluginManager::loadPluginsDir: fileName: libdemodm17.so
2026-04-05 18:00:46.229 (I) PluginManager::loadPluginsDir: loaded plugin libdemodm17.so
2026-04-05 18:00:46.229 (D) PluginManager::loadPluginsDir: fileName: libdemodnavtex.so
2026-04-05 18:00:46.229 (I) PluginManager::loadPluginsDir: loaded plugin libdemodnavtex.so
2026-04-05 18:00:46.229 (D) PluginManager::loadPluginsDir: fileName: libdemodnfm.so
2026-04-05 18:00:46.229 (I) PluginManager::loadPluginsDir: loaded plugin libdemodnfm.so
2026-04-05 18:00:46.230 (D) PluginManager::loadPluginsDir: fileName: libdemodpacket.so
2026-04-05 18:00:46.230 (I) PluginManager::loadPluginsDir: loaded plugin libdemodpacket.so
2026-04-05 18:00:46.230 (D) PluginManager::loadPluginsDir: fileName: libdemodpager.so
2026-04-05 18:00:46.230 (I) PluginManager::loadPluginsDir: loaded plugin libdemodpager.so
2026-04-05 18:00:46.230 (D) PluginManager::loadPluginsDir: fileName: libdemodradiosonde.so
2026-04-05 18:00:46.230 (I) PluginManager::loadPluginsDir: loaded plugin libdemodradiosonde.so
2026-04-05 18:00:46.230 (D) PluginManager::loadPluginsDir: fileName: libdemodrtty.so
2026-04-05 18:00:46.231 (I) PluginManager::loadPluginsDir: loaded plugin libdemodrtty.so
2026-04-05 18:00:46.231 (D) PluginManager::loadPluginsDir: fileName: libdemodssb.so
2026-04-05 18:00:46.231 (I) PluginManager::loadPluginsDir: loaded plugin libdemodssb.so
2026-04-05 18:00:46.231 (D) PluginManager::loadPluginsDir: fileName: libdemodvor.so
2026-04-05 18:00:46.231 (I) PluginManager::loadPluginsDir: loaded plugin libdemodvor.so
2026-04-05 18:00:46.231 (D) PluginManager::loadPluginsDir: fileName: libdemodwfm.so
2026-04-05 18:00:46.231 (I) PluginManager::loadPluginsDir: loaded plugin libdemodwfm.so
2026-04-05 18:00:46.231 (D) PluginManager::loadPluginsDir: fileName: libdoa2.so
2026-04-05 18:00:46.232 (I) PluginManager::loadPluginsDir: loaded plugin libdoa2.so
2026-04-05 18:00:46.232 (D) PluginManager::loadPluginsDir: fileName: libfeatureafc.so
2026-04-05 18:00:46.232 (I) PluginManager::loadPluginsDir: loaded plugin libfeatureafc.so
2026-04-05 18:00:46.232 (D) PluginManager::loadPluginsDir: fileName: libfeatureais.so
2026-04-05 18:00:46.232 (I) PluginManager::loadPluginsDir: loaded plugin libfeatureais.so
2026-04-05 18:00:46.232 (D) PluginManager::loadPluginsDir: fileName: libfeatureambe.so
2026-04-05 18:00:46.233 (I) PluginManager::loadPluginsDir: loaded plugin libfeatureambe.so
2026-04-05 18:00:46.233 (D) PluginManager::loadPluginsDir: fileName: libfeaturedemodanalyzer.so
2026-04-05 18:00:46.233 (I) PluginManager::loadPluginsDir: loaded plugin libfeaturedemodanalyzer.so
2026-04-05 18:00:46.233 (D) PluginManager::loadPluginsDir: fileName: libfeaturegs232controller.so
2026-04-05 18:00:46.233 (I) PluginManager::loadPluginsDir: loaded plugin libfeaturegs232controller.so
2026-04-05 18:00:46.233 (D) PluginManager::loadPluginsDir: fileName: libfeaturelimerfe.so
2026-04-05 18:00:46.234 (I) PluginManager::loadPluginsDir: loaded plugin libfeaturelimerfe.so
2026-04-05 18:00:46.234 (D) PluginManager::loadPluginsDir: fileName: libfeaturemorsedecoder.so
2026-04-05 18:00:46.234 (I) PluginManager::loadPluginsDir: loaded plugin libfeaturemorsedecoder.so
2026-04-05 18:00:46.234 (D) PluginManager::loadPluginsDir: fileName: libfeaturepertester.so
2026-04-05 18:00:46.235 (I) PluginManager::loadPluginsDir: loaded plugin libfeaturepertester.so
2026-04-05 18:00:46.235 (D) PluginManager::loadPluginsDir: fileName: libfeatureradiosonde.so
2026-04-05 18:00:46.235 (I) PluginManager::loadPluginsDir: loaded plugin libfeatureradiosonde.so
2026-04-05 18:00:46.235 (D) PluginManager::loadPluginsDir: fileName: libfeatureremotecontrol.so
2026-04-05 18:00:46.235 (I) PluginManager::loadPluginsDir: loaded plugin libfeatureremotecontrol.so
2026-04-05 18:00:46.235 (D) PluginManager::loadPluginsDir: fileName: libfeaturerigctlserver.so
2026-04-05 18:00:46.235 (I) PluginManager::loadPluginsDir: loaded plugin libfeaturerigctlserver.so
2026-04-05 18:00:46.235 (D) PluginManager::loadPluginsDir: fileName: libfeaturesatellitetracker.so
2026-04-05 18:00:46.236 (I) PluginManager::loadPluginsDir: loaded plugin libfeaturesatellitetracker.so
2026-04-05 18:00:46.236 (D) PluginManager::loadPluginsDir: fileName: libfeaturesid.so
2026-04-05 18:00:46.236 (I) PluginManager::loadPluginsDir: loaded plugin libfeaturesid.so
2026-04-05 18:00:46.236 (D) PluginManager::loadPluginsDir: fileName: libfeaturesimpleptt.so
2026-04-05 18:00:46.237 (I) PluginManager::loadPluginsDir: loaded plugin libfeaturesimpleptt.so
2026-04-05 18:00:46.237 (D) PluginManager::loadPluginsDir: fileName: libfeatureskymap.so
2026-04-05 18:00:46.243 (I) PluginManager::loadPluginsDir: loaded plugin libfeatureskymap.so
2026-04-05 18:00:46.243 (D) PluginManager::loadPluginsDir: fileName: libfeaturestartracker.so
2026-04-05 18:00:46.243 (I) PluginManager::loadPluginsDir: loaded plugin libfeaturestartracker.so
2026-04-05 18:00:46.243 (D) PluginManager::loadPluginsDir: fileName: libfilesink.so
2026-04-05 18:00:46.244 (I) PluginManager::loadPluginsDir: loaded plugin libfilesink.so
2026-04-05 18:00:46.244 (D) PluginManager::loadPluginsDir: fileName: libfilesource.so
2026-04-05 18:00:46.244 (I) PluginManager::loadPluginsDir: loaded plugin libfilesource.so
2026-04-05 18:00:46.244 (D) PluginManager::loadPluginsDir: fileName: libfreqscanner.so
2026-04-05 18:00:46.244 (I) PluginManager::loadPluginsDir: loaded plugin libfreqscanner.so
2026-04-05 18:00:46.244 (D) PluginManager::loadPluginsDir: fileName: libfreqtracker.so
2026-04-05 18:00:46.244 (I) PluginManager::loadPluginsDir: loaded plugin libfreqtracker.so
2026-04-05 18:00:46.244 (D) PluginManager::loadPluginsDir: fileName: libheatmap.so
2026-04-05 18:00:46.245 (I) PluginManager::loadPluginsDir: loaded plugin libheatmap.so
2026-04-05 18:00:46.245 (D) PluginManager::loadPluginsDir: fileName: libinputaaroniartsa.so
2026-04-05 18:00:46.245 (I) PluginManager::loadPluginsDir: loaded plugin libinputaaroniartsa.so
2026-04-05 18:00:46.245 (D) PluginManager::loadPluginsDir: fileName: libinputairspy.so
2026-04-05 18:00:46.245 (I) PluginManager::loadPluginsDir: loaded plugin libinputairspy.so
2026-04-05 18:00:46.245 (D) PluginManager::loadPluginsDir: fileName: libinputairspyhf.so
2026-04-05 18:00:46.246 (I) PluginManager::loadPluginsDir: loaded plugin libinputairspyhf.so
2026-04-05 18:00:46.246 (D) PluginManager::loadPluginsDir: fileName: libinputaudio.so
2026-04-05 18:00:46.246 (I) PluginManager::loadPluginsDir: loaded plugin libinputaudio.so
2026-04-05 18:00:46.246 (D) PluginManager::loadPluginsDir: fileName: libinputbladerf1.so
2026-04-05 18:00:46.246 (I) PluginManager::loadPluginsDir: loaded plugin libinputbladerf1.so
2026-04-05 18:00:46.246 (D) PluginManager::loadPluginsDir: fileName: libinputbladerf2.so
2026-04-05 18:00:46.247 (I) PluginManager::loadPluginsDir: loaded plugin libinputbladerf2.so
2026-04-05 18:00:46.247 (D) PluginManager::loadPluginsDir: fileName: libinputfcdpro.so
2026-04-05 18:00:46.247 (I) PluginManager::loadPluginsDir: loaded plugin libinputfcdpro.so
2026-04-05 18:00:46.247 (D) PluginManager::loadPluginsDir: fileName: libinputfcdproplus.so
2026-04-05 18:00:46.247 (I) PluginManager::loadPluginsDir: loaded plugin libinputfcdproplus.so
2026-04-05 18:00:46.247 (D) PluginManager::loadPluginsDir: fileName: libinputfileinput.so
2026-04-05 18:00:46.248 (I) PluginManager::loadPluginsDir: loaded plugin libinputfileinput.so
2026-04-05 18:00:46.248 (D) PluginManager::loadPluginsDir: fileName: libinputhackrf.so
2026-04-05 18:00:46.248 (I) PluginManager::loadPluginsDir: loaded plugin libinputhackrf.so
2026-04-05 18:00:46.248 (D) PluginManager::loadPluginsDir: fileName: libinputkiwisdr.so
2026-04-05 18:00:46.248 (I) PluginManager::loadPluginsDir: loaded plugin libinputkiwisdr.so
2026-04-05 18:00:46.248 (D) PluginManager::loadPluginsDir: fileName: libinputlimesdr.so
2026-04-05 18:00:46.249 (I) PluginManager::loadPluginsDir: loaded plugin libinputlimesdr.so
2026-04-05 18:00:46.249 (D) PluginManager::loadPluginsDir: fileName: libinputlocal.so
2026-04-05 18:00:46.249 (I) PluginManager::loadPluginsDir: loaded plugin libinputlocal.so
2026-04-05 18:00:46.249 (D) PluginManager::loadPluginsDir: fileName: libinputperseus.so
2026-04-05 18:00:46.249 (I) PluginManager::loadPluginsDir: loaded plugin libinputperseus.so
2026-04-05 18:00:46.249 (D) PluginManager::loadPluginsDir: fileName: libinputplutosdr.so
2026-04-05 18:00:46.250 (I) PluginManager::loadPluginsDir: loaded plugin libinputplutosdr.so
2026-04-05 18:00:46.250 (D) PluginManager::loadPluginsDir: fileName: libinputremote.so
2026-04-05 18:00:46.250 (I) PluginManager::loadPluginsDir: loaded plugin libinputremote.so
2026-04-05 18:00:46.250 (D) PluginManager::loadPluginsDir: fileName: libinputrtlsdr.so
2026-04-05 18:00:46.250 (I) PluginManager::loadPluginsDir: loaded plugin libinputrtlsdr.so
2026-04-05 18:00:46.250 (D) PluginManager::loadPluginsDir: fileName: libinputsdrplay.so
2026-04-05 18:00:46.251 (I) PluginManager::loadPluginsDir: loaded plugin libinputsdrplay.so
2026-04-05 18:00:46.251 (D) PluginManager::loadPluginsDir: fileName: libinputsdrplayv3.so
2026-04-05 18:00:46.251 (W) PluginManager::loadPluginsDir: Cannot load library /usr/lib/sdrangel/plugins/libinputsdrplayv3.so: (libsdrplay_api.so.3: no se puede abrir el archivo del objeto compartido: No existe el archivo o el directorio)
2026-04-05 18:00:46.251 (D) PluginManager::loadPluginsDir: fileName: libinputsigmffileinput.so
2026-04-05 18:00:46.251 (I) PluginManager::loadPluginsDir: loaded plugin libinputsigmffileinput.so
2026-04-05 18:00:46.251 (I) PluginManager::loadPluginsDir: Soapy SDR disabled skipping libinputsoapysdr.so
2026-04-05 18:00:46.251 (D) PluginManager::loadPluginsDir: fileName: libinputtcpremote.so
2026-04-05 18:00:46.252 (I) PluginManager::loadPluginsDir: loaded plugin libinputtcpremote.so
2026-04-05 18:00:46.252 (D) PluginManager::loadPluginsDir: fileName: libinputtestsource.so
2026-04-05 18:00:46.252 (I) PluginManager::loadPluginsDir: loaded plugin libinputtestsource.so
2026-04-05 18:00:46.252 (D) PluginManager::loadPluginsDir: fileName: libinputusrp.so
2026-04-05 18:00:46.255 (I) PluginManager::loadPluginsDir: loaded plugin libinputusrp.so
2026-04-05 18:00:46.255 (D) PluginManager::loadPluginsDir: fileName: libinterferometer.so
2026-04-05 18:00:46.256 (I) PluginManager::loadPluginsDir: loaded plugin libinterferometer.so
2026-04-05 18:00:46.256 (D) PluginManager::loadPluginsDir: fileName: libjogdialcontroller.so
2026-04-05 18:00:46.256 (I) PluginManager::loadPluginsDir: loaded plugin libjogdialcontroller.so
2026-04-05 18:00:46.256 (D) PluginManager::loadPluginsDir: fileName: liblocalsink.so
2026-04-05 18:00:46.256 (I) PluginManager::loadPluginsDir: loaded plugin liblocalsink.so
2026-04-05 18:00:46.256 (D) PluginManager::loadPluginsDir: fileName: liblocalsource.so
2026-04-05 18:00:46.257 (I) PluginManager::loadPluginsDir: loaded plugin liblocalsource.so
2026-04-05 18:00:46.257 (D) PluginManager::loadPluginsDir: fileName: libmap.so
2026-04-05 18:00:46.258 (I) PluginManager::loadPluginsDir: loaded plugin libmap.so
2026-04-05 18:00:46.258 (D) PluginManager::loadPluginsDir: fileName: libmimoaudiocatsiso.so
2026-04-05 18:00:46.260 (I) PluginManager::loadPluginsDir: loaded plugin libmimoaudiocatsiso.so
2026-04-05 18:00:46.260 (D) PluginManager::loadPluginsDir: fileName: libmimobladerf2.so
2026-04-05 18:00:46.260 (I) PluginManager::loadPluginsDir: loaded plugin libmimobladerf2.so
2026-04-05 18:00:46.260 (D) PluginManager::loadPluginsDir: fileName: libmimolimesdr.so
2026-04-05 18:00:46.261 (I) PluginManager::loadPluginsDir: loaded plugin libmimolimesdr.so
2026-04-05 18:00:46.261 (D) PluginManager::loadPluginsDir: fileName: libmimometismiso.so
2026-04-05 18:00:46.261 (I) PluginManager::loadPluginsDir: loaded plugin libmimometismiso.so
2026-04-05 18:00:46.261 (D) PluginManager::loadPluginsDir: fileName: libmimoplutosdr.so
2026-04-05 18:00:46.261 (I) PluginManager::loadPluginsDir: loaded plugin libmimoplutosdr.so
2026-04-05 18:00:46.261 (D) PluginManager::loadPluginsDir: fileName: libmimotestmi.so
2026-04-05 18:00:46.262 (I) PluginManager::loadPluginsDir: loaded plugin libmimotestmi.so
2026-04-05 18:00:46.262 (D) PluginManager::loadPluginsDir: fileName: libmodais.so
2026-04-05 18:00:46.262 (I) PluginManager::loadPluginsDir: loaded plugin libmodais.so
2026-04-05 18:00:46.262 (D) PluginManager::loadPluginsDir: fileName: libmodam.so
2026-04-05 18:00:46.262 (I) PluginManager::loadPluginsDir: loaded plugin libmodam.so
2026-04-05 18:00:46.262 (D) PluginManager::loadPluginsDir: fileName: libmodatv.so
2026-04-05 18:00:46.301 (I) PluginManager::loadPluginsDir: loaded plugin libmodatv.so
2026-04-05 18:00:46.301 (D) PluginManager::loadPluginsDir: fileName: libmodchirpchat.so
2026-04-05 18:00:46.301 (I) PluginManager::loadPluginsDir: loaded plugin libmodchirpchat.so
2026-04-05 18:00:46.301 (D) PluginManager::loadPluginsDir: fileName: libmoddatv.so
2026-04-05 18:00:46.302 (I) PluginManager::loadPluginsDir: loaded plugin libmoddatv.so
2026-04-05 18:00:46.302 (D) PluginManager::loadPluginsDir: fileName: libmodfreedv.so
2026-04-05 18:00:46.303 (I) PluginManager::loadPluginsDir: loaded plugin libmodfreedv.so
2026-04-05 18:00:46.303 (D) PluginManager::loadPluginsDir: fileName: libmodieee_802_15_4.so
2026-04-05 18:00:46.303 (I) PluginManager::loadPluginsDir: loaded plugin libmodieee_802_15_4.so
2026-04-05 18:00:46.303 (D) PluginManager::loadPluginsDir: fileName: libmodm17.so
2026-04-05 18:00:46.303 (I) PluginManager::loadPluginsDir: loaded plugin libmodm17.so
2026-04-05 18:00:46.303 (D) PluginManager::loadPluginsDir: fileName: libmodnfm.so
2026-04-05 18:00:46.304 (I) PluginManager::loadPluginsDir: loaded plugin libmodnfm.so
2026-04-05 18:00:46.304 (D) PluginManager::loadPluginsDir: fileName: libmodpacket.so
2026-04-05 18:00:46.304 (I) PluginManager::loadPluginsDir: loaded plugin libmodpacket.so
2026-04-05 18:00:46.304 (D) PluginManager::loadPluginsDir: fileName: libmodpsk31.so
2026-04-05 18:00:46.304 (I) PluginManager::loadPluginsDir: loaded plugin libmodpsk31.so
2026-04-05 18:00:46.304 (D) PluginManager::loadPluginsDir: fileName: libmodrtty.so
2026-04-05 18:00:46.304 (I) PluginManager::loadPluginsDir: loaded plugin libmodrtty.so
2026-04-05 18:00:46.304 (D) PluginManager::loadPluginsDir: fileName: libmodssb.so
2026-04-05 18:00:46.305 (I) PluginManager::loadPluginsDir: loaded plugin libmodssb.so
2026-04-05 18:00:46.305 (D) PluginManager::loadPluginsDir: fileName: libmodwfm.so
2026-04-05 18:00:46.305 (I) PluginManager::loadPluginsDir: loaded plugin libmodwfm.so
2026-04-05 18:00:46.305 (D) PluginManager::loadPluginsDir: fileName: libnoisefigure.so
2026-04-05 18:00:46.305 (I) PluginManager::loadPluginsDir: loaded plugin libnoisefigure.so
2026-04-05 18:00:46.305 (D) PluginManager::loadPluginsDir: fileName: liboutputaaroniartsa.so
2026-04-05 18:00:46.306 (I) PluginManager::loadPluginsDir: loaded plugin liboutputaaroniartsa.so
2026-04-05 18:00:46.306 (D) PluginManager::loadPluginsDir: fileName: liboutputaudio.so
2026-04-05 18:00:46.306 (I) PluginManager::loadPluginsDir: loaded plugin liboutputaudio.so
2026-04-05 18:00:46.306 (D) PluginManager::loadPluginsDir: fileName: liboutputbladerf1.so
2026-04-05 18:00:46.306 (I) PluginManager::loadPluginsDir: loaded plugin liboutputbladerf1.so
2026-04-05 18:00:46.306 (D) PluginManager::loadPluginsDir: fileName: liboutputbladerf2.so
2026-04-05 18:00:46.307 (I) PluginManager::loadPluginsDir: loaded plugin liboutputbladerf2.so
2026-04-05 18:00:46.307 (D) PluginManager::loadPluginsDir: fileName: liboutputfileoutput.so
2026-04-05 18:00:46.307 (I) PluginManager::loadPluginsDir: loaded plugin liboutputfileoutput.so
2026-04-05 18:00:46.307 (D) PluginManager::loadPluginsDir: fileName: liboutputhackrf.so
2026-04-05 18:00:46.307 (I) PluginManager::loadPluginsDir: loaded plugin liboutputhackrf.so
2026-04-05 18:00:46.307 (D) PluginManager::loadPluginsDir: fileName: liboutputlimesdr.so
2026-04-05 18:00:46.308 (I) PluginManager::loadPluginsDir: loaded plugin liboutputlimesdr.so
2026-04-05 18:00:46.308 (D) PluginManager::loadPluginsDir: fileName: liboutputlocal.so
2026-04-05 18:00:46.308 (I) PluginManager::loadPluginsDir: loaded plugin liboutputlocal.so
2026-04-05 18:00:46.308 (D) PluginManager::loadPluginsDir: fileName: liboutputplutosdr.so
2026-04-05 18:00:46.308 (I) PluginManager::loadPluginsDir: loaded plugin liboutputplutosdr.so
2026-04-05 18:00:46.308 (D) PluginManager::loadPluginsDir: fileName: liboutputremote.so
2026-04-05 18:00:46.309 (I) PluginManager::loadPluginsDir: loaded plugin liboutputremote.so
2026-04-05 18:00:46.309 (I) PluginManager::loadPluginsDir: Soapy SDR disabled skipping liboutputsoapysdr.so
2026-04-05 18:00:46.309 (D) PluginManager::loadPluginsDir: fileName: liboutputtestmosync.so
2026-04-05 18:00:46.309 (I) PluginManager::loadPluginsDir: loaded plugin liboutputtestmosync.so
2026-04-05 18:00:46.309 (D) PluginManager::loadPluginsDir: fileName: liboutputtestsink.so
2026-04-05 18:00:46.309 (I) PluginManager::loadPluginsDir: loaded plugin liboutputtestsink.so
2026-04-05 18:00:46.309 (D) PluginManager::loadPluginsDir: fileName: liboutputusrp.so
2026-04-05 18:00:46.309 (I) PluginManager::loadPluginsDir: loaded plugin liboutputusrp.so
2026-04-05 18:00:46.309 (D) PluginManager::loadPluginsDir: fileName: libradioastronomy.so
2026-04-05 18:00:46.310 (I) PluginManager::loadPluginsDir: loaded plugin libradioastronomy.so
2026-04-05 18:00:46.310 (D) PluginManager::loadPluginsDir: fileName: libradioclock.so
2026-04-05 18:00:46.310 (I) PluginManager::loadPluginsDir: loaded plugin libradioclock.so
2026-04-05 18:00:46.310 (D) PluginManager::loadPluginsDir: fileName: libremotesink.so
2026-04-05 18:00:46.310 (I) PluginManager::loadPluginsDir: loaded plugin libremotesink.so
2026-04-05 18:00:46.310 (D) PluginManager::loadPluginsDir: fileName: libremotesource.so
2026-04-05 18:00:46.311 (I) PluginManager::loadPluginsDir: loaded plugin libremotesource.so
2026-04-05 18:00:46.311 (D) PluginManager::loadPluginsDir: fileName: libremotetcpsink.so
2026-04-05 18:00:46.311 (I) PluginManager::loadPluginsDir: loaded plugin libremotetcpsink.so
2026-04-05 18:00:46.311 (D) PluginManager::loadPluginsDir: fileName: libsigmffilesink.so
2026-04-05 18:00:46.311 (I) PluginManager::loadPluginsDir: loaded plugin libsigmffilesink.so
2026-04-05 18:00:46.311 (D) PluginManager::loadPluginsDir: fileName: libudpsink.so
2026-04-05 18:00:46.312 (I) PluginManager::loadPluginsDir: loaded plugin libudpsink.so
2026-04-05 18:00:46.312 (D) PluginManager::loadPluginsDir: fileName: libudpsource.so
2026-04-05 18:00:46.312 (I) PluginManager::loadPluginsDir: loaded plugin libudpsource.so
2026-04-05 18:00:46.312 (D) PluginManager::loadPluginsDir: fileName: libvorlocalizer.so
2026-04-05 18:00:46.312 (I) PluginManager::loadPluginsDir: loaded plugin libvorlocalizer.so
2026-04-05 18:00:46.312 (D) PluginManager::loadPluginsDir: fileName: libwdsprx.so
2026-04-05 18:00:46.313 (I) PluginManager::loadPluginsDir: loaded plugin libwdsprx.so
2026-04-05 18:00:46.313 (D) PluginManager::registerTxChannel  802.15.4 Modulator  with channel name  "sdrangel.channeltx.mod802.15.4"
2026-04-05 18:00:46.313 (D) PluginManager::registerRxChannel  ADS-B Demodulator  with channel name  "sdrangel.channel.adsbdemod"
2026-04-05 18:00:46.313 (D) PluginManager::registerFeature  AFC  with channel name  "sdrangel.feature.afc"
2026-04-05 18:00:46.313 (D) PluginManager::registerFeature  AIS  with channel name  "sdrangel.feature.ais"
2026-04-05 18:00:46.313 (D) PluginManager::registerRxChannel  AIS Demodulator  with channel name  "sdrangel.channel.aisdemod"
2026-04-05 18:00:46.313 (D) PluginManager::registerTxChannel  AIS Modulator  with channel name  "sdrangel.channel.modais"
2026-04-05 18:00:46.313 (D) PluginManager::registerRxChannel  AM Demodulator  with channel name  "sdrangel.channel.amdemod"
2026-04-05 18:00:46.313 (D) PluginManager::registerTxChannel  AM Modulator  with channel name  "sdrangel.channeltx.modam"
2026-04-05 18:00:46.313 (D) PluginManager::registerFeature  AMBE Controller  with channel name  "sdrangel.feature.ambe"
2026-04-05 18:00:46.313 (D) PluginManager::registerFeature  APRS  with channel name  "sdrangel.feature.aprs"
2026-04-05 18:00:46.313 (D) PluginManager::registerRxChannel  APT Demodulator  with channel name  "sdrangel.channel.aptdemod"
2026-04-05 18:00:46.313 (D) PluginManager::registerRxChannel  ATV Demodulator  with channel name  "sdrangel.channel.demodatv"
2026-04-05 18:00:46.313 (D) PluginManager::registerTxChannel  ATV Modulator  with channel name  "sdrangel.channeltx.modatv"
2026-04-05 18:00:46.313 (D) PluginManager::registerSampleSource  AaroniaRTSA input  with source name  sdrangel.samplesource.aaroniartsasource  and hardware id  "AaroniaRTSA"
2026-04-05 18:00:46.313 (D) PluginManager::registerSampleSink  AaroniaRTSA output  with sink name  sdrangel.samplesink.aaroniartsaoutput  and hardware id  "AaroniaRTSAOutput"
2026-04-05 18:00:46.313 (D) PluginManager::registerSampleSource  Airspy Input  with source name  sdrangel.samplesource.airspy  and hardware id  "Airspy"
2026-04-05 18:00:46.313 (D) PluginManager::registerSampleSource  AirspyHF Input  with source name  sdrangel.samplesource.airspyhf  and hardware id  "AirspyHF"
2026-04-05 18:00:46.313 (D) PluginManager::registerFeature  Antenna Tools  with channel name  "sdrangel.feature.antennatools"
2026-04-05 18:00:46.313 (D) PluginManager::registerSampleMIMO  Audio CAT SISO  with MIMO name  sdrangel.samplemimo.audiocatsiso  and hardware id  "AudioCATSISO"
2026-04-05 18:00:46.313 (D) PluginManager::registerSampleSource  Audio Input  with source name  sdrangel.samplesource.audioinput  and hardware id  "AudioInput"
2026-04-05 18:00:46.313 (D) PluginManager::registerSampleSink  Audio output  with sink name  sdrangel.samplesink.audiooutput  and hardware id  "AudioOutput"
2026-04-05 18:00:46.313 (D) PluginManager::registerMIMOChannel  BeamSteeringCWMod  with channel name  "sdrangel.channel.beamsteeringcwmod"
2026-04-05 18:00:46.313 (D) PluginManager::registerSampleSource  BladeRF1 Input  with source name  sdrangel.samplesource.bladerf1input  and hardware id  "BladeRF1"
2026-04-05 18:00:46.313 (D) PluginManager::registerSampleSink  BladeRF1 Output  with sink name  sdrangel.samplesink.bladerf1output  and hardware id  "BladeRF1"
2026-04-05 18:00:46.313 (D) PluginManager::registerSampleSource  BladeRF2 Input  with source name  sdrangel.samplesource.bladerf2input  and hardware id  "BladeRF2"
2026-04-05 18:00:46.313 (D) PluginManager::registerSampleMIMO  BladeRF2 MIMO  with MIMO name  sdrangel.samplemimo.bladerf2mimo  and hardware id  "BladeRF2"
2026-04-05 18:00:46.313 (D) PluginManager::registerSampleSink  BladeRF2 Output  with sink name  sdrangel.samplesink.bladerf2output  and hardware id  "BladeRF2"
2026-04-05 18:00:46.313 (D) PluginManager::registerRxChannel  Broadcast FM Demodulator  with channel name  "sdrangel.channel.bfm"
2026-04-05 18:00:46.313 (D) PluginManager::registerRxChannel  Channel Analyzer  with channel name  "sdrangel.channel.chanalyzer"
2026-04-05 18:00:46.313 (D) PluginManager::registerRxChannel  Channel Power  with channel name  "sdrangel.channel.channelpower"
2026-04-05 18:00:46.313 (D) PluginManager::registerRxChannel  ChirpChat Demodulator  with channel name  "sdrangel.channel.chirpchatdemod"
2026-04-05 18:00:46.313 (D) PluginManager::registerTxChannel  ChirpChat Modulator  with channel name  "sdrangel.channeltx.modchirpchat"
2026-04-05 18:00:46.313 (D) PluginManager::registerRxChannel  DAB Demodulator  with channel name  "sdrangel.channel.dabdemod"
2026-04-05 18:00:46.313 (D) PluginManager::registerRxChannel  DATV Demodulator  with channel name  "sdrangel.channel.demoddatv"
2026-04-05 18:00:46.313 (D) PluginManager::registerTxChannel  DATV Modulator  with channel name  "sdrangel.channeltx.moddatv"
2026-04-05 18:00:46.313 (D) PluginManager::registerMIMOChannel  DOA 2 sources  with channel name  "sdrangel.channel.doa2"
2026-04-05 18:00:46.313 (D) PluginManager::registerRxChannel  DSC Demodulator  with channel name  "sdrangel.channel.dscdemod"
2026-04-05 18:00:46.313 (D) PluginManager::registerFeature  Demod Analyzer  with channel name  "sdrangel.feature.demodanalyzer"
2026-04-05 18:00:46.313 (D) PluginManager::registerRxChannel  End-of-Train Demodulator  with channel name  "sdrangel.channel.endoftraindemod"
2026-04-05 18:00:46.313 (D) PluginManager::registerRxChannel  FT8 Demodulator  with channel name  "sdrangel.channel.ft8demod"
2026-04-05 18:00:46.313 (D) PluginManager::registerRxChannel  File Sink  with channel name  "sdrangel.channel.filesink"
2026-04-05 18:00:46.313 (D) PluginManager::registerTxChannel  File channel source  with channel name  "sdrangel.channeltx.filesource"
2026-04-05 18:00:46.313 (D) PluginManager::registerSampleSource  File device input  with source name  sdrangel.samplesource.fileinput  and hardware id  "FileInput"
2026-04-05 18:00:46.313 (D) PluginManager::registerSampleSource  File device input (SigMF)  with source name  sdrangel.samplesource.sigmffileinput  and hardware id  "SigMFFileInput"
2026-04-05 18:00:46.313 (D) PluginManager::registerSampleSink  File output  with sink name  sdrangel.samplesink.fileoutput  and hardware id  "FileOutput"
2026-04-05 18:00:46.313 (D) PluginManager::registerRxChannel  FreeDV Demodulator  with channel name  "sdrangel.channel.freedvdemod"
2026-04-05 18:00:46.313 (D) PluginManager::registerTxChannel  FreeDV Modulator  with channel name  "sdrangel.channeltx.freedvmod"
2026-04-05 18:00:46.313 (D) PluginManager::registerRxChannel  Frequency Scanner  with channel name  "sdrangel.channel.freqscanner"
2026-04-05 18:00:46.313 (D) PluginManager::registerRxChannel  Frequency Tracker  with channel name  "sdrangel.channel.freqtracker"
2026-04-05 18:00:46.313 (D) PluginManager::registerSampleSource  FunCube Pro Input  with source name  sdrangel.samplesource.fcdpro  and hardware id  "FCDPro"
2026-04-05 18:00:46.314 (D) PluginManager::registerSampleSource  FunCube Pro+ Input  with source name  sdrangel.samplesource.fcdproplus  and hardware id  "FCDProPlus"
2026-04-05 18:00:46.314 (D) PluginManager::registerSampleSource  HackRF Input  with source name  sdrangel.samplesource.hackrf  and hardware id  "HackRF"
2026-04-05 18:00:46.314 (D) PluginManager::registerSampleSink  HackRF Output  with sink name  sdrangel.samplesink.hackrf  and hardware id  "HackRF"
2026-04-05 18:00:46.314 (D) PluginManager::registerRxChannel  Heat Map  with channel name  "sdrangel.channel.heatmap"
2026-04-05 18:00:46.314 (D) PluginManager::registerRxChannel  ILS Demodulator  with channel name  "sdrangel.channel.ilsdemod"
2026-04-05 18:00:46.314 (D) PluginManager::registerMIMOChannel  Interferometer  with channel name  "sdrangel.channel.interferometer"
2026-04-05 18:00:46.314 (D) PluginManager::registerFeature  Jogdial Controller  with channel name  "sdrangel.feature.jogdialcontroller"
2026-04-05 18:00:46.314 (D) PluginManager::registerSampleSource  KiwiSDR input  with source name  sdrangel.samplesource.kiwisdrsource  and hardware id  "KiwiSDR"
2026-04-05 18:00:46.314 (D) PluginManager::registerFeature  LimeRFE USB Controller  with channel name  "sdrangel.feature.limerfe"
2026-04-05 18:00:46.314 (D) PluginManager::registerSampleSource  LimeSDR Input  with source name  sdrangel.samplesource.limesdr  and hardware id  "LimeSDR"
2026-04-05 18:00:46.314 (D) PluginManager::registerSampleMIMO  LimeSDR MIMO  with MIMO name  sdrangel.samplemimo.limesdrmimo  and hardware id  "LimeSDR"
2026-04-05 18:00:46.314 (D) PluginManager::registerSampleSink  LimeSDR Output  with sink name  sdrangel.samplesink.limesdr  and hardware id  "LimeSDR"
2026-04-05 18:00:46.314 (D) PluginManager::registerRxChannel  Local channel sink  with channel name  "sdrangel.channel.localsink"
2026-04-05 18:00:46.314 (D) PluginManager::registerTxChannel  Local channel source  with channel name  "sdrangel.channel.localsource"
2026-04-05 18:00:46.314 (D) PluginManager::registerSampleSource  Local device input  with source name  sdrangel.samplesource.localinput  and hardware id  "LocalInput"
2026-04-05 18:00:46.314 (D) PluginManager::registerSampleSink  Local device output  with sink name  sdrangel.samplesink.localoutput  and hardware id  "LocalOutput"
2026-04-05 18:00:46.314 (D) PluginManager::registerRxChannel  M17 Demodulator  with channel name  "sdrangel.channel.m17demod"
2026-04-05 18:00:46.314 (D) PluginManager::registerTxChannel  M17 Modulator  with channel name  "sdrangel.channeltx.modm17"
2026-04-05 18:00:46.314 (D) PluginManager::registerFeature  Map  with channel name  "sdrangel.feature.map"
2026-04-05 18:00:46.314 (D) PluginManager::registerSampleMIMO  Metis MISO  with MIMO name  sdrangel.samplemimo.metismiso  and hardware id  "MetisMISO"
2026-04-05 18:00:46.314 (D) PluginManager::registerFeature  Morse Decoder  with channel name  "sdrangel.feature.morsedecoder"
2026-04-05 18:00:46.314 (D) PluginManager::registerRxChannel  NFM Demodulator  with channel name  "sdrangel.channel.nfmdemod"
2026-04-05 18:00:46.314 (D) PluginManager::registerTxChannel  NFM Modulator  with channel name  "sdrangel.channeltx.modnfm"
2026-04-05 18:00:46.314 (D) PluginManager::registerRxChannel  Navtex Demodulator  with channel name  "sdrangel.channel.navtexdemod"
2026-04-05 18:00:46.314 (D) PluginManager::registerRxChannel  Noise Figure  with channel name  "sdrangel.channel.noisefigure"
2026-04-05 18:00:46.314 (D) PluginManager::registerTxChannel  PSK31 Modulator  with channel name  "sdrangel.channeltx.modpsk31"
2026-04-05 18:00:46.314 (D) PluginManager::registerRxChannel  Packet Demodulator  with channel name  "sdrangel.channel.packetdemod"
2026-04-05 18:00:46.314 (D) PluginManager::registerFeature  Packet Error Rate Tester  with channel name  "sdrangel.feature.pertester"
2026-04-05 18:00:46.314 (D) PluginManager::registerTxChannel  Packet Modulator  with channel name  "sdrangel.channeltx.modpacket"
2026-04-05 18:00:46.314 (D) PluginManager::registerRxChannel  Pager Demodulator  with channel name  "sdrangel.channel.pagerdemod"
2026-04-05 18:00:46.314 (D) PluginManager::registerSampleSource  Perseus Input  with source name  sdrangel.samplesource.perseus  and hardware id  "Perseus"
2026-04-05 18:00:46.314 (D) PluginManager::registerSampleSource  PlutoSDR Input  with source name  sdrangel.samplesource.plutosdr  and hardware id  "PlutoSDR"
2026-04-05 18:00:46.314 (D) PluginManager::registerSampleMIMO  PlutoSDR MIMO  with MIMO name  sdrangel.samplemimo.plutosdrmimo  and hardware id  "PlutoSDR"
2026-04-05 18:00:46.314 (D) PluginManager::registerSampleSink  PlutoSDR Output  with sink name  sdrangel.samplesink.plutosdr  and hardware id  "PlutoSDR"
2026-04-05 18:00:46.314 (D) PluginManager::registerSampleSource  RTL-SDR Input  with source name  sdrangel.samplesource.rtlsdr  and hardware id  "RTLSDR"
2026-04-05 18:00:46.314 (D) PluginManager::registerRxChannel  RTTY Demodulator  with channel name  "sdrangel.channel.rttydemod"
2026-04-05 18:00:46.314 (D) PluginManager::registerTxChannel  RTTY Modulator  with channel name  "sdrangel.channeltx.modrtty"
2026-04-05 18:00:46.314 (D) PluginManager::registerRxChannel  Radio Astronomy  with channel name  "sdrangel.channel.radioastronomy"
2026-04-05 18:00:46.314 (D) PluginManager::registerRxChannel  Radio Clock  with channel name  "sdrangel.channel.radioclock"
2026-04-05 18:00:46.314 (D) PluginManager::registerFeature  Radiosonde  with channel name  "sdrangel.feature.radiosonde"
2026-04-05 18:00:46.314 (D) PluginManager::registerRxChannel  Radiosonde Demodulator  with channel name  "sdrangel.channel.radiosondedemod"
2026-04-05 18:00:46.314 (D) PluginManager::registerFeature  Remote Control  with channel name  "sdrangel.feature.remotecontrol"
2026-04-05 18:00:46.314 (D) PluginManager::registerRxChannel  Remote TCP channel sink  with channel name  "sdrangel.channel.remotetcpsink"
2026-04-05 18:00:46.314 (D) PluginManager::registerSampleSource  Remote TCP device input  with source name  sdrangel.samplesource.remotetcpinput  and hardware id  "RemoteTCPInput"
2026-04-05 18:00:46.314 (D) PluginManager::registerRxChannel  Remote channel sink  with channel name  "sdrangel.channel.remotesink"
2026-04-05 18:00:46.314 (D) PluginManager::registerTxChannel  Remote channel source  with channel name  "sdrangel.channeltx.remotesource"
2026-04-05 18:00:46.314 (D) PluginManager::registerSampleSource  Remote device input  with source name  sdrangel.samplesource.remoteinput  and hardware id  "RemoteInput"
2026-04-05 18:00:46.314 (D) PluginManager::registerSampleSink  Remote device output  with sink name  sdrangel.samplesink.remoteoutput  and hardware id  "RemoteOutput"
2026-04-05 18:00:46.314 (D) PluginManager::registerFeature  RigCtl Server  with channel name  "sdrangel.feature.rigctlserver"
2026-04-05 18:00:46.314 (D) PluginManager::registerFeature  Rotator Controller  with channel name  "sdrangel.feature.gs232controller"
2026-04-05 18:00:46.314 (D) PluginManager::registerSampleSource  SDRPlay RSP1 Input  with source name  sdrangel.samplesource.sdrplay  and hardware id  "SDRPlay"
2026-04-05 18:00:46.314 (D) PluginManager::registerFeature  SID  with channel name  "sdrangel.feature.sid"
2026-04-05 18:00:46.314 (D) PluginManager::registerRxChannel  SSB Demodulator  with channel name  "sdrangel.channel.ssbdemod"
2026-04-05 18:00:46.314 (D) PluginManager::registerTxChannel  SSB Modulator  with channel name  "sdrangel.channeltx.modssb"
2026-04-05 18:00:46.314 (D) PluginManager::registerFeature  Satellite Tracker  with channel name  "sdrangel.feature.satellitetracker"
2026-04-05 18:00:46.314 (D) PluginManager::registerRxChannel  SigMF File Sink  with channel name  "sdrangel.channel.sigmffilesink"
2026-04-05 18:00:46.314 (D) PluginManager::registerFeature  Simple PTT  with channel name  "sdrangel.feature.simpleptt"
2026-04-05 18:00:46.314 (D) PluginManager::registerFeature  Sky Map  with channel name  "sdrangel.feature.skymap"
2026-04-05 18:00:46.314 (D) PluginManager::registerFeature  Star Tracker  with channel name  "sdrangel.feature.startracker"
2026-04-05 18:00:46.314 (D) PluginManager::registerSampleMIMO  Test Multiple Input  with MIMO name  sdrangel.samplemimo.testmi  and hardware id  "TestMI"
2026-04-05 18:00:46.314 (D) PluginManager::registerSampleSink  Test Sink Output  with sink name  sdrangel.samplesink.testsink  and hardware id  "TestSink"
2026-04-05 18:00:46.314 (D) PluginManager::registerSampleSource  Test Source input  with source name  sdrangel.samplesource.testsource  and hardware id  "TestSource"
2026-04-05 18:00:46.314 (D) PluginManager::registerSampleMIMO  Test Synchronous Multiple Output  with MIMO name  sdrangel.samplemimo.testmosync  and hardware id  "TestMOSync"
2026-04-05 18:00:46.314 (D) PluginManager::registerRxChannel  UDP Channel Sink  with channel name  "sdrangel.channel.udpsink"
2026-04-05 18:00:46.314 (D) PluginManager::registerTxChannel  UDP Channel Source  with channel name  "sdrangel.channeltx.udpsource"
2026-04-05 18:00:46.314 (D) PluginManager::registerSampleSink  URSP Output  with sink name  sdrangel.samplesink.usrp  and hardware id  "USRP"
2026-04-05 18:00:46.314 (D) PluginManager::registerSampleSource  USRP Input  with source name  sdrangel.samplesource.usrp  and hardware id  "USRP"
2026-04-05 18:00:46.314 (D) PluginManager::registerRxChannel  VOR Demodulator  with channel name  "sdrangel.channel.vordemod"
2026-04-05 18:00:46.314 (D) PluginManager::registerFeature  VOR Localizer  with channel name  "sdrangel.feature.vorlocalizer"
2026-04-05 18:00:46.314 (D) PluginManager::registerRxChannel  WDSP Receiver  with channel name  "sdrangel.channel.wdsprx"
2026-04-05 18:00:46.314 (D) PluginManager::registerRxChannel  WFM Demodulator  with channel name  "sdrangel.channel.wfmdemod"
2026-04-05 18:00:46.315 (D) PluginManager::registerTxChannel  WFM Modulator  with channel name  "sdrangel.channeltx.modwfm"
2026-04-05 18:00:46.315 (D) DeviceEnumerator::enumerateDevices: sdrangel.samplesource.aaroniartsasource
2026-04-05 18:00:46.315 (D) DeviceEnumerator::enumerateDevices: sdrangel.samplesource.airspy
2026-04-05 18:00:46.318 (D) AirspyPlugin::enumOriginDevices: enumerated 0 Airspy devices AIRSPY_ERROR_NOT_FOUND
2026-04-05 18:00:46.318 (D) AirspyPlugin::enumOriginDevices: airspy_exit: AIRSPY_SUCCESS
2026-04-05 18:00:46.318 (D) DeviceEnumerator::enumerateDevices: sdrangel.samplesource.airspyhf
2026-04-05 18:00:46.321 (D) DeviceEnumerator::enumerateDevices: sdrangel.samplesource.audioinput
2026-04-05 18:00:46.321 (D) DeviceEnumerator::enumerateDevices: sdrangel.samplesource.bladerf1input
2026-04-05 18:00:46.323 (D) DeviceEnumerator::enumerateDevices: sdrangel.samplesource.bladerf2input
2026-04-05 18:00:46.326 (D) DeviceEnumerator::enumerateDevices: sdrangel.samplesource.fileinput
2026-04-05 18:00:46.326 (D) DeviceEnumerator::enumerateDevices: sdrangel.samplesource.sigmffileinput
2026-04-05 18:00:46.326 (D) DeviceEnumerator::enumerateDevices: sdrangel.samplesource.fcdpro
2026-04-05 18:00:46.329 (D) DeviceEnumerator::enumerateDevices: sdrangel.samplesource.fcdproplus
2026-04-05 18:00:46.329 (D) DeviceEnumerator::enumerateDevices: sdrangel.samplesource.hackrf
2026-04-05 18:00:46.331 (D) DeviceEnumerator::enumerateDevices: sdrangel.samplesource.kiwisdrsource
2026-04-05 18:00:46.331 (D) DeviceEnumerator::enumerateDevices: sdrangel.samplesource.limesdr
2026-04-05 18:00:46.336 (D) DeviceLimeSDR::enumOriginDevices: Could not find any LimeSDR device
2026-04-05 18:00:46.337 (D) DeviceEnumerator::enumerateDevices: sdrangel.samplesource.localinput
2026-04-05 18:00:46.337 (D) DeviceEnumerator::enumerateDevices: sdrangel.samplesource.perseus
2026-04-05 18:00:46.339 (I) DevicePerseusScan::scan: no Perseus devices
2026-04-05 18:00:46.339 (D) DeviceEnumerator::enumerateDevices: sdrangel.samplesource.plutosdr
2026-04-05 18:00:47.363 (D) PlutoSDRScan::scan: 0: (nouveau,hp,BAT0,AC,hidpp_battery_7,coretemp,nvme,acpitz on HP) [local:]
2026-04-05 18:00:47.363 (D) DeviceEnumerator::enumerateDevices: sdrangel.samplesource.rtlsdr
2026-04-05 18:00:47.379 (D) RTLSDRPlugin::enumSampleSources: enumerated RTL-SDR device #0
2026-04-05 18:00:47.379 (D) DeviceEnumerator::enumerateDevices: sdrangel.samplesource.remotetcpinput
2026-04-05 18:00:47.379 (D) DeviceEnumerator::enumerateDevices: sdrangel.samplesource.remoteinput
2026-04-05 18:00:47.379 (D) DeviceEnumerator::enumerateDevices: sdrangel.samplesource.sdrplay
2026-04-05 18:00:47.382 (D) DeviceEnumerator::enumerateDevices: sdrangel.samplesource.testsource
2026-04-05 18:00:47.382 (D) DeviceEnumerator::enumerateDevices: sdrangel.samplesource.usrp
[INFO] [UHD] linux; GNU C++ version 13.2.0; Boost_108300; UHD_4.6.0.0+ds1-5.1ubuntu0.24.04.1
2026-04-05 18:00:47.884 (D) DeviceUSRP::enumOriginDevices: Could not find any USRP device
2026-04-05 18:00:47.884 (D) DeviceEnumerator::enumerateDevices: sdrangel.samplesink.aaroniartsaoutput
2026-04-05 18:00:47.884 (D) DeviceEnumerator::enumerateDevices: sdrangel.samplesink.audiooutput
2026-04-05 18:00:47.884 (D) DeviceEnumerator::enumerateDevices: sdrangel.samplesink.bladerf1output
2026-04-05 18:00:47.884 (D) DeviceEnumerator::enumerateDevices: sdrangel.samplesink.bladerf2output
2026-04-05 18:00:47.884 (D) DeviceEnumerator::enumerateDevices: sdrangel.samplesink.fileoutput
2026-04-05 18:00:47.884 (D) DeviceEnumerator::enumerateDevices: sdrangel.samplesink.hackrf
2026-04-05 18:00:47.884 (D) DeviceEnumerator::enumerateDevices: sdrangel.samplesink.limesdr
2026-04-05 18:00:47.884 (D) DeviceEnumerator::enumerateDevices: sdrangel.samplesink.localoutput
2026-04-05 18:00:47.884 (D) DeviceEnumerator::enumerateDevices: sdrangel.samplesink.plutosdr
2026-04-05 18:00:47.884 (D) DeviceEnumerator::enumerateDevices: sdrangel.samplesink.remoteoutput
2026-04-05 18:00:47.884 (D) DeviceEnumerator::enumerateDevices: sdrangel.samplesink.testsink
2026-04-05 18:00:47.884 (D) DeviceEnumerator::enumerateDevices: sdrangel.samplesink.usrp
2026-04-05 18:00:47.888 (D) DeviceEnumerator::enumerateDevices: sdrangel.samplemimo.audiocatsiso
2026-04-05 18:00:47.888 (D) AudioCATSISOPlugin::enumSampleMIMO: enumerated AudioCATSISO device #0
2026-04-05 18:00:47.888 (D) DeviceEnumerator::enumerateDevices: sdrangel.samplemimo.bladerf2mimo
2026-04-05 18:00:47.888 (D) DeviceEnumerator::enumerateDevices: sdrangel.samplemimo.limesdrmimo
2026-04-05 18:00:47.888 (D) DeviceEnumerator::enumerateDevices: sdrangel.samplemimo.metismiso
2026-04-05 18:00:47.889 (D) DeviceMetisScan::scan: discovery writeDatagram sent to 192.168.11.255
2026-04-05 18:00:47.889 (D) DeviceMetisScan::scan: discovery writeDatagram sent to 127.255.255.255
2026-04-05 18:00:47.889 (D) DeviceMetisScan::scan: discovery writeDatagram sent to 172.17.255.255
2026-04-05 18:00:47.889 (D) DeviceMetisScan::scan: start 0.5 second timeout loop
2026-04-05 18:00:48.413 (D) DeviceEnumerator::enumerateDevices: sdrangel.samplemimo.plutosdrmimo
2026-04-05 18:00:48.413 (D) DeviceEnumerator::enumerateDevices: sdrangel.samplemimo.testmi
2026-04-05 18:00:48.413 (D) DeviceEnumerator::enumerateDevices: sdrangel.samplemimo.testmosync
2026-04-05 18:00:48.413 (D) DeviceEnumerator::addNonDiscoverableDevices: start
2026-04-05 18:00:48.414 (D) StaticFileController: docroot=:/webapi, encoding=UTF-8, maxAge=60000
2026-04-05 18:00:48.414 (D) StaticFileController: cache timeout=60000, size=1000000
2026-04-05 18:00:48.414 (D) HttpListener: Listening on port 8091
2026-04-05 18:00:48.414 (I) WebAPIServer::start: starting web API server at http://0.0.0.0:8091
2026-04-05 18:00:48.414 (D) MainWindow::MainWindow: end
2026-04-05 18:00:48.417 (D) MainWindow::MainWindow: load current configuration...
2026-04-05 18:00:48.418 (D) LoadConfigurationFSM::clearWorkspace
2026-04-05 18:00:48.418 (D) RemoveAllWorkspacesFSM::removeDeviceSets
2026-04-05 18:00:48.418 (D) RemoveAllDeviceSetsFSM::removeNext
2026-04-05 18:00:48.418 (D) RemoveAllWorkspacesFSM::removeWorkspaces
2026-04-05 18:00:48.418 (D) RemoveAllWorkspacesFSM::removeWorkspaces done
2026-04-05 18:00:48.418 (D) LoadConfigurationFSM::createWorkspaces
2026-04-05 18:00:48.435 (D) LoadConfigurationFSM::loadDeviceSets
2026-04-05 18:00:48.435 (D) DeviceEnumerator::getBestSamplingDeviceIndex: serial matched (exact): id: sdrangel.samplesource.rtlsdr ser: 00000001
2026-04-05 18:00:48.435 (D) MainWindow::loadConfiguration: add source sdrangel.samplesource.rtlsdr in workspace 0 spectrum in 0
2026-04-05 18:00:48.435 (W) QStateMachine::addState: state has already been added to this machine
2026-04-05 18:00:48.436 (D) SpectrumVis::applySettings:  m_fftSize:  1024  m_fftWindow:  4  m_fftOverlap:  0  m_averagingIndex:  0  m_averagingMode:  0  m_refLevel:  0  m_powerRange:  100  m_fpsPeriodMs:  50  m_linear:  false  m_ssb:  false  m_usb:  true  m_wsSpectrumAddress:  "127.0.0.1"  m_wsSpectrumPort:  8887  force:  true
2026-04-05 18:00:48.436 (D) FFTFactory::getEngine: reuse engine: 0 FFT fwd size: 1024
2026-04-05 18:00:48.440 (W) libpng warning: iCCP: known incorrect sRGB profile
2026-04-05 18:00:48.440 (W) libpng warning: iCCP: too many profiles
2026-04-05 18:00:48.440 (D) GLSpectrumGUI::on_averaging_currentIndexChanged: log
2026-04-05 18:00:48.441 (D) GLSpectrumGUI::on_fftSize_currentIndexChanged: 4
2026-04-05 18:00:48.441 (D) GLSpectrumGUI::on_fps_currentIndexChanged: 50 ms
2026-04-05 18:00:48.441 (D) SpectrumVis::handleMessage: MsgConfigureSpectrumVis
2026-04-05 18:00:48.441 (D) SpectrumVis::applySettings:  m_fftSize:  1024  m_fftWindow:  4  m_fftOverlap:  0  m_averagingIndex:  0  m_averagingMode:  0  m_refLevel:  0  m_powerRange:  100  m_fpsPeriodMs:  50  m_linear:  false  m_ssb:  false  m_usb:  true  m_wsSpectrumAddress:  "127.0.0.1"  m_wsSpectrumPort:  8887  force:  false
2026-04-05 18:00:48.441 (D) GLSpectrumGUI::handleInputMessages: message: SpectrumVis::MsgConfigureSpectrumVis
2026-04-05 18:00:48.442 (D) GLSpectrumGUI::applySpectrumSettings: refLevel: 0.000000e+00 powerRange: 1.000000e+02
2026-04-05 18:00:48.442 (D) ScaleEngine::setTruncateMode: off
2026-04-05 18:00:48.442 (D) GLSpectrumGUI::handleInputMessages: message: GLSpectrumView::MsgReportCalibrationShift
2026-04-05 18:00:48.442 (D) MainSpectrumGUI::MainSpectrumGUI: 0x0
2026-04-05 18:00:48.448 (D) MainSpectrumGUI::shrinkWindow
2026-04-05 18:00:48.449 (D) DSPDeviceSourceEngine::addSink:  SpectrumVis
2026-04-05 18:00:48.449 (D) MainWindow::sampleSourceCreate: deviceSetIndex: 0 deviceIndex: 6 hardwareId: "RTLSDR" sequence: 0 id: "sdrangel.samplesource.rtlsdr" serial: "00000001" displayedName: "RTL-SDR[0] 00000001"
2026-04-05 18:00:48.449 (D) DSPDeviceSourceEngine::handleInputMessages: message: DSPAddBasebandSampleSink
Found Elonics E4000 tuner
2026-04-05 18:00:48.863 (I) RTLSDRInput::openDevice: open: Nooelec SMArt XTR v5, SN: 00000001 Tuner: E4000
2026-04-05 18:00:48.965 (D) RTLSDRInput::openDevice:  14 gains
2026-04-05 18:00:48.983 (D) DSPDeviceSourceEngine::setSource
2026-04-05 18:00:48.983 (D) DSPDeviceSourceEngine::handleInputMessages: message: DSPSetSource
2026-04-05 18:00:48.983 (D) DSPDeviceSourceEngine::gotoIdle
2026-04-05 18:00:48.983 (D) DSPDeviceSourceEngine::handleSetSource: set SMArt XTR v5 (SN 00000001)
2026-04-05 18:00:48.987 (D) SpectrumVis::handleMessage: DSPSignalNotification:  centerFrequency:  0  sampleRate:  0
2026-04-05 18:00:48.988 (D) DeviceGUI::DeviceGUI: 0x0
2026-04-05 18:00:48.995 (D) RTLSDRGui::updateFrequencyLimits: delta: 0 min: 24000 max: 2400000
2026-04-05 18:00:48.995 (D) RTLSDRGui::updateFrequencyLimits: delta: 0 min: 24000 max: 2400000
2026-04-05 18:00:48.995 (D) RTLSDRInput::applySettings: force:  true " m_centerFrequency: 435000000 m_devSampleRate: 1024000 m_lowSampleRate: 0 m_gain: 0 m_loPpmCorrection: 0 m_log2Decim: 4 m_fcPos: 2 m_dcBlock: 0 m_iqImbalance: 0 m_agc: 0 m_noModMode: 0 m_transverterMode: 0 m_iqOrder: 1 m_transverterDeltaFrequency: 0 m_rfBandwidth: 2500000 m_offsetTuning: 0 m_biasTee: 0 m_replayOffset: 0 m_replayLength: 20 m_replayStep: 5 m_replayLoop: 0 m_useReverseAPI: 0 m_reverseAPIAddress: 127.0.0.1 m_reverseAPIPort: 8888 m_reverseAPIDeviceIndex: 0"
2026-04-05 18:00:48.995 (D) DSPDeviceSourceEngine::configureCorrections
2026-04-05 18:00:48.995 (D) RTLSDRInput::applySettings: corrections: DC block: false IQ imbalance: false
2026-04-05 18:00:48.995 (D) DSPDeviceSourceEngine::handleInputMessages: message: DSPConfigureCorrection
2026-04-05 18:00:49.006 (D) DSPDeviceSourceEngine::handleInputMessages: message: DSPSignalNotification
2026-04-05 18:00:49.006 (D) DSPDeviceSourceEngine::handleInputMessages: DSPSignalNotification:  m_sampleRate:  64000  m_centerFrequency:  435000000
2026-04-05 18:00:49.007 (D) DSPDeviceSourceEngine::handleInputMessages: forward message to  SpectrumVis
2026-04-05 18:00:49.007 (D) DSPDeviceSourceEngine::handleInputMessages: DSPSignalNotification: guiMessageQueue: 0x5e91cb335708
2026-04-05 18:00:49.021 (D) GLSpectrumView::initializeGL: context:  major:  4  minor:  6  ES:  no
2026-04-05 18:00:49.027 (D) GLShaderTextured::initializeGL: m_useImmutableStorage:  true
2026-04-05 18:00:49.027 (D) GLShaderTextured::initializeGL: m_useImmutableStorage:  true
2026-04-05 18:00:49.027 (D) GLShaderTextured::initializeGL: m_useImmutableStorage:  true
2026-04-05 18:00:49.028 (D) GLShaderTextured::initializeGL: m_useImmutableStorage:  true
2026-04-05 18:00:49.028 (D) GLShaderColorMap::initializeGL: m_useImmutableStorage:  true
2026-04-05 18:00:49.028 (D) GLShaderTextured::initializeGL: m_useImmutableStorage:  true
2026-04-05 18:00:49.028 (D) GLShaderTextured::initializeGL: m_useImmutableStorage:  true
2026-04-05 18:00:49.029 (D) GLShaderSpectrogram::initializeGL: m_useImmutableStorage:  true
2026-04-05 18:00:49.030 (D) GLShaderTextured::initializeGL: m_useImmutableStorage:  true
2026-04-05 18:00:49.030 (D) GLShaderTextured::initializeGL: m_useImmutableStorage:  true
2026-04-05 18:00:49.035 (D) GLShaderSpectrogram::initGrid: requested:  512  actual:  512
2026-04-05 18:00:49.057 (D) SpectrumVis::handleMessage: DSPSignalNotification:  centerFrequency:  435000000  sampleRate:  64000
2026-04-05 18:00:49.057 (D) RTLSDRGui::handleInputMessages: message: DSPSignalNotification
2026-04-05 18:00:49.057 (D) RTLSDRGui::handleInputMessages: DSPSignalNotification: SampleRate:64000, CenterFrequency:435000000
2026-04-05 18:00:49.057 (D) GLSpectrumGUI::handleInputMessages: message: GLSpectrumView::MsgReportSampleRate
2026-04-05 18:00:49.297 (D) LoadConfigurationFSM::loadDeviceSetSettings
2026-04-05 18:00:49.304 (D) GLShaderSpectrogram::initGrid: requested:  512  actual:  512
2026-04-05 18:00:49.320 (D) DeviceUISet::loadDeviceSetSettings: preset: [default, no name]
2026-04-05 18:00:49.320 (D) SpectrumVis::handleMessage: MsgConfigureSpectrumVis
2026-04-05 18:00:49.320 (D) SpectrumVis::applySettings:  m_fftSize:  1024  m_fftWindow:  4  m_fftOverlap:  0  m_averagingIndex:  0  m_averagingMode:  0  m_refLevel:  0  m_powerRange:  100  m_fpsPeriodMs:  50  m_linear:  false  m_ssb:  false  m_usb:  true  m_wsSpectrumAddress:  "127.0.0.1"  m_wsSpectrumPort:  8887  force:  false
2026-04-05 18:00:49.320 (D) GLSpectrumGUI::handleInputMessages: message: SpectrumVis::MsgConfigureSpectrumVis
2026-04-05 18:00:49.320 (D) GLSpectrumGUI::applySpectrumSettings: refLevel: 0.000000e+00 powerRange: 1.000000e+02
2026-04-05 18:00:49.320 (D) ScaleEngine::setTruncateMode: off
2026-04-05 18:00:49.320 (D) GLSpectrumGUI::handleInputMessages: message: GLSpectrumView::MsgReportCalibrationShift
2026-04-05 18:00:49.320 (D) DeviceAPI::loadSamplingDeviceSettings: Loading Rx preset [default | no name]
2026-04-05 18:00:49.320 (D) Preset::findBestDeviceConfig: serial matched (exact): id: sdrangel.samplesource.rtlsdr ser: 00000001
2026-04-05 18:00:49.320 (D) DeviceAPI::loadSamplingDeviceSettings: source center frequency: 403000000 Hz
2026-04-05 18:00:49.320 (D) DeviceAPI::loadSamplingDeviceSettings: deserializing source sdrangel.samplesource.rtlsdr[0]: 00000001
2026-04-05 18:00:49.320 (D) RTLSDRInput::handleMessage: MsgConfigureRTLSDR
2026-04-05 18:00:49.320 (D) RTLSDRInput::applySettings: force:  true " m_centerFrequency: 435000000 m_devSampleRate: 1024000 m_lowSampleRate: 0 m_gain: 420 m_loPpmCorrection: 0 m_log2Decim: 4 m_fcPos: 2 m_dcBlock: 0 m_iqImbalance: 0 m_agc: 1 m_noModMode: 0 m_transverterMode: 0 m_iqOrder: 1 m_transverterDeltaFrequency: 0 m_rfBandwidth: 2500000 m_offsetTuning: 0 m_biasTee: 0 m_replayOffset: 0 m_replayLength: 20 m_replayStep: 5 m_replayLoop: 0 m_useReverseAPI: 0 m_reverseAPIAddress: 127.0.0.1 m_reverseAPIPort: 8888 m_reverseAPIDeviceIndex: 0"
2026-04-05 18:00:49.320 (D) DSPDeviceSourceEngine::configureCorrections
2026-04-05 18:00:49.320 (D) RTLSDRInput::applySettings: corrections: DC block: false IQ imbalance: false
2026-04-05 18:00:49.321 (D) RTLSDRInput::handleMessage: MsgConfigureRTLSDR
2026-04-05 18:00:49.321 (D) RTLSDRInput::applySettings: force:  false " m_centerFrequency: 403000000"
2026-04-05 18:00:49.321 (D) DSPDeviceSourceEngine::handleInputMessages: message: DSPConfigureCorrection
2026-04-05 18:00:49.321 (D) DSPDeviceSourceEngine::handleInputMessages: message: DSPSignalNotification
2026-04-05 18:00:49.321 (D) DeviceUISet::loadRxChannelSettings: Loading preset [default | no name]
2026-04-05 18:00:49.321 (D) DeviceUISet::loadRxChannelSettings: 0 channel(s) in preset
2026-04-05 18:00:49.321 (D) LoadConfigurationFSM::loadFeatureSets
2026-04-05 18:00:49.321 (D) FeatureUISet::loadFeatureSetSettings: Loading preset [default | no name]
2026-04-05 18:00:49.321 (D) FeatureUISet::loadFeatureSetSettings: 1 feature(s) in preset
2026-04-05 18:00:49.321 (D) FeatureUISet::loadFeatureSetSettings: creating new feature [sdrangel.feature.radiosonde] from config [sdrangel.feature.radiosonde]
2026-04-05 18:00:49.321 (D) DSPDeviceSourceEngine::handleInputMessages: DSPSignalNotification:  m_sampleRate:  64000  m_centerFrequency:  435000000
2026-04-05 18:00:49.321 (D) Radiosonde::Radiosonde: webAPIAdapterInterface: 0x5e91cae82310
2026-04-05 18:00:49.321 (D) DSPDeviceSourceEngine::handleInputMessages: forward message to  SpectrumVis
2026-04-05 18:00:49.321 (D) DSPDeviceSourceEngine::handleInputMessages: DSPSignalNotification: guiMessageQueue: 0x5e91cb335708
2026-04-05 18:00:49.321 (D) DSPDeviceSourceEngine::handleInputMessages: message: DSPSignalNotification
2026-04-05 18:00:49.321 (D) DSPDeviceSourceEngine::handleInputMessages: DSPSignalNotification:  m_sampleRate:  64000  m_centerFrequency:  403000000
2026-04-05 18:00:49.321 (D) DSPDeviceSourceEngine::handleInputMessages: forward message to  SpectrumVis
2026-04-05 18:00:49.321 (D) DSPDeviceSourceEngine::handleInputMessages: DSPSignalNotification: guiMessageQueue: 0x5e91cb335708
2026-04-05 18:00:49.321 (D) FeatureGUI::FeatureGUI
2026-04-05 18:00:49.325 (D) Radiosonde::handleMessage: MsgConfigureRadiosonde
2026-04-05 18:00:49.325 (D) Radiosonde::applySettings: " m_title: Radiosonde m_rgbColor: 4284874854 m_useReverseAPI: 0 m_reverseAPIAddress: 127.0.0.1 m_reverseAPIPort: 8888 m_reverseAPIFeatureSetIndex: 0 m_reverseAPIFeatureIndex: 0 m_y1: 1 m_y2: 2 m_feedEnabled: 0 m_callsign: Home m_antenna:  m_displayPosition: 0 m_mobile: 0 m_email:  m_showPredictedPaths: 0 m_workspaceIndex: -890612208"  force:  true
2026-04-05 18:00:49.326 (D) FeatureUISet::loadFeatureSetSettings: deserializing feature [sdrangel.feature.radiosonde]
2026-04-05 18:00:49.326 (D) Radiosonde::handleMessage: MsgConfigureRadiosonde
2026-04-05 18:00:49.326 (D) Radiosonde::applySettings: " m_title: Radiosonde m_rgbColor: 4284874854 m_useReverseAPI: 0 m_reverseAPIAddress: 127.0.0.1 m_reverseAPIPort: 8888 m_reverseAPIFeatureSetIndex: 0 m_reverseAPIFeatureIndex: 0 m_y1: 1 m_y2: 2 m_feedEnabled: 0 m_callsign: Home m_antenna:  m_displayPosition: 0 m_mobile: 0 m_email:  m_showPredictedPaths: 0 m_workspaceIndex: 0"  force:  true
2026-04-05 18:00:49.330 (D) Radiosonde::handleMessage: MsgConfigureRadiosonde
2026-04-05 18:00:49.330 (D) Radiosonde::applySettings: ""  force:  false
2026-04-05 18:00:49.330 (D) LoadConfigurationFSM::restoreGeometry
2026-04-05 18:00:49.331 (D) RTLSDRGui::handleInputMessages: message: RTLSDRInput::MsgConfigureRTLSDR
2026-04-05 18:00:49.331 (D) RTLSDRGui::updateFrequencyLimits: delta: 0 min: 24000 max: 2400000
2026-04-05 18:00:49.331 (D) RTLSDRGui::handleInputMessages: message: RTLSDRInput::MsgConfigureRTLSDR
2026-04-05 18:00:49.331 (D) RTLSDRGui::updateFrequencyLimits: delta: 0 min: 24000 max: 2400000
2026-04-05 18:00:49.331 (D) RTLSDRGui::handleInputMessages: message: DSPSignalNotification
2026-04-05 18:00:49.331 (D) RTLSDRGui::handleInputMessages: DSPSignalNotification: SampleRate:64000, CenterFrequency:435000000
2026-04-05 18:00:49.331 (D) GLSpectrumGUI::handleInputMessages: message: GLSpectrumView::MsgReportSampleRate
2026-04-05 18:00:49.331 (D) RTLSDRGui::handleInputMessages: message: DSPSignalNotification
2026-04-05 18:00:49.331 (D) RTLSDRGui::handleInputMessages: DSPSignalNotification: SampleRate:64000, CenterFrequency:403000000
2026-04-05 18:00:49.331 (D) GLSpectrumGUI::handleInputMessages: message: GLSpectrumView::MsgReportSampleRate
2026-04-05 18:00:49.331 (D) SpectrumVis::handleMessage: DSPSignalNotification:  centerFrequency:  435000000  sampleRate:  64000
2026-04-05 18:00:49.331 (D) SpectrumVis::handleMessage: DSPSignalNotification:  centerFrequency:  403000000  sampleRate:  64000
2026-04-05 18:00:49.426 (D) RTLSDRInput::handleMessage: MsgConfigureRTLSDR
2026-04-05 18:00:49.426 (D) RTLSDRInput::applySettings: force:  true " m_centerFrequency: 403000000 m_devSampleRate: 1024000 m_lowSampleRate: 0 m_gain: 420 m_loPpmCorrection: 0 m_log2Decim: 4 m_fcPos: 2 m_dcBlock: 0 m_iqImbalance: 0 m_agc: 1 m_noModMode: 0 m_transverterMode: 0 m_iqOrder: 1 m_transverterDeltaFrequency: 0 m_rfBandwidth: 2500000 m_offsetTuning: 0 m_biasTee: 0 m_replayOffset: 0 m_replayLength: 20 m_replayStep: 5 m_replayLoop: 0 m_useReverseAPI: 0 m_reverseAPIAddress: 127.0.0.1 m_reverseAPIPort: 8888 m_reverseAPIDeviceIndex: 0"
2026-04-05 18:00:49.426 (D) DSPDeviceSourceEngine::configureCorrections
2026-04-05 18:00:49.426 (D) RTLSDRInput::applySettings: corrections: DC block: false IQ imbalance: false
2026-04-05 18:00:49.426 (D) DSPDeviceSourceEngine::handleInputMessages: message: DSPConfigureCorrection
2026-04-05 18:00:49.426 (D) DSPDeviceSourceEngine::handleInputMessages: message: DSPSignalNotification
2026-04-05 18:00:49.426 (D) DSPDeviceSourceEngine::handleInputMessages: DSPSignalNotification:  m_sampleRate:  64000  m_centerFrequency:  403000000
2026-04-05 18:00:49.426 (D) DSPDeviceSourceEngine::handleInputMessages: forward message to  SpectrumVis
2026-04-05 18:00:49.426 (D) DSPDeviceSourceEngine::handleInputMessages: DSPSignalNotification: guiMessageQueue: 0x5e91cb335708
2026-04-05 18:00:49.426 (D) SpectrumVis::handleMessage: DSPSignalNotification:  centerFrequency:  403000000  sampleRate:  64000
2026-04-05 18:00:49.426 (D) RTLSDRGui::handleInputMessages: message: DSPSignalNotification
2026-04-05 18:00:49.426 (D) RTLSDRGui::handleInputMessages: DSPSignalNotification: SampleRate:64000, CenterFrequency:403000000
2026-04-05 18:00:49.426 (D) GLSpectrumGUI::handleInputMessages: message: GLSpectrumView::MsgReportSampleRate
2026-04-05 18:00:57.794 (I) SDRangel 7.22.9 Qt 5.15.13 64b x86_64 Linux Mint 22.2 DSP Rx:24b Tx:16b PID 454834
2026-04-05 18:00:57.794 (I) MainSettings::MainSettings: settings file: format: 0 location: /home/ramon/.config/f4exb/SDRangel.conf
2026-04-05 18:00:57.794 (D) MessagePipes::startGC
2026-04-05 18:00:57.794 (D) DataPipes::startGC
2026-04-05 18:00:57.796 (D) MainCore::initPosition: Using position source "geoclue2"
2026-04-05 18:00:57.796 (D) AudioDeviceManager::AudioDeviceManager: scan input devices
2026-04-05 18:00:58.213 (D) AudioDeviceManager::AudioDeviceManager: input device #0: lavrate
2026-04-05 18:00:58.214 (D) AudioDeviceManager::AudioDeviceManager: input device #1: samplerate
2026-04-05 18:00:58.214 (D) AudioDeviceManager::AudioDeviceManager: input device #2: speexrate
2026-04-05 18:00:58.214 (D) AudioDeviceManager::AudioDeviceManager: input device #3: jack
2026-04-05 18:00:58.214 (D) AudioDeviceManager::AudioDeviceManager: input device #4: oss
2026-04-05 18:00:58.214 (D) AudioDeviceManager::AudioDeviceManager: input device #5: pipewire
2026-04-05 18:00:58.214 (D) AudioDeviceManager::AudioDeviceManager: input device #6: pulse
2026-04-05 18:00:58.214 (D) AudioDeviceManager::AudioDeviceManager: input device #7: speex
2026-04-05 18:00:58.214 (D) AudioDeviceManager::AudioDeviceManager: input device #8: upmix
2026-04-05 18:00:58.214 (D) AudioDeviceManager::AudioDeviceManager: input device #9: vdownmix
2026-04-05 18:00:58.214 (D) AudioDeviceManager::AudioDeviceManager: input device #10: default
2026-04-05 18:00:58.214 (D) AudioDeviceManager::AudioDeviceManager: input device #11: hw:CARD=sofhdadsp,DEV=0
2026-04-05 18:00:58.214 (D) AudioDeviceManager::AudioDeviceManager: input device #12: hw:CARD=sofhdadsp,DEV=6
2026-04-05 18:00:58.214 (D) AudioDeviceManager::AudioDeviceManager: input device #13: hw:CARD=sofhdadsp,DEV=7
2026-04-05 18:00:58.214 (D) AudioDeviceManager::AudioDeviceManager: input device #14: plughw:CARD=sofhdadsp,DEV=0
2026-04-05 18:00:58.214 (D) AudioDeviceManager::AudioDeviceManager: input device #15: plughw:CARD=sofhdadsp,DEV=6
2026-04-05 18:00:58.214 (D) AudioDeviceManager::AudioDeviceManager: input device #16: plughw:CARD=sofhdadsp,DEV=7
2026-04-05 18:00:58.214 (D) AudioDeviceManager::AudioDeviceManager: input device #17: sysdefault:CARD=sofhdadsp
2026-04-05 18:00:58.214 (D) AudioDeviceManager::AudioDeviceManager: input device #18: dsnoop:CARD=sofhdadsp,DEV=0
2026-04-05 18:00:58.214 (D) AudioDeviceManager::AudioDeviceManager: input device #19: dsnoop:CARD=sofhdadsp,DEV=6
2026-04-05 18:00:58.214 (D) AudioDeviceManager::AudioDeviceManager: input device #20: dsnoop:CARD=sofhdadsp,DEV=7
2026-04-05 18:00:58.214 (D) AudioDeviceManager::AudioDeviceManager: input device #21: usbstream:CARD=sofhdadsp
2026-04-05 18:00:58.214 (D) AudioDeviceManager::AudioDeviceManager: input device #22: hw:CARD=Device,DEV=0
2026-04-05 18:00:58.214 (D) AudioDeviceManager::AudioDeviceManager: input device #23: plughw:CARD=Device,DEV=0
2026-04-05 18:00:58.214 (D) AudioDeviceManager::AudioDeviceManager: input device #24: sysdefault:CARD=Device
2026-04-05 18:00:58.214 (D) AudioDeviceManager::AudioDeviceManager: input device #25: front:CARD=Device,DEV=0
2026-04-05 18:00:58.214 (D) AudioDeviceManager::AudioDeviceManager: input device #26: dsnoop:CARD=Device,DEV=0
2026-04-05 18:00:58.214 (D) AudioDeviceManager::AudioDeviceManager: input device #27: usbstream:CARD=Device
2026-04-05 18:00:58.214 (D) AudioDeviceManager::AudioDeviceManager: input device #28: alsa_input.pci-0000_00_1f.3-platform-skl_hda_dsp_generic.HiFi__hw_sofhdadsp_6__source
2026-04-05 18:00:58.214 (D) AudioDeviceManager::AudioDeviceManager: input device #29: alsa_output.pci-0000_00_1f.3-platform-skl_hda_dsp_generic.HiFi__hw_sofhdadsp_5__sink.monitor
2026-04-05 18:00:58.214 (D) AudioDeviceManager::AudioDeviceManager: input device #30: alsa_output.pci-0000_00_1f.3-platform-skl_hda_dsp_generic.HiFi__hw_sofhdadsp_4__sink.monitor
2026-04-05 18:00:58.214 (D) AudioDeviceManager::AudioDeviceManager: input device #31: alsa_output.pci-0000_00_1f.3-platform-skl_hda_dsp_generic.HiFi__hw_sofhdadsp_3__sink.monitor
2026-04-05 18:00:58.214 (D) AudioDeviceManager::AudioDeviceManager: input device #32: alsa_output.pci-0000_00_1f.3-platform-skl_hda_dsp_generic.HiFi__hw_sofhdadsp__sink.monitor
2026-04-05 18:00:58.214 (D) AudioDeviceManager::AudioDeviceManager: input device #33: alsa_input.pci-0000_00_1f.3-platform-skl_hda_dsp_generic.HiFi__hw_sofhdadsp__source
2026-04-05 18:00:58.214 (D) AudioDeviceManager::AudioDeviceManager: input device #34: alsa_output.usb-C-Media_Electronics_Inc._USB_Audio_Device-00.iec958-stereo.monitor
2026-04-05 18:00:58.214 (D) AudioDeviceManager::AudioDeviceManager: input device #35: alsa_input.usb-C-Media_Electronics_Inc._USB_Audio_Device-00.mono-fallback
2026-04-05 18:00:58.214 (D) AudioDeviceManager::AudioDeviceManager: scan output devices
2026-04-05 18:00:58.717 (D) AudioDeviceManager::AudioDeviceManager: output device #0: lavrate
2026-04-05 18:00:58.717 (D) AudioDeviceManager::AudioDeviceManager: output device #1: samplerate
2026-04-05 18:00:58.717 (D) AudioDeviceManager::AudioDeviceManager: output device #2: speexrate
2026-04-05 18:00:58.717 (D) AudioDeviceManager::AudioDeviceManager: output device #3: jack
2026-04-05 18:00:58.717 (D) AudioDeviceManager::AudioDeviceManager: output device #4: oss
2026-04-05 18:00:58.717 (D) AudioDeviceManager::AudioDeviceManager: output device #5: pipewire
2026-04-05 18:00:58.717 (D) AudioDeviceManager::AudioDeviceManager: output device #6: pulse
2026-04-05 18:00:58.717 (D) AudioDeviceManager::AudioDeviceManager: output device #7: speex
2026-04-05 18:00:58.718 (D) AudioDeviceManager::AudioDeviceManager: output device #8: upmix
2026-04-05 18:00:58.718 (D) AudioDeviceManager::AudioDeviceManager: output device #9: vdownmix
2026-04-05 18:00:58.718 (D) AudioDeviceManager::AudioDeviceManager: output device #10: default
2026-04-05 18:00:58.718 (D) AudioDeviceManager::AudioDeviceManager: output device #11: hw:CARD=sofhdadsp,DEV=0
2026-04-05 18:00:58.718 (D) AudioDeviceManager::AudioDeviceManager: output device #12: hw:CARD=sofhdadsp,DEV=3
2026-04-05 18:00:58.718 (D) AudioDeviceManager::AudioDeviceManager: output device #13: hw:CARD=sofhdadsp,DEV=4
2026-04-05 18:00:58.718 (D) AudioDeviceManager::AudioDeviceManager: output device #14: hw:CARD=sofhdadsp,DEV=5
2026-04-05 18:00:58.718 (D) AudioDeviceManager::AudioDeviceManager: output device #15: hw:CARD=sofhdadsp,DEV=31
2026-04-05 18:00:58.718 (D) AudioDeviceManager::AudioDeviceManager: output device #16: plughw:CARD=sofhdadsp,DEV=0
2026-04-05 18:00:58.718 (D) AudioDeviceManager::AudioDeviceManager: output device #17: plughw:CARD=sofhdadsp,DEV=3
2026-04-05 18:00:58.718 (D) AudioDeviceManager::AudioDeviceManager: output device #18: plughw:CARD=sofhdadsp,DEV=4
2026-04-05 18:00:58.718 (D) AudioDeviceManager::AudioDeviceManager: output device #19: plughw:CARD=sofhdadsp,DEV=5
2026-04-05 18:00:58.718 (D) AudioDeviceManager::AudioDeviceManager: output device #20: plughw:CARD=sofhdadsp,DEV=31
2026-04-05 18:00:58.718 (D) AudioDeviceManager::AudioDeviceManager: output device #21: sysdefault:CARD=sofhdadsp
2026-04-05 18:00:58.718 (D) AudioDeviceManager::AudioDeviceManager: output device #22: dmix:CARD=sofhdadsp,DEV=0
2026-04-05 18:00:58.718 (D) AudioDeviceManager::AudioDeviceManager: output device #23: dmix:CARD=sofhdadsp,DEV=3
2026-04-05 18:00:58.718 (D) AudioDeviceManager::AudioDeviceManager: output device #24: dmix:CARD=sofhdadsp,DEV=4
2026-04-05 18:00:58.718 (D) AudioDeviceManager::AudioDeviceManager: output device #25: dmix:CARD=sofhdadsp,DEV=5
2026-04-05 18:00:58.718 (D) AudioDeviceManager::AudioDeviceManager: output device #26: dmix:CARD=sofhdadsp,DEV=31
2026-04-05 18:00:58.718 (D) AudioDeviceManager::AudioDeviceManager: output device #27: usbstream:CARD=sofhdadsp
2026-04-05 18:00:58.718 (D) AudioDeviceManager::AudioDeviceManager: output device #28: hw:CARD=Device,DEV=0
2026-04-05 18:00:58.718 (D) AudioDeviceManager::AudioDeviceManager: output device #29: plughw:CARD=Device,DEV=0
2026-04-05 18:00:58.718 (D) AudioDeviceManager::AudioDeviceManager: output device #30: sysdefault:CARD=Device
2026-04-05 18:00:58.718 (D) AudioDeviceManager::AudioDeviceManager: output device #31: front:CARD=Device,DEV=0
2026-04-05 18:00:58.718 (D) AudioDeviceManager::AudioDeviceManager: output device #32: surround21:CARD=Device,DEV=0
2026-04-05 18:00:58.718 (D) AudioDeviceManager::AudioDeviceManager: output device #33: surround40:CARD=Device,DEV=0
2026-04-05 18:00:58.718 (D) AudioDeviceManager::AudioDeviceManager: output device #34: surround41:CARD=Device,DEV=0
2026-04-05 18:00:58.718 (D) AudioDeviceManager::AudioDeviceManager: output device #35: surround50:CARD=Device,DEV=0
2026-04-05 18:00:58.718 (D) AudioDeviceManager::AudioDeviceManager: output device #36: surround51:CARD=Device,DEV=0
2026-04-05 18:00:58.718 (D) AudioDeviceManager::AudioDeviceManager: output device #37: surround71:CARD=Device,DEV=0
2026-04-05 18:00:58.718 (D) AudioDeviceManager::AudioDeviceManager: output device #38: iec958:CARD=Device,DEV=0
2026-04-05 18:00:58.718 (D) AudioDeviceManager::AudioDeviceManager: output device #39: dmix:CARD=Device,DEV=0
2026-04-05 18:00:58.718 (D) AudioDeviceManager::AudioDeviceManager: output device #40: usbstream:CARD=Device
2026-04-05 18:00:58.718 (D) AudioDeviceManager::AudioDeviceManager: output device #41: alsa_output.pci-0000_00_1f.3-platform-skl_hda_dsp_generic.HiFi__hw_sofhdadsp__sink
2026-04-05 18:00:58.718 (D) AudioDeviceManager::AudioDeviceManager: output device #42: alsa_output.pci-0000_00_1f.3-platform-skl_hda_dsp_generic.HiFi__hw_sofhdadsp_5__sink
2026-04-05 18:00:58.718 (D) AudioDeviceManager::AudioDeviceManager: output device #43: alsa_output.pci-0000_00_1f.3-platform-skl_hda_dsp_generic.HiFi__hw_sofhdadsp_4__sink
2026-04-05 18:00:58.718 (D) AudioDeviceManager::AudioDeviceManager: output device #44: alsa_output.pci-0000_00_1f.3-platform-skl_hda_dsp_generic.HiFi__hw_sofhdadsp_3__sink
2026-04-05 18:00:58.718 (D) AudioDeviceManager::AudioDeviceManager: output device #45: alsa_output.usb-C-Media_Electronics_Inc._USB_Audio_Device-00.iec958-stereo
2026-04-05 18:00:58.718 (D) MainWindow::MainWindow: start
2026-04-05 18:00:58.769 (D) MainWindow::MainWindow: load settings...
2026-04-05 18:00:58.769 (D) MainWindow::loadSettings
2026-04-05 18:00:58.769 (D) AudioDeviceManager::deserialize
2026-04-05 18:00:58.769 (D) AudioDeviceManager::debugAudioOutputInfos:  name:  "System default device"  sampleRate:  48000  udpAddress:  "127.0.0.1"  udpPort:  9998  copyToUDP:  false  udpUseRTP:  false  udpChannelMode:  0  udpChannelCodec:  0  decimationFactor:  1
2026-04-05 18:00:58.769 (D) AudioDeviceManager::debugAudioOutputInfos:  name:  "alsa_output.pci-0000_00_1f.3-platform-skl_hda_dsp_generic.HiFi__hw_sofhdadsp__sink"  sampleRate:  48000  udpAddress:  "127.0.0.1"  udpPort:  9998  copyToUDP:  false  udpUseRTP:  false  udpChannelMode:  0  udpChannelCodec:  0  decimationFactor:  1
2026-04-05 18:00:58.769 (D) AudioDeviceManager::debugAudioOutputInfos:  name:  "hw:CARD=Device,DEV=0"  sampleRate:  44100  udpAddress:  "127.0.0.1"  udpPort:  9998  copyToUDP:  false  udpUseRTP:  false  udpChannelMode:  0  udpChannelCodec:  0  decimationFactor:  1
2026-04-05 18:00:58.771 (D) FFTEngine::create: using FFTW engine
2026-04-05 18:00:58.771 (D) FFTWEngine::configure: no FFTW wisdom file
2026-04-05 18:00:58.869 (D) FFT: creating FFTW plan (n=128,forward) took 97 ms
2026-04-05 18:00:58.869 (D) FFTEngine::create: using FFTW engine
2026-04-05 18:00:58.869 (D) FFTWEngine::configure: no FFTW wisdom file
2026-04-05 18:00:59.089 (D) FFT: creating FFTW plan (n=256,forward) took 220 ms
2026-04-05 18:00:59.089 (D) FFTEngine::create: using FFTW engine
2026-04-05 18:00:59.089 (D) FFTWEngine::configure: no FFTW wisdom file
2026-04-05 18:00:59.480 (D) FFT: creating FFTW plan (n=512,forward) took 390 ms
2026-04-05 18:00:59.480 (D) FFTEngine::create: using FFTW engine
2026-04-05 18:00:59.480 (D) FFTWEngine::configure: no FFTW wisdom file
2026-04-05 18:01:00.092 (D) FFT: creating FFTW plan (n=1024,forward) took 611 ms
2026-04-05 18:01:00.093 (D) MainWindow::MainWindow: load plugins...
2026-04-05 18:01:00.093 (D) PluginManager::loadPluginsDir: fileName: libantennatools.so
2026-04-05 18:01:00.094 (I) PluginManager::loadPluginsDir: loaded plugin libantennatools.so
2026-04-05 18:01:00.094 (D) PluginManager::loadPluginsDir: fileName: libaprs.so
2026-04-05 18:01:00.095 (I) PluginManager::loadPluginsDir: loaded plugin libaprs.so
2026-04-05 18:01:00.095 (D) PluginManager::loadPluginsDir: fileName: libbeamsteeringcwmod.so
2026-04-05 18:01:00.095 (I) PluginManager::loadPluginsDir: loaded plugin libbeamsteeringcwmod.so
2026-04-05 18:01:00.095 (D) PluginManager::loadPluginsDir: fileName: libchanalyzer.so
2026-04-05 18:01:00.096 (I) PluginManager::loadPluginsDir: loaded plugin libchanalyzer.so
2026-04-05 18:01:00.096 (D) PluginManager::loadPluginsDir: fileName: libchannelpower.so
2026-04-05 18:01:00.096 (I) PluginManager::loadPluginsDir: loaded plugin libchannelpower.so
2026-04-05 18:01:00.096 (D) PluginManager::loadPluginsDir: fileName: libdemodadsb.so
2026-04-05 18:01:00.101 (I) PluginManager::loadPluginsDir: loaded plugin libdemodadsb.so
2026-04-05 18:01:00.101 (D) PluginManager::loadPluginsDir: fileName: libdemodais.so
2026-04-05 18:01:00.101 (I) PluginManager::loadPluginsDir: loaded plugin libdemodais.so
2026-04-05 18:01:00.101 (D) PluginManager::loadPluginsDir: fileName: libdemodam.so
2026-04-05 18:01:00.101 (I) PluginManager::loadPluginsDir: loaded plugin libdemodam.so
2026-04-05 18:01:00.101 (D) PluginManager::loadPluginsDir: fileName: libdemodapt.so
2026-04-05 18:01:00.102 (I) PluginManager::loadPluginsDir: loaded plugin libdemodapt.so
2026-04-05 18:01:00.102 (D) PluginManager::loadPluginsDir: fileName: libdemodatv.so
2026-04-05 18:01:00.102 (I) PluginManager::loadPluginsDir: loaded plugin libdemodatv.so
2026-04-05 18:01:00.102 (D) PluginManager::loadPluginsDir: fileName: libdemodbfm.so
2026-04-05 18:01:00.103 (I) PluginManager::loadPluginsDir: loaded plugin libdemodbfm.so
2026-04-05 18:01:00.103 (D) PluginManager::loadPluginsDir: fileName: libdemodchirpchat.so
2026-04-05 18:01:00.103 (I) PluginManager::loadPluginsDir: loaded plugin libdemodchirpchat.so
2026-04-05 18:01:00.103 (D) PluginManager::loadPluginsDir: fileName: libdemoddab.so
2026-04-05 18:01:00.103 (I) PluginManager::loadPluginsDir: loaded plugin libdemoddab.so
2026-04-05 18:01:00.103 (D) PluginManager::loadPluginsDir: fileName: libdemoddatv.so
2026-04-05 18:01:00.115 (I) PluginManager::loadPluginsDir: loaded plugin libdemoddatv.so
2026-04-05 18:01:00.115 (D) PluginManager::loadPluginsDir: fileName: libdemoddsc.so
2026-04-05 18:01:00.116 (I) PluginManager::loadPluginsDir: loaded plugin libdemoddsc.so
2026-04-05 18:01:00.116 (D) PluginManager::loadPluginsDir: fileName: libdemoddsd.so
2026-04-05 18:01:00.116 (W) PluginManager::loadPluginsDir: Cannot load library /usr/lib/sdrangel/plugins/libdemoddsd.so: (libmbe.so.1: no se puede abrir el archivo del objeto compartido: No existe el archivo o el directorio)
2026-04-05 18:01:00.116 (D) PluginManager::loadPluginsDir: fileName: libdemodendoftrain.so
2026-04-05 18:01:00.116 (I) PluginManager::loadPluginsDir: loaded plugin libdemodendoftrain.so
2026-04-05 18:01:00.116 (D) PluginManager::loadPluginsDir: fileName: libdemodfreedv.so
2026-04-05 18:01:00.117 (I) PluginManager::loadPluginsDir: loaded plugin libdemodfreedv.so
2026-04-05 18:01:00.117 (D) PluginManager::loadPluginsDir: fileName: libdemodft8.so
2026-04-05 18:01:00.117 (I) PluginManager::loadPluginsDir: loaded plugin libdemodft8.so
2026-04-05 18:01:00.117 (D) PluginManager::loadPluginsDir: fileName: libdemodils.so
2026-04-05 18:01:00.117 (I) PluginManager::loadPluginsDir: loaded plugin libdemodils.so
2026-04-05 18:01:00.117 (D) PluginManager::loadPluginsDir: fileName: libdemodm17.so
2026-04-05 18:01:00.118 (I) PluginManager::loadPluginsDir: loaded plugin libdemodm17.so
2026-04-05 18:01:00.118 (D) PluginManager::loadPluginsDir: fileName: libdemodnavtex.so
2026-04-05 18:01:00.118 (I) PluginManager::loadPluginsDir: loaded plugin libdemodnavtex.so
2026-04-05 18:01:00.118 (D) PluginManager::loadPluginsDir: fileName: libdemodnfm.so
2026-04-05 18:01:00.118 (I) PluginManager::loadPluginsDir: loaded plugin libdemodnfm.so
2026-04-05 18:01:00.118 (D) PluginManager::loadPluginsDir: fileName: libdemodpacket.so
2026-04-05 18:01:00.119 (I) PluginManager::loadPluginsDir: loaded plugin libdemodpacket.so
2026-04-05 18:01:00.119 (D) PluginManager::loadPluginsDir: fileName: libdemodpager.so
2026-04-05 18:01:00.119 (I) PluginManager::loadPluginsDir: loaded plugin libdemodpager.so
2026-04-05 18:01:00.119 (D) PluginManager::loadPluginsDir: fileName: libdemodradiosonde.so
2026-04-05 18:01:00.119 (I) PluginManager::loadPluginsDir: loaded plugin libdemodradiosonde.so
2026-04-05 18:01:00.119 (D) PluginManager::loadPluginsDir: fileName: libdemodrtty.so
2026-04-05 18:01:00.120 (I) PluginManager::loadPluginsDir: loaded plugin libdemodrtty.so
2026-04-05 18:01:00.120 (D) PluginManager::loadPluginsDir: fileName: libdemodssb.so
2026-04-05 18:01:00.120 (I) PluginManager::loadPluginsDir: loaded plugin libdemodssb.so
2026-04-05 18:01:00.120 (D) PluginManager::loadPluginsDir: fileName: libdemodvor.so
2026-04-05 18:01:00.120 (I) PluginManager::loadPluginsDir: loaded plugin libdemodvor.so
2026-04-05 18:01:00.120 (D) PluginManager::loadPluginsDir: fileName: libdemodwfm.so
2026-04-05 18:01:00.121 (I) PluginManager::loadPluginsDir: loaded plugin libdemodwfm.so
2026-04-05 18:01:00.121 (D) PluginManager::loadPluginsDir: fileName: libdoa2.so
2026-04-05 18:01:00.121 (I) PluginManager::loadPluginsDir: loaded plugin libdoa2.so
2026-04-05 18:01:00.121 (D) PluginManager::loadPluginsDir: fileName: libfeatureafc.so
2026-04-05 18:01:00.121 (I) PluginManager::loadPluginsDir: loaded plugin libfeatureafc.so
2026-04-05 18:01:00.121 (D) PluginManager::loadPluginsDir: fileName: libfeatureais.so
2026-04-05 18:01:00.121 (I) PluginManager::loadPluginsDir: loaded plugin libfeatureais.so
2026-04-05 18:01:00.121 (D) PluginManager::loadPluginsDir: fileName: libfeatureambe.so
2026-04-05 18:01:00.122 (I) PluginManager::loadPluginsDir: loaded plugin libfeatureambe.so
2026-04-05 18:01:00.122 (D) PluginManager::loadPluginsDir: fileName: libfeaturedemodanalyzer.so
2026-04-05 18:01:00.122 (I) PluginManager::loadPluginsDir: loaded plugin libfeaturedemodanalyzer.so
2026-04-05 18:01:00.122 (D) PluginManager::loadPluginsDir: fileName: libfeaturegs232controller.so
2026-04-05 18:01:00.122 (I) PluginManager::loadPluginsDir: loaded plugin libfeaturegs232controller.so
2026-04-05 18:01:00.123 (D) PluginManager::loadPluginsDir: fileName: libfeaturelimerfe.so
2026-04-05 18:01:00.123 (I) PluginManager::loadPluginsDir: loaded plugin libfeaturelimerfe.so
2026-04-05 18:01:00.123 (D) PluginManager::loadPluginsDir: fileName: libfeaturemorsedecoder.so
2026-04-05 18:01:00.123 (I) PluginManager::loadPluginsDir: loaded plugin libfeaturemorsedecoder.so
2026-04-05 18:01:00.123 (D) PluginManager::loadPluginsDir: fileName: libfeaturepertester.so
2026-04-05 18:01:00.124 (I) PluginManager::loadPluginsDir: loaded plugin libfeaturepertester.so
2026-04-05 18:01:00.124 (D) PluginManager::loadPluginsDir: fileName: libfeatureradiosonde.so
2026-04-05 18:01:00.124 (I) PluginManager::loadPluginsDir: loaded plugin libfeatureradiosonde.so
2026-04-05 18:01:00.124 (D) PluginManager::loadPluginsDir: fileName: libfeatureremotecontrol.so
2026-04-05 18:01:00.124 (I) PluginManager::loadPluginsDir: loaded plugin libfeatureremotecontrol.so
2026-04-05 18:01:00.124 (D) PluginManager::loadPluginsDir: fileName: libfeaturerigctlserver.so
2026-04-05 18:01:00.124 (I) PluginManager::loadPluginsDir: loaded plugin libfeaturerigctlserver.so
2026-04-05 18:01:00.124 (D) PluginManager::loadPluginsDir: fileName: libfeaturesatellitetracker.so
2026-04-05 18:01:00.125 (I) PluginManager::loadPluginsDir: loaded plugin libfeaturesatellitetracker.so
2026-04-05 18:01:00.125 (D) PluginManager::loadPluginsDir: fileName: libfeaturesid.so
2026-04-05 18:01:00.125 (I) PluginManager::loadPluginsDir: loaded plugin libfeaturesid.so
2026-04-05 18:01:00.125 (D) PluginManager::loadPluginsDir: fileName: libfeaturesimpleptt.so
2026-04-05 18:01:00.126 (I) PluginManager::loadPluginsDir: loaded plugin libfeaturesimpleptt.so
2026-04-05 18:01:00.126 (D) PluginManager::loadPluginsDir: fileName: libfeatureskymap.so
2026-04-05 18:01:00.132 (I) PluginManager::loadPluginsDir: loaded plugin libfeatureskymap.so
2026-04-05 18:01:00.132 (D) PluginManager::loadPluginsDir: fileName: libfeaturestartracker.so
2026-04-05 18:01:00.133 (I) PluginManager::loadPluginsDir: loaded plugin libfeaturestartracker.so
2026-04-05 18:01:00.133 (D) PluginManager::loadPluginsDir: fileName: libfilesink.so
2026-04-05 18:01:00.133 (I) PluginManager::loadPluginsDir: loaded plugin libfilesink.so
2026-04-05 18:01:00.133 (D) PluginManager::loadPluginsDir: fileName: libfilesource.so
2026-04-05 18:01:00.133 (I) PluginManager::loadPluginsDir: loaded plugin libfilesource.so
2026-04-05 18:01:00.133 (D) PluginManager::loadPluginsDir: fileName: libfreqscanner.so
2026-04-05 18:01:00.134 (I) PluginManager::loadPluginsDir: loaded plugin libfreqscanner.so
2026-04-05 18:01:00.134 (D) PluginManager::loadPluginsDir: fileName: libfreqtracker.so
2026-04-05 18:01:00.134 (I) PluginManager::loadPluginsDir: loaded plugin libfreqtracker.so
2026-04-05 18:01:00.134 (D) PluginManager::loadPluginsDir: fileName: libheatmap.so
2026-04-05 18:01:00.134 (I) PluginManager::loadPluginsDir: loaded plugin libheatmap.so
2026-04-05 18:01:00.134 (D) PluginManager::loadPluginsDir: fileName: libinputaaroniartsa.so
2026-04-05 18:01:00.134 (I) PluginManager::loadPluginsDir: loaded plugin libinputaaroniartsa.so
2026-04-05 18:01:00.135 (D) PluginManager::loadPluginsDir: fileName: libinputairspy.so
2026-04-05 18:01:00.135 (I) PluginManager::loadPluginsDir: loaded plugin libinputairspy.so
2026-04-05 18:01:00.135 (D) PluginManager::loadPluginsDir: fileName: libinputairspyhf.so
2026-04-05 18:01:00.135 (I) PluginManager::loadPluginsDir: loaded plugin libinputairspyhf.so
2026-04-05 18:01:00.135 (D) PluginManager::loadPluginsDir: fileName: libinputaudio.so
2026-04-05 18:01:00.135 (I) PluginManager::loadPluginsDir: loaded plugin libinputaudio.so
2026-04-05 18:01:00.135 (D) PluginManager::loadPluginsDir: fileName: libinputbladerf1.so
2026-04-05 18:01:00.136 (I) PluginManager::loadPluginsDir: loaded plugin libinputbladerf1.so
2026-04-05 18:01:00.136 (D) PluginManager::loadPluginsDir: fileName: libinputbladerf2.so
2026-04-05 18:01:00.136 (I) PluginManager::loadPluginsDir: loaded plugin libinputbladerf2.so
2026-04-05 18:01:00.136 (D) PluginManager::loadPluginsDir: fileName: libinputfcdpro.so
2026-04-05 18:01:00.137 (I) PluginManager::loadPluginsDir: loaded plugin libinputfcdpro.so
2026-04-05 18:01:00.137 (D) PluginManager::loadPluginsDir: fileName: libinputfcdproplus.so
2026-04-05 18:01:00.137 (I) PluginManager::loadPluginsDir: loaded plugin libinputfcdproplus.so
2026-04-05 18:01:00.137 (D) PluginManager::loadPluginsDir: fileName: libinputfileinput.so
2026-04-05 18:01:00.137 (I) PluginManager::loadPluginsDir: loaded plugin libinputfileinput.so
2026-04-05 18:01:00.137 (D) PluginManager::loadPluginsDir: fileName: libinputhackrf.so
2026-04-05 18:01:00.138 (I) PluginManager::loadPluginsDir: loaded plugin libinputhackrf.so
2026-04-05 18:01:00.138 (D) PluginManager::loadPluginsDir: fileName: libinputkiwisdr.so
2026-04-05 18:01:00.138 (I) PluginManager::loadPluginsDir: loaded plugin libinputkiwisdr.so
2026-04-05 18:01:00.138 (D) PluginManager::loadPluginsDir: fileName: libinputlimesdr.so
2026-04-05 18:01:00.138 (I) PluginManager::loadPluginsDir: loaded plugin libinputlimesdr.so
2026-04-05 18:01:00.138 (D) PluginManager::loadPluginsDir: fileName: libinputlocal.so
2026-04-05 18:01:00.138 (I) PluginManager::loadPluginsDir: loaded plugin libinputlocal.so
2026-04-05 18:01:00.138 (D) PluginManager::loadPluginsDir: fileName: libinputperseus.so
2026-04-05 18:01:00.139 (I) PluginManager::loadPluginsDir: loaded plugin libinputperseus.so
2026-04-05 18:01:00.139 (D) PluginManager::loadPluginsDir: fileName: libinputplutosdr.so
2026-04-05 18:01:00.140 (I) PluginManager::loadPluginsDir: loaded plugin libinputplutosdr.so
2026-04-05 18:01:00.140 (D) PluginManager::loadPluginsDir: fileName: libinputremote.so
2026-04-05 18:01:00.140 (I) PluginManager::loadPluginsDir: loaded plugin libinputremote.so
2026-04-05 18:01:00.140 (D) PluginManager::loadPluginsDir: fileName: libinputrtlsdr.so
2026-04-05 18:01:00.140 (I) PluginManager::loadPluginsDir: loaded plugin libinputrtlsdr.so
2026-04-05 18:01:00.140 (D) PluginManager::loadPluginsDir: fileName: libinputsdrplay.so
2026-04-05 18:01:00.141 (I) PluginManager::loadPluginsDir: loaded plugin libinputsdrplay.so
2026-04-05 18:01:00.141 (D) PluginManager::loadPluginsDir: fileName: libinputsdrplayv3.so
2026-04-05 18:01:00.141 (W) PluginManager::loadPluginsDir: Cannot load library /usr/lib/sdrangel/plugins/libinputsdrplayv3.so: (libsdrplay_api.so.3: no se puede abrir el archivo del objeto compartido: No existe el archivo o el directorio)
2026-04-05 18:01:00.141 (D) PluginManager::loadPluginsDir: fileName: libinputsigmffileinput.so
2026-04-05 18:01:00.141 (I) PluginManager::loadPluginsDir: loaded plugin libinputsigmffileinput.so
2026-04-05 18:01:00.141 (I) PluginManager::loadPluginsDir: Soapy SDR disabled skipping libinputsoapysdr.so
2026-04-05 18:01:00.141 (D) PluginManager::loadPluginsDir: fileName: libinputtcpremote.so
2026-04-05 18:01:00.142 (I) PluginManager::loadPluginsDir: loaded plugin libinputtcpremote.so
2026-04-05 18:01:00.142 (D) PluginManager::loadPluginsDir: fileName: libinputtestsource.so
2026-04-05 18:01:00.142 (I) PluginManager::loadPluginsDir: loaded plugin libinputtestsource.so
2026-04-05 18:01:00.142 (D) PluginManager::loadPluginsDir: fileName: libinputusrp.so
2026-04-05 18:01:00.145 (I) PluginManager::loadPluginsDir: loaded plugin libinputusrp.so
2026-04-05 18:01:00.145 (D) PluginManager::loadPluginsDir: fileName: libinterferometer.so
2026-04-05 18:01:00.146 (I) PluginManager::loadPluginsDir: loaded plugin libinterferometer.so
2026-04-05 18:01:00.146 (D) PluginManager::loadPluginsDir: fileName: libjogdialcontroller.so
2026-04-05 18:01:00.146 (I) PluginManager::loadPluginsDir: loaded plugin libjogdialcontroller.so
2026-04-05 18:01:00.146 (D) PluginManager::loadPluginsDir: fileName: liblocalsink.so
2026-04-05 18:01:00.146 (I) PluginManager::loadPluginsDir: loaded plugin liblocalsink.so
2026-04-05 18:01:00.146 (D) PluginManager::loadPluginsDir: fileName: liblocalsource.so
2026-04-05 18:01:00.147 (I) PluginManager::loadPluginsDir: loaded plugin liblocalsource.so
2026-04-05 18:01:00.147 (D) PluginManager::loadPluginsDir: fileName: libmap.so
2026-04-05 18:01:00.148 (I) PluginManager::loadPluginsDir: loaded plugin libmap.so
2026-04-05 18:01:00.148 (D) PluginManager::loadPluginsDir: fileName: libmimoaudiocatsiso.so
2026-04-05 18:01:00.150 (I) PluginManager::loadPluginsDir: loaded plugin libmimoaudiocatsiso.so
2026-04-05 18:01:00.150 (D) PluginManager::loadPluginsDir: fileName: libmimobladerf2.so
2026-04-05 18:01:00.150 (I) PluginManager::loadPluginsDir: loaded plugin libmimobladerf2.so
2026-04-05 18:01:00.150 (D) PluginManager::loadPluginsDir: fileName: libmimolimesdr.so
2026-04-05 18:01:00.151 (I) PluginManager::loadPluginsDir: loaded plugin libmimolimesdr.so
2026-04-05 18:01:00.151 (D) PluginManager::loadPluginsDir: fileName: libmimometismiso.so
2026-04-05 18:01:00.151 (I) PluginManager::loadPluginsDir: loaded plugin libmimometismiso.so
2026-04-05 18:01:00.151 (D) PluginManager::loadPluginsDir: fileName: libmimoplutosdr.so
2026-04-05 18:01:00.151 (I) PluginManager::loadPluginsDir: loaded plugin libmimoplutosdr.so
2026-04-05 18:01:00.151 (D) PluginManager::loadPluginsDir: fileName: libmimotestmi.so
2026-04-05 18:01:00.152 (I) PluginManager::loadPluginsDir: loaded plugin libmimotestmi.so
2026-04-05 18:01:00.152 (D) PluginManager::loadPluginsDir: fileName: libmodais.so
2026-04-05 18:01:00.152 (I) PluginManager::loadPluginsDir: loaded plugin libmodais.so
2026-04-05 18:01:00.152 (D) PluginManager::loadPluginsDir: fileName: libmodam.so
2026-04-05 18:01:00.152 (I) PluginManager::loadPluginsDir: loaded plugin libmodam.so
2026-04-05 18:01:00.152 (D) PluginManager::loadPluginsDir: fileName: libmodatv.so
2026-04-05 18:01:00.193 (I) PluginManager::loadPluginsDir: loaded plugin libmodatv.so
2026-04-05 18:01:00.193 (D) PluginManager::loadPluginsDir: fileName: libmodchirpchat.so
2026-04-05 18:01:00.193 (I) PluginManager::loadPluginsDir: loaded plugin libmodchirpchat.so
2026-04-05 18:01:00.193 (D) PluginManager::loadPluginsDir: fileName: libmoddatv.so
2026-04-05 18:01:00.194 (I) PluginManager::loadPluginsDir: loaded plugin libmoddatv.so
2026-04-05 18:01:00.194 (D) PluginManager::loadPluginsDir: fileName: libmodfreedv.so
2026-04-05 18:01:00.195 (I) PluginManager::loadPluginsDir: loaded plugin libmodfreedv.so
2026-04-05 18:01:00.195 (D) PluginManager::loadPluginsDir: fileName: libmodieee_802_15_4.so
2026-04-05 18:01:00.195 (I) PluginManager::loadPluginsDir: loaded plugin libmodieee_802_15_4.so
2026-04-05 18:01:00.195 (D) PluginManager::loadPluginsDir: fileName: libmodm17.so
2026-04-05 18:01:00.195 (I) PluginManager::loadPluginsDir: loaded plugin libmodm17.so
2026-04-05 18:01:00.195 (D) PluginManager::loadPluginsDir: fileName: libmodnfm.so
2026-04-05 18:01:00.196 (I) PluginManager::loadPluginsDir: loaded plugin libmodnfm.so
2026-04-05 18:01:00.196 (D) PluginManager::loadPluginsDir: fileName: libmodpacket.so
2026-04-05 18:01:00.196 (I) PluginManager::loadPluginsDir: loaded plugin libmodpacket.so
2026-04-05 18:01:00.196 (D) PluginManager::loadPluginsDir: fileName: libmodpsk31.so
2026-04-05 18:01:00.196 (I) PluginManager::loadPluginsDir: loaded plugin libmodpsk31.so
2026-04-05 18:01:00.196 (D) PluginManager::loadPluginsDir: fileName: libmodrtty.so
2026-04-05 18:01:00.197 (I) PluginManager::loadPluginsDir: loaded plugin libmodrtty.so
2026-04-05 18:01:00.197 (D) PluginManager::loadPluginsDir: fileName: libmodssb.so
2026-04-05 18:01:00.197 (I) PluginManager::loadPluginsDir: loaded plugin libmodssb.so
2026-04-05 18:01:00.197 (D) PluginManager::loadPluginsDir: fileName: libmodwfm.so
2026-04-05 18:01:00.197 (I) PluginManager::loadPluginsDir: loaded plugin libmodwfm.so
2026-04-05 18:01:00.197 (D) PluginManager::loadPluginsDir: fileName: libnoisefigure.so
2026-04-05 18:01:00.198 (I) PluginManager::loadPluginsDir: loaded plugin libnoisefigure.so
2026-04-05 18:01:00.198 (D) PluginManager::loadPluginsDir: fileName: liboutputaaroniartsa.so
2026-04-05 18:01:00.198 (I) PluginManager::loadPluginsDir: loaded plugin liboutputaaroniartsa.so
2026-04-05 18:01:00.198 (D) PluginManager::loadPluginsDir: fileName: liboutputaudio.so
2026-04-05 18:01:00.198 (I) PluginManager::loadPluginsDir: loaded plugin liboutputaudio.so
2026-04-05 18:01:00.198 (D) PluginManager::loadPluginsDir: fileName: liboutputbladerf1.so
2026-04-05 18:01:00.198 (I) PluginManager::loadPluginsDir: loaded plugin liboutputbladerf1.so
2026-04-05 18:01:00.198 (D) PluginManager::loadPluginsDir: fileName: liboutputbladerf2.so
2026-04-05 18:01:00.199 (I) PluginManager::loadPluginsDir: loaded plugin liboutputbladerf2.so
2026-04-05 18:01:00.199 (D) PluginManager::loadPluginsDir: fileName: liboutputfileoutput.so
2026-04-05 18:01:00.199 (I) PluginManager::loadPluginsDir: loaded plugin liboutputfileoutput.so
2026-04-05 18:01:00.199 (D) PluginManager::loadPluginsDir: fileName: liboutputhackrf.so
2026-04-05 18:01:00.199 (I) PluginManager::loadPluginsDir: loaded plugin liboutputhackrf.so
2026-04-05 18:01:00.199 (D) PluginManager::loadPluginsDir: fileName: liboutputlimesdr.so
2026-04-05 18:01:00.200 (I) PluginManager::loadPluginsDir: loaded plugin liboutputlimesdr.so
2026-04-05 18:01:00.200 (D) PluginManager::loadPluginsDir: fileName: liboutputlocal.so
2026-04-05 18:01:00.200 (I) PluginManager::loadPluginsDir: loaded plugin liboutputlocal.so
2026-04-05 18:01:00.200 (D) PluginManager::loadPluginsDir: fileName: liboutputplutosdr.so
2026-04-05 18:01:00.200 (I) PluginManager::loadPluginsDir: loaded plugin liboutputplutosdr.so
2026-04-05 18:01:00.200 (D) PluginManager::loadPluginsDir: fileName: liboutputremote.so
2026-04-05 18:01:00.201 (I) PluginManager::loadPluginsDir: loaded plugin liboutputremote.so
2026-04-05 18:01:00.201 (I) PluginManager::loadPluginsDir: Soapy SDR disabled skipping liboutputsoapysdr.so
2026-04-05 18:01:00.201 (D) PluginManager::loadPluginsDir: fileName: liboutputtestmosync.so
2026-04-05 18:01:00.201 (I) PluginManager::loadPluginsDir: loaded plugin liboutputtestmosync.so
2026-04-05 18:01:00.201 (D) PluginManager::loadPluginsDir: fileName: liboutputtestsink.so
2026-04-05 18:01:00.201 (I) PluginManager::loadPluginsDir: loaded plugin liboutputtestsink.so
2026-04-05 18:01:00.201 (D) PluginManager::loadPluginsDir: fileName: liboutputusrp.so
2026-04-05 18:01:00.202 (I) PluginManager::loadPluginsDir: loaded plugin liboutputusrp.so
2026-04-05 18:01:00.202 (D) PluginManager::loadPluginsDir: fileName: libradioastronomy.so
2026-04-05 18:01:00.202 (I) PluginManager::loadPluginsDir: loaded plugin libradioastronomy.so
2026-04-05 18:01:00.202 (D) PluginManager::loadPluginsDir: fileName: libradioclock.so
2026-04-05 18:01:00.202 (I) PluginManager::loadPluginsDir: loaded plugin libradioclock.so
2026-04-05 18:01:00.202 (D) PluginManager::loadPluginsDir: fileName: libremotesink.so
2026-04-05 18:01:00.203 (I) PluginManager::loadPluginsDir: loaded plugin libremotesink.so
2026-04-05 18:01:00.203 (D) PluginManager::loadPluginsDir: fileName: libremotesource.so
2026-04-05 18:01:00.203 (I) PluginManager::loadPluginsDir: loaded plugin libremotesource.so
2026-04-05 18:01:00.203 (D) PluginManager::loadPluginsDir: fileName: libremotetcpsink.so
2026-04-05 18:01:00.203 (I) PluginManager::loadPluginsDir: loaded plugin libremotetcpsink.so
2026-04-05 18:01:00.203 (D) PluginManager::loadPluginsDir: fileName: libsigmffilesink.so
2026-04-05 18:01:00.204 (I) PluginManager::loadPluginsDir: loaded plugin libsigmffilesink.so
2026-04-05 18:01:00.204 (D) PluginManager::loadPluginsDir: fileName: libudpsink.so
2026-04-05 18:01:00.204 (I) PluginManager::loadPluginsDir: loaded plugin libudpsink.so
2026-04-05 18:01:00.204 (D) PluginManager::loadPluginsDir: fileName: libudpsource.so
2026-04-05 18:01:00.204 (I) PluginManager::loadPluginsDir: loaded plugin libudpsource.so
2026-04-05 18:01:00.204 (D) PluginManager::loadPluginsDir: fileName: libvorlocalizer.so
2026-04-05 18:01:00.205 (I) PluginManager::loadPluginsDir: loaded plugin libvorlocalizer.so
2026-04-05 18:01:00.205 (D) PluginManager::loadPluginsDir: fileName: libwdsprx.so
2026-04-05 18:01:00.205 (I) PluginManager::loadPluginsDir: loaded plugin libwdsprx.so
2026-04-05 18:01:00.205 (D) PluginManager::registerTxChannel  802.15.4 Modulator  with channel name  "sdrangel.channeltx.mod802.15.4"
2026-04-05 18:01:00.205 (D) PluginManager::registerRxChannel  ADS-B Demodulator  with channel name  "sdrangel.channel.adsbdemod"
2026-04-05 18:01:00.205 (D) PluginManager::registerFeature  AFC  with channel name  "sdrangel.feature.afc"
2026-04-05 18:01:00.205 (D) PluginManager::registerFeature  AIS  with channel name  "sdrangel.feature.ais"
2026-04-05 18:01:00.205 (D) PluginManager::registerRxChannel  AIS Demodulator  with channel name  "sdrangel.channel.aisdemod"
2026-04-05 18:01:00.205 (D) PluginManager::registerTxChannel  AIS Modulator  with channel name  "sdrangel.channel.modais"
2026-04-05 18:01:00.205 (D) PluginManager::registerRxChannel  AM Demodulator  with channel name  "sdrangel.channel.amdemod"
2026-04-05 18:01:00.205 (D) PluginManager::registerTxChannel  AM Modulator  with channel name  "sdrangel.channeltx.modam"
2026-04-05 18:01:00.205 (D) PluginManager::registerFeature  AMBE Controller  with channel name  "sdrangel.feature.ambe"
2026-04-05 18:01:00.205 (D) PluginManager::registerFeature  APRS  with channel name  "sdrangel.feature.aprs"
2026-04-05 18:01:00.205 (D) PluginManager::registerRxChannel  APT Demodulator  with channel name  "sdrangel.channel.aptdemod"
2026-04-05 18:01:00.205 (D) PluginManager::registerRxChannel  ATV Demodulator  with channel name  "sdrangel.channel.demodatv"
2026-04-05 18:01:00.205 (D) PluginManager::registerTxChannel  ATV Modulator  with channel name  "sdrangel.channeltx.modatv"
2026-04-05 18:01:00.205 (D) PluginManager::registerSampleSource  AaroniaRTSA input  with source name  sdrangel.samplesource.aaroniartsasource  and hardware id  "AaroniaRTSA"
2026-04-05 18:01:00.205 (D) PluginManager::registerSampleSink  AaroniaRTSA output  with sink name  sdrangel.samplesink.aaroniartsaoutput  and hardware id  "AaroniaRTSAOutput"
2026-04-05 18:01:00.205 (D) PluginManager::registerSampleSource  Airspy Input  with source name  sdrangel.samplesource.airspy  and hardware id  "Airspy"
2026-04-05 18:01:00.205 (D) PluginManager::registerSampleSource  AirspyHF Input  with source name  sdrangel.samplesource.airspyhf  and hardware id  "AirspyHF"
2026-04-05 18:01:00.205 (D) PluginManager::registerFeature  Antenna Tools  with channel name  "sdrangel.feature.antennatools"
2026-04-05 18:01:00.205 (D) PluginManager::registerSampleMIMO  Audio CAT SISO  with MIMO name  sdrangel.samplemimo.audiocatsiso  and hardware id  "AudioCATSISO"
2026-04-05 18:01:00.205 (D) PluginManager::registerSampleSource  Audio Input  with source name  sdrangel.samplesource.audioinput  and hardware id  "AudioInput"
2026-04-05 18:01:00.205 (D) PluginManager::registerSampleSink  Audio output  with sink name  sdrangel.samplesink.audiooutput  and hardware id  "AudioOutput"
2026-04-05 18:01:00.205 (D) PluginManager::registerMIMOChannel  BeamSteeringCWMod  with channel name  "sdrangel.channel.beamsteeringcwmod"
2026-04-05 18:01:00.205 (D) PluginManager::registerSampleSource  BladeRF1 Input  with source name  sdrangel.samplesource.bladerf1input  and hardware id  "BladeRF1"
2026-04-05 18:01:00.205 (D) PluginManager::registerSampleSink  BladeRF1 Output  with sink name  sdrangel.samplesink.bladerf1output  and hardware id  "BladeRF1"
2026-04-05 18:01:00.205 (D) PluginManager::registerSampleSource  BladeRF2 Input  with source name  sdrangel.samplesource.bladerf2input  and hardware id  "BladeRF2"
2026-04-05 18:01:00.205 (D) PluginManager::registerSampleMIMO  BladeRF2 MIMO  with MIMO name  sdrangel.samplemimo.bladerf2mimo  and hardware id  "BladeRF2"
2026-04-05 18:01:00.205 (D) PluginManager::registerSampleSink  BladeRF2 Output  with sink name  sdrangel.samplesink.bladerf2output  and hardware id  "BladeRF2"
2026-04-05 18:01:00.205 (D) PluginManager::registerRxChannel  Broadcast FM Demodulator  with channel name  "sdrangel.channel.bfm"
2026-04-05 18:01:00.205 (D) PluginManager::registerRxChannel  Channel Analyzer  with channel name  "sdrangel.channel.chanalyzer"
2026-04-05 18:01:00.205 (D) PluginManager::registerRxChannel  Channel Power  with channel name  "sdrangel.channel.channelpower"
2026-04-05 18:01:00.205 (D) PluginManager::registerRxChannel  ChirpChat Demodulator  with channel name  "sdrangel.channel.chirpchatdemod"
2026-04-05 18:01:00.206 (D) PluginManager::registerTxChannel  ChirpChat Modulator  with channel name  "sdrangel.channeltx.modchirpchat"
2026-04-05 18:01:00.206 (D) PluginManager::registerRxChannel  DAB Demodulator  with channel name  "sdrangel.channel.dabdemod"
2026-04-05 18:01:00.206 (D) PluginManager::registerRxChannel  DATV Demodulator  with channel name  "sdrangel.channel.demoddatv"
2026-04-05 18:01:00.206 (D) PluginManager::registerTxChannel  DATV Modulator  with channel name  "sdrangel.channeltx.moddatv"
2026-04-05 18:01:00.206 (D) PluginManager::registerMIMOChannel  DOA 2 sources  with channel name  "sdrangel.channel.doa2"
2026-04-05 18:01:00.206 (D) PluginManager::registerRxChannel  DSC Demodulator  with channel name  "sdrangel.channel.dscdemod"
2026-04-05 18:01:00.206 (D) PluginManager::registerFeature  Demod Analyzer  with channel name  "sdrangel.feature.demodanalyzer"
2026-04-05 18:01:00.206 (D) PluginManager::registerRxChannel  End-of-Train Demodulator  with channel name  "sdrangel.channel.endoftraindemod"
2026-04-05 18:01:00.206 (D) PluginManager::registerRxChannel  FT8 Demodulator  with channel name  "sdrangel.channel.ft8demod"
2026-04-05 18:01:00.206 (D) PluginManager::registerRxChannel  File Sink  with channel name  "sdrangel.channel.filesink"
2026-04-05 18:01:00.206 (D) PluginManager::registerTxChannel  File channel source  with channel name  "sdrangel.channeltx.filesource"
2026-04-05 18:01:00.206 (D) PluginManager::registerSampleSource  File device input  with source name  sdrangel.samplesource.fileinput  and hardware id  "FileInput"
2026-04-05 18:01:00.206 (D) PluginManager::registerSampleSource  File device input (SigMF)  with source name  sdrangel.samplesource.sigmffileinput  and hardware id  "SigMFFileInput"
2026-04-05 18:01:00.206 (D) PluginManager::registerSampleSink  File output  with sink name  sdrangel.samplesink.fileoutput  and hardware id  "FileOutput"
2026-04-05 18:01:00.206 (D) PluginManager::registerRxChannel  FreeDV Demodulator  with channel name  "sdrangel.channel.freedvdemod"
2026-04-05 18:01:00.206 (D) PluginManager::registerTxChannel  FreeDV Modulator  with channel name  "sdrangel.channeltx.freedvmod"
2026-04-05 18:01:00.206 (D) PluginManager::registerRxChannel  Frequency Scanner  with channel name  "sdrangel.channel.freqscanner"
2026-04-05 18:01:00.206 (D) PluginManager::registerRxChannel  Frequency Tracker  with channel name  "sdrangel.channel.freqtracker"
2026-04-05 18:01:00.206 (D) PluginManager::registerSampleSource  FunCube Pro Input  with source name  sdrangel.samplesource.fcdpro  and hardware id  "FCDPro"
2026-04-05 18:01:00.206 (D) PluginManager::registerSampleSource  FunCube Pro+ Input  with source name  sdrangel.samplesource.fcdproplus  and hardware id  "FCDProPlus"
2026-04-05 18:01:00.206 (D) PluginManager::registerSampleSource  HackRF Input  with source name  sdrangel.samplesource.hackrf  and hardware id  "HackRF"
2026-04-05 18:01:00.206 (D) PluginManager::registerSampleSink  HackRF Output  with sink name  sdrangel.samplesink.hackrf  and hardware id  "HackRF"
2026-04-05 18:01:00.206 (D) PluginManager::registerRxChannel  Heat Map  with channel name  "sdrangel.channel.heatmap"
2026-04-05 18:01:00.206 (D) PluginManager::registerRxChannel  ILS Demodulator  with channel name  "sdrangel.channel.ilsdemod"
2026-04-05 18:01:00.206 (D) PluginManager::registerMIMOChannel  Interferometer  with channel name  "sdrangel.channel.interferometer"
2026-04-05 18:01:00.206 (D) PluginManager::registerFeature  Jogdial Controller  with channel name  "sdrangel.feature.jogdialcontroller"
2026-04-05 18:01:00.206 (D) PluginManager::registerSampleSource  KiwiSDR input  with source name  sdrangel.samplesource.kiwisdrsource  and hardware id  "KiwiSDR"
2026-04-05 18:01:00.206 (D) PluginManager::registerFeature  LimeRFE USB Controller  with channel name  "sdrangel.feature.limerfe"
2026-04-05 18:01:00.206 (D) PluginManager::registerSampleSource  LimeSDR Input  with source name  sdrangel.samplesource.limesdr  and hardware id  "LimeSDR"
2026-04-05 18:01:00.206 (D) PluginManager::registerSampleMIMO  LimeSDR MIMO  with MIMO name  sdrangel.samplemimo.limesdrmimo  and hardware id  "LimeSDR"
2026-04-05 18:01:00.206 (D) PluginManager::registerSampleSink  LimeSDR Output  with sink name  sdrangel.samplesink.limesdr  and hardware id  "LimeSDR"
2026-04-05 18:01:00.206 (D) PluginManager::registerRxChannel  Local channel sink  with channel name  "sdrangel.channel.localsink"
2026-04-05 18:01:00.206 (D) PluginManager::registerTxChannel  Local channel source  with channel name  "sdrangel.channel.localsource"
2026-04-05 18:01:00.206 (D) PluginManager::registerSampleSource  Local device input  with source name  sdrangel.samplesource.localinput  and hardware id  "LocalInput"
2026-04-05 18:01:00.206 (D) PluginManager::registerSampleSink  Local device output  with sink name  sdrangel.samplesink.localoutput  and hardware id  "LocalOutput"
2026-04-05 18:01:00.206 (D) PluginManager::registerRxChannel  M17 Demodulator  with channel name  "sdrangel.channel.m17demod"
2026-04-05 18:01:00.206 (D) PluginManager::registerTxChannel  M17 Modulator  with channel name  "sdrangel.channeltx.modm17"
2026-04-05 18:01:00.206 (D) PluginManager::registerFeature  Map  with channel name  "sdrangel.feature.map"
2026-04-05 18:01:00.206 (D) PluginManager::registerSampleMIMO  Metis MISO  with MIMO name  sdrangel.samplemimo.metismiso  and hardware id  "MetisMISO"
2026-04-05 18:01:00.206 (D) PluginManager::registerFeature  Morse Decoder  with channel name  "sdrangel.feature.morsedecoder"
2026-04-05 18:01:00.206 (D) PluginManager::registerRxChannel  NFM Demodulator  with channel name  "sdrangel.channel.nfmdemod"
2026-04-05 18:01:00.206 (D) PluginManager::registerTxChannel  NFM Modulator  with channel name  "sdrangel.channeltx.modnfm"
2026-04-05 18:01:00.206 (D) PluginManager::registerRxChannel  Navtex Demodulator  with channel name  "sdrangel.channel.navtexdemod"
2026-04-05 18:01:00.206 (D) PluginManager::registerRxChannel  Noise Figure  with channel name  "sdrangel.channel.noisefigure"
2026-04-05 18:01:00.206 (D) PluginManager::registerTxChannel  PSK31 Modulator  with channel name  "sdrangel.channeltx.modpsk31"
2026-04-05 18:01:00.206 (D) PluginManager::registerRxChannel  Packet Demodulator  with channel name  "sdrangel.channel.packetdemod"
2026-04-05 18:01:00.206 (D) PluginManager::registerFeature  Packet Error Rate Tester  with channel name  "sdrangel.feature.pertester"
2026-04-05 18:01:00.206 (D) PluginManager::registerTxChannel  Packet Modulator  with channel name  "sdrangel.channeltx.modpacket"
2026-04-05 18:01:00.206 (D) PluginManager::registerRxChannel  Pager Demodulator  with channel name  "sdrangel.channel.pagerdemod"
2026-04-05 18:01:00.206 (D) PluginManager::registerSampleSource  Perseus Input  with source name  sdrangel.samplesource.perseus  and hardware id  "Perseus"
2026-04-05 18:01:00.206 (D) PluginManager::registerSampleSource  PlutoSDR Input  with source name  sdrangel.samplesource.plutosdr  and hardware id  "PlutoSDR"
2026-04-05 18:01:00.206 (D) PluginManager::registerSampleMIMO  PlutoSDR MIMO  with MIMO name  sdrangel.samplemimo.plutosdrmimo  and hardware id  "PlutoSDR"
2026-04-05 18:01:00.206 (D) PluginManager::registerSampleSink  PlutoSDR Output  with sink name  sdrangel.samplesink.plutosdr  and hardware id  "PlutoSDR"
2026-04-05 18:01:00.206 (D) PluginManager::registerSampleSource  RTL-SDR Input  with source name  sdrangel.samplesource.rtlsdr  and hardware id  "RTLSDR"
2026-04-05 18:01:00.206 (D) PluginManager::registerRxChannel  RTTY Demodulator  with channel name  "sdrangel.channel.rttydemod"
2026-04-05 18:01:00.206 (D) PluginManager::registerTxChannel  RTTY Modulator  with channel name  "sdrangel.channeltx.modrtty"
2026-04-05 18:01:00.206 (D) PluginManager::registerRxChannel  Radio Astronomy  with channel name  "sdrangel.channel.radioastronomy"
2026-04-05 18:01:00.206 (D) PluginManager::registerRxChannel  Radio Clock  with channel name  "sdrangel.channel.radioclock"
2026-04-05 18:01:00.206 (D) PluginManager::registerFeature  Radiosonde  with channel name  "sdrangel.feature.radiosonde"
2026-04-05 18:01:00.206 (D) PluginManager::registerRxChannel  Radiosonde Demodulator  with channel name  "sdrangel.channel.radiosondedemod"
2026-04-05 18:01:00.206 (D) PluginManager::registerFeature  Remote Control  with channel name  "sdrangel.feature.remotecontrol"
2026-04-05 18:01:00.206 (D) PluginManager::registerRxChannel  Remote TCP channel sink  with channel name  "sdrangel.channel.remotetcpsink"
2026-04-05 18:01:00.206 (D) PluginManager::registerSampleSource  Remote TCP device input  with source name  sdrangel.samplesource.remotetcpinput  and hardware id  "RemoteTCPInput"
2026-04-05 18:01:00.206 (D) PluginManager::registerRxChannel  Remote channel sink  with channel name  "sdrangel.channel.remotesink"
2026-04-05 18:01:00.206 (D) PluginManager::registerTxChannel  Remote channel source  with channel name  "sdrangel.channeltx.remotesource"
2026-04-05 18:01:00.206 (D) PluginManager::registerSampleSource  Remote device input  with source name  sdrangel.samplesource.remoteinput  and hardware id  "RemoteInput"
2026-04-05 18:01:00.206 (D) PluginManager::registerSampleSink  Remote device output  with sink name  sdrangel.samplesink.remoteoutput  and hardware id  "RemoteOutput"
2026-04-05 18:01:00.206 (D) PluginManager::registerFeature  RigCtl Server  with channel name  "sdrangel.feature.rigctlserver"
2026-04-05 18:01:00.206 (D) PluginManager::registerFeature  Rotator Controller  with channel name  "sdrangel.feature.gs232controller"
2026-04-05 18:01:00.207 (D) PluginManager::registerSampleSource  SDRPlay RSP1 Input  with source name  sdrangel.samplesource.sdrplay  and hardware id  "SDRPlay"
2026-04-05 18:01:00.207 (D) PluginManager::registerFeature  SID  with channel name  "sdrangel.feature.sid"
2026-04-05 18:01:00.207 (D) PluginManager::registerRxChannel  SSB Demodulator  with channel name  "sdrangel.channel.ssbdemod"
2026-04-05 18:01:00.207 (D) PluginManager::registerTxChannel  SSB Modulator  with channel name  "sdrangel.channeltx.modssb"
2026-04-05 18:01:00.207 (D) PluginManager::registerFeature  Satellite Tracker  with channel name  "sdrangel.feature.satellitetracker"
2026-04-05 18:01:00.207 (D) PluginManager::registerRxChannel  SigMF File Sink  with channel name  "sdrangel.channel.sigmffilesink"
2026-04-05 18:01:00.207 (D) PluginManager::registerFeature  Simple PTT  with channel name  "sdrangel.feature.simpleptt"
2026-04-05 18:01:00.207 (D) PluginManager::registerFeature  Sky Map  with channel name  "sdrangel.feature.skymap"
2026-04-05 18:01:00.207 (D) PluginManager::registerFeature  Star Tracker  with channel name  "sdrangel.feature.startracker"
2026-04-05 18:01:00.207 (D) PluginManager::registerSampleMIMO  Test Multiple Input  with MIMO name  sdrangel.samplemimo.testmi  and hardware id  "TestMI"
2026-04-05 18:01:00.207 (D) PluginManager::registerSampleSink  Test Sink Output  with sink name  sdrangel.samplesink.testsink  and hardware id  "TestSink"
2026-04-05 18:01:00.207 (D) PluginManager::registerSampleSource  Test Source input  with source name  sdrangel.samplesource.testsource  and hardware id  "TestSource"
2026-04-05 18:01:00.207 (D) PluginManager::registerSampleMIMO  Test Synchronous Multiple Output  with MIMO name  sdrangel.samplemimo.testmosync  and hardware id  "TestMOSync"
2026-04-05 18:01:00.207 (D) PluginManager::registerRxChannel  UDP Channel Sink  with channel name  "sdrangel.channel.udpsink"
2026-04-05 18:01:00.207 (D) PluginManager::registerTxChannel  UDP Channel Source  with channel name  "sdrangel.channeltx.udpsource"
2026-04-05 18:01:00.207 (D) PluginManager::registerSampleSink  URSP Output  with sink name  sdrangel.samplesink.usrp  and hardware id  "USRP"
2026-04-05 18:01:00.207 (D) PluginManager::registerSampleSource  USRP Input  with source name  sdrangel.samplesource.usrp  and hardware id  "USRP"
2026-04-05 18:01:00.207 (D) PluginManager::registerRxChannel  VOR Demodulator  with channel name  "sdrangel.channel.vordemod"
2026-04-05 18:01:00.207 (D) PluginManager::registerFeature  VOR Localizer  with channel name  "sdrangel.feature.vorlocalizer"
2026-04-05 18:01:00.207 (D) PluginManager::registerRxChannel  WDSP Receiver  with channel name  "sdrangel.channel.wdsprx"
2026-04-05 18:01:00.207 (D) PluginManager::registerRxChannel  WFM Demodulator  with channel name  "sdrangel.channel.wfmdemod"
2026-04-05 18:01:00.207 (D) PluginManager::registerTxChannel  WFM Modulator  with channel name  "sdrangel.channeltx.modwfm"
2026-04-05 18:01:00.207 (D) DeviceEnumerator::enumerateDevices: sdrangel.samplesource.aaroniartsasource
2026-04-05 18:01:00.207 (D) DeviceEnumerator::enumerateDevices: sdrangel.samplesource.airspy
2026-04-05 18:01:00.210 (D) AirspyPlugin::enumOriginDevices: enumerated 0 Airspy devices AIRSPY_ERROR_NOT_FOUND
2026-04-05 18:01:00.210 (D) AirspyPlugin::enumOriginDevices: airspy_exit: AIRSPY_SUCCESS
2026-04-05 18:01:00.210 (D) DeviceEnumerator::enumerateDevices: sdrangel.samplesource.airspyhf
2026-04-05 18:01:00.213 (D) DeviceEnumerator::enumerateDevices: sdrangel.samplesource.audioinput
2026-04-05 18:01:00.213 (D) DeviceEnumerator::enumerateDevices: sdrangel.samplesource.bladerf1input
2026-04-05 18:01:00.216 (D) DeviceEnumerator::enumerateDevices: sdrangel.samplesource.bladerf2input
2026-04-05 18:01:00.219 (D) DeviceEnumerator::enumerateDevices: sdrangel.samplesource.fileinput
2026-04-05 18:01:00.219 (D) DeviceEnumerator::enumerateDevices: sdrangel.samplesource.sigmffileinput
2026-04-05 18:01:00.219 (D) DeviceEnumerator::enumerateDevices: sdrangel.samplesource.fcdpro
2026-04-05 18:01:00.222 (D) DeviceEnumerator::enumerateDevices: sdrangel.samplesource.fcdproplus
2026-04-05 18:01:00.222 (D) DeviceEnumerator::enumerateDevices: sdrangel.samplesource.hackrf
2026-04-05 18:01:00.224 (D) DeviceEnumerator::enumerateDevices: sdrangel.samplesource.kiwisdrsource
2026-04-05 18:01:00.224 (D) DeviceEnumerator::enumerateDevices: sdrangel.samplesource.limesdr
2026-04-05 18:01:00.230 (D) DeviceLimeSDR::enumOriginDevices: Could not find any LimeSDR device
2026-04-05 18:01:00.230 (D) DeviceEnumerator::enumerateDevices: sdrangel.samplesource.localinput
2026-04-05 18:01:00.230 (D) DeviceEnumerator::enumerateDevices: sdrangel.samplesource.perseus
2026-04-05 18:01:00.233 (I) DevicePerseusScan::scan: no Perseus devices
2026-04-05 18:01:00.233 (D) DeviceEnumerator::enumerateDevices: sdrangel.samplesource.plutosdr
2026-04-05 18:01:01.258 (D) PlutoSDRScan::scan: 0: (nouveau,hp,BAT0,AC,hidpp_battery_7,coretemp,nvme,acpitz on HP) [local:]
2026-04-05 18:01:01.258 (D) DeviceEnumerator::enumerateDevices: sdrangel.samplesource.rtlsdr
2026-04-05 18:01:01.277 (D) RTLSDRPlugin::enumSampleSources: enumerated RTL-SDR device #0
2026-04-05 18:01:01.277 (D) DeviceEnumerator::enumerateDevices: sdrangel.samplesource.remotetcpinput
2026-04-05 18:01:01.277 (D) DeviceEnumerator::enumerateDevices: sdrangel.samplesource.remoteinput
2026-04-05 18:01:01.277 (D) DeviceEnumerator::enumerateDevices: sdrangel.samplesource.sdrplay
2026-04-05 18:01:01.285 (D) DeviceEnumerator::enumerateDevices: sdrangel.samplesource.testsource
2026-04-05 18:01:01.285 (D) DeviceEnumerator::enumerateDevices: sdrangel.samplesource.usrp
[INFO] [UHD] linux; GNU C++ version 13.2.0; Boost_108300; UHD_4.6.0.0+ds1-5.1ubuntu0.24.04.1
2026-04-05 18:01:01.787 (D) DeviceUSRP::enumOriginDevices: Could not find any USRP device
2026-04-05 18:01:01.787 (D) DeviceEnumerator::enumerateDevices: sdrangel.samplesink.aaroniartsaoutput
2026-04-05 18:01:01.787 (D) DeviceEnumerator::enumerateDevices: sdrangel.samplesink.audiooutput
2026-04-05 18:01:01.787 (D) DeviceEnumerator::enumerateDevices: sdrangel.samplesink.bladerf1output
2026-04-05 18:01:01.787 (D) DeviceEnumerator::enumerateDevices: sdrangel.samplesink.bladerf2output
2026-04-05 18:01:01.787 (D) DeviceEnumerator::enumerateDevices: sdrangel.samplesink.fileoutput
2026-04-05 18:01:01.787 (D) DeviceEnumerator::enumerateDevices: sdrangel.samplesink.hackrf
2026-04-05 18:01:01.787 (D) DeviceEnumerator::enumerateDevices: sdrangel.samplesink.limesdr
2026-04-05 18:01:01.787 (D) DeviceEnumerator::enumerateDevices: sdrangel.samplesink.localoutput
2026-04-05 18:01:01.787 (D) DeviceEnumerator::enumerateDevices: sdrangel.samplesink.plutosdr
2026-04-05 18:01:01.788 (D) DeviceEnumerator::enumerateDevices: sdrangel.samplesink.remoteoutput
2026-04-05 18:01:01.788 (D) DeviceEnumerator::enumerateDevices: sdrangel.samplesink.testsink
2026-04-05 18:01:01.788 (D) DeviceEnumerator::enumerateDevices: sdrangel.samplesink.usrp
2026-04-05 18:01:01.788 (D) DeviceEnumerator::enumerateDevices: sdrangel.samplemimo.audiocatsiso
2026-04-05 18:01:01.788 (D) AudioCATSISOPlugin::enumSampleMIMO: enumerated AudioCATSISO device #0
2026-04-05 18:01:01.788 (D) DeviceEnumerator::enumerateDevices: sdrangel.samplemimo.bladerf2mimo
2026-04-05 18:01:01.788 (D) DeviceEnumerator::enumerateDevices: sdrangel.samplemimo.limesdrmimo
2026-04-05 18:01:01.788 (D) DeviceEnumerator::enumerateDevices: sdrangel.samplemimo.metismiso
2026-04-05 18:01:01.788 (D) DeviceMetisScan::scan: discovery writeDatagram sent to 127.255.255.255
2026-04-05 18:01:01.788 (D) DeviceMetisScan::scan: discovery writeDatagram sent to 192.168.11.255
2026-04-05 18:01:01.788 (D) DeviceMetisScan::scan: discovery writeDatagram sent to 172.17.255.255
2026-04-05 18:01:01.788 (D) DeviceMetisScan::scan: start 0.5 second timeout loop
2026-04-05 18:01:02.314 (D) DeviceEnumerator::enumerateDevices: sdrangel.samplemimo.plutosdrmimo
2026-04-05 18:01:02.314 (D) DeviceEnumerator::enumerateDevices: sdrangel.samplemimo.testmi
2026-04-05 18:01:02.314 (D) DeviceEnumerator::enumerateDevices: sdrangel.samplemimo.testmosync
2026-04-05 18:01:02.314 (D) DeviceEnumerator::addNonDiscoverableDevices: start
2026-04-05 18:01:02.316 (D) StaticFileController: docroot=:/webapi, encoding=UTF-8, maxAge=60000
2026-04-05 18:01:02.316 (D) StaticFileController: cache timeout=60000, size=1000000
2026-04-05 18:01:02.316 (D) HttpListener: Listening on port 8091
2026-04-05 18:01:02.316 (I) WebAPIServer::start: starting web API server at http://0.0.0.0:8091
2026-04-05 18:01:02.317 (D) MainWindow::MainWindow: end
2026-04-05 18:01:02.319 (D) MainWindow::MainWindow: load current configuration...
2026-04-05 18:01:02.319 (D) LoadConfigurationFSM::clearWorkspace
2026-04-05 18:01:02.319 (D) RemoveAllWorkspacesFSM::removeDeviceSets
2026-04-05 18:01:02.319 (D) RemoveAllDeviceSetsFSM::removeNext
2026-04-05 18:01:02.319 (D) RemoveAllWorkspacesFSM::removeWorkspaces
2026-04-05 18:01:02.319 (D) RemoveAllWorkspacesFSM::removeWorkspaces done
2026-04-05 18:01:02.319 (D) LoadConfigurationFSM::createWorkspaces
2026-04-05 18:01:02.337 (D) LoadConfigurationFSM::loadDeviceSets
2026-04-05 18:01:02.337 (D) DeviceEnumerator::getBestSamplingDeviceIndex: serial matched (exact): id: sdrangel.samplesource.rtlsdr ser: 00000001
2026-04-05 18:01:02.337 (D) MainWindow::loadConfiguration: add source sdrangel.samplesource.rtlsdr in workspace 0 spectrum in 0
2026-04-05 18:01:02.337 (W) QStateMachine::addState: state has already been added to this machine
2026-04-05 18:01:02.337 (D) SpectrumVis::applySettings:  m_fftSize:  1024  m_fftWindow:  4  m_fftOverlap:  0  m_averagingIndex:  0  m_averagingMode:  0  m_refLevel:  0  m_powerRange:  100  m_fpsPeriodMs:  50  m_linear:  false  m_ssb:  false  m_usb:  true  m_wsSpectrumAddress:  "127.0.0.1"  m_wsSpectrumPort:  8887  force:  true
2026-04-05 18:01:02.337 (D) FFTFactory::getEngine: reuse engine: 0 FFT fwd size: 1024
2026-04-05 18:01:02.342 (W) libpng warning: iCCP: known incorrect sRGB profile
2026-04-05 18:01:02.342 (W) libpng warning: iCCP: too many profiles
2026-04-05 18:01:02.343 (D) GLSpectrumGUI::on_averaging_currentIndexChanged: log
2026-04-05 18:01:02.344 (D) GLSpectrumGUI::on_fftSize_currentIndexChanged: 4
2026-04-05 18:01:02.344 (D) GLSpectrumGUI::on_fps_currentIndexChanged: 50 ms
2026-04-05 18:01:02.344 (D) SpectrumVis::handleMessage: MsgConfigureSpectrumVis
2026-04-05 18:01:02.344 (D) SpectrumVis::applySettings:  m_fftSize:  1024  m_fftWindow:  4  m_fftOverlap:  0  m_averagingIndex:  0  m_averagingMode:  0  m_refLevel:  0  m_powerRange:  100  m_fpsPeriodMs:  50  m_linear:  false  m_ssb:  false  m_usb:  true  m_wsSpectrumAddress:  "127.0.0.1"  m_wsSpectrumPort:  8887  force:  false
2026-04-05 18:01:02.344 (D) GLSpectrumGUI::handleInputMessages: message: SpectrumVis::MsgConfigureSpectrumVis
2026-04-05 18:01:02.344 (D) GLSpectrumGUI::applySpectrumSettings: refLevel: 0.000000e+00 powerRange: 1.000000e+02
2026-04-05 18:01:02.344 (D) ScaleEngine::setTruncateMode: off
2026-04-05 18:01:02.344 (D) GLSpectrumGUI::handleInputMessages: message: GLSpectrumView::MsgReportCalibrationShift
2026-04-05 18:01:02.344 (D) MainSpectrumGUI::MainSpectrumGUI: 0x0
2026-04-05 18:01:02.348 (D) MainSpectrumGUI::shrinkWindow
2026-04-05 18:01:02.350 (D) DSPDeviceSourceEngine::addSink:  SpectrumVis
2026-04-05 18:01:02.350 (D) MainWindow::sampleSourceCreate: deviceSetIndex: 0 deviceIndex: 6 hardwareId: "RTLSDR" sequence: 0 id: "sdrangel.samplesource.rtlsdr" serial: "00000001" displayedName: "RTL-SDR[0] 00000001"
2026-04-05 18:01:02.350 (D) DSPDeviceSourceEngine::handleInputMessages: message: DSPAddBasebandSampleSink
Found Elonics E4000 tuner
2026-04-05 18:01:02.739 (I) RTLSDRInput::openDevice: open: Nooelec SMArt XTR v5, SN: 00000001 Tuner: E4000
2026-04-05 18:01:02.833 (D) RTLSDRInput::openDevice:  14 gains
2026-04-05 18:01:02.845 (D) DSPDeviceSourceEngine::setSource
2026-04-05 18:01:02.845 (D) DSPDeviceSourceEngine::handleInputMessages: message: DSPSetSource
2026-04-05 18:01:02.845 (D) DSPDeviceSourceEngine::gotoIdle
2026-04-05 18:01:02.845 (D) DSPDeviceSourceEngine::handleSetSource: set SMArt XTR v5 (SN 00000001)
2026-04-05 18:01:02.849 (D) SpectrumVis::handleMessage: DSPSignalNotification:  centerFrequency:  0  sampleRate:  0
2026-04-05 18:01:02.849 (D) DeviceGUI::DeviceGUI: 0x0
2026-04-05 18:01:02.856 (D) RTLSDRGui::updateFrequencyLimits: delta: 0 min: 24000 max: 2400000
2026-04-05 18:01:02.856 (D) RTLSDRGui::updateFrequencyLimits: delta: 0 min: 24000 max: 2400000
2026-04-05 18:01:02.856 (D) RTLSDRInput::applySettings: force:  true " m_centerFrequency: 435000000 m_devSampleRate: 1024000 m_lowSampleRate: 0 m_gain: 0 m_loPpmCorrection: 0 m_log2Decim: 4 m_fcPos: 2 m_dcBlock: 0 m_iqImbalance: 0 m_agc: 0 m_noModMode: 0 m_transverterMode: 0 m_iqOrder: 1 m_transverterDeltaFrequency: 0 m_rfBandwidth: 2500000 m_offsetTuning: 0 m_biasTee: 0 m_replayOffset: 0 m_replayLength: 20 m_replayStep: 5 m_replayLoop: 0 m_useReverseAPI: 0 m_reverseAPIAddress: 127.0.0.1 m_reverseAPIPort: 8888 m_reverseAPIDeviceIndex: 0"
2026-04-05 18:01:02.856 (D) DSPDeviceSourceEngine::configureCorrections
2026-04-05 18:01:02.856 (D) RTLSDRInput::applySettings: corrections: DC block: false IQ imbalance: false
2026-04-05 18:01:02.856 (D) DSPDeviceSourceEngine::handleInputMessages: message: DSPConfigureCorrection
2026-04-05 18:01:02.868 (D) DSPDeviceSourceEngine::handleInputMessages: message: DSPSignalNotification
2026-04-05 18:01:02.868 (D) DSPDeviceSourceEngine::handleInputMessages: DSPSignalNotification:  m_sampleRate:  64000  m_centerFrequency:  435000000
2026-04-05 18:01:02.868 (D) DSPDeviceSourceEngine::handleInputMessages: forward message to  SpectrumVis
2026-04-05 18:01:02.868 (D) DSPDeviceSourceEngine::handleInputMessages: DSPSignalNotification: guiMessageQueue: 0x5cc4eb7d6f28
2026-04-05 18:01:02.883 (D) GLSpectrumView::initializeGL: context:  major:  4  minor:  6  ES:  no
2026-04-05 18:01:02.888 (D) GLShaderTextured::initializeGL: m_useImmutableStorage:  true
2026-04-05 18:01:02.888 (D) GLShaderTextured::initializeGL: m_useImmutableStorage:  true
2026-04-05 18:01:02.888 (D) GLShaderTextured::initializeGL: m_useImmutableStorage:  true
2026-04-05 18:01:02.889 (D) GLShaderTextured::initializeGL: m_useImmutableStorage:  true
2026-04-05 18:01:02.889 (D) GLShaderColorMap::initializeGL: m_useImmutableStorage:  true
2026-04-05 18:01:02.889 (D) GLShaderTextured::initializeGL: m_useImmutableStorage:  true
2026-04-05 18:01:02.889 (D) GLShaderTextured::initializeGL: m_useImmutableStorage:  true
2026-04-05 18:01:02.890 (D) GLShaderSpectrogram::initializeGL: m_useImmutableStorage:  true
2026-04-05 18:01:02.891 (D) GLShaderTextured::initializeGL: m_useImmutableStorage:  true
2026-04-05 18:01:02.891 (D) GLShaderTextured::initializeGL: m_useImmutableStorage:  true
2026-04-05 18:01:02.896 (D) GLShaderSpectrogram::initGrid: requested:  512  actual:  512
2026-04-05 18:01:02.908 (D) SpectrumVis::handleMessage: DSPSignalNotification:  centerFrequency:  435000000  sampleRate:  64000
2026-04-05 18:01:02.908 (D) RTLSDRGui::handleInputMessages: message: DSPSignalNotification
2026-04-05 18:01:02.908 (D) RTLSDRGui::handleInputMessages: DSPSignalNotification: SampleRate:64000, CenterFrequency:435000000
2026-04-05 18:01:02.908 (D) GLSpectrumGUI::handleInputMessages: message: GLSpectrumView::MsgReportSampleRate
2026-04-05 18:01:03.159 (D) LoadConfigurationFSM::loadDeviceSetSettings
2026-04-05 18:01:03.166 (D) GLShaderSpectrogram::initGrid: requested:  512  actual:  512
2026-04-05 18:01:03.182 (D) DeviceUISet::loadDeviceSetSettings: preset: [default, no name]
2026-04-05 18:01:03.182 (D) SpectrumVis::handleMessage: MsgConfigureSpectrumVis
2026-04-05 18:01:03.182 (D) SpectrumVis::applySettings:  m_fftSize:  1024  m_fftWindow:  4  m_fftOverlap:  0  m_averagingIndex:  0  m_averagingMode:  0  m_refLevel:  0  m_powerRange:  100  m_fpsPeriodMs:  50  m_linear:  false  m_ssb:  false  m_usb:  true  m_wsSpectrumAddress:  "127.0.0.1"  m_wsSpectrumPort:  8887  force:  false
2026-04-05 18:01:03.182 (D) GLSpectrumGUI::handleInputMessages: message: SpectrumVis::MsgConfigureSpectrumVis
2026-04-05 18:01:03.182 (D) GLSpectrumGUI::applySpectrumSettings: refLevel: 0.000000e+00 powerRange: 1.000000e+02
2026-04-05 18:01:03.182 (D) ScaleEngine::setTruncateMode: off
2026-04-05 18:01:03.182 (D) GLSpectrumGUI::handleInputMessages: message: GLSpectrumView::MsgReportCalibrationShift
2026-04-05 18:01:03.182 (D) DeviceAPI::loadSamplingDeviceSettings: Loading Rx preset [default | no name]
2026-04-05 18:01:03.182 (D) Preset::findBestDeviceConfig: serial matched (exact): id: sdrangel.samplesource.rtlsdr ser: 00000001
2026-04-05 18:01:03.182 (D) DeviceAPI::loadSamplingDeviceSettings: source center frequency: 403000000 Hz
2026-04-05 18:01:03.182 (D) DeviceAPI::loadSamplingDeviceSettings: deserializing source sdrangel.samplesource.rtlsdr[0]: 00000001
2026-04-05 18:01:03.182 (D) RTLSDRInput::handleMessage: MsgConfigureRTLSDR
2026-04-05 18:01:03.183 (D) RTLSDRInput::applySettings: force:  true " m_centerFrequency: 435000000 m_devSampleRate: 1024000 m_lowSampleRate: 0 m_gain: 420 m_loPpmCorrection: 0 m_log2Decim: 4 m_fcPos: 2 m_dcBlock: 0 m_iqImbalance: 0 m_agc: 1 m_noModMode: 0 m_transverterMode: 0 m_iqOrder: 1 m_transverterDeltaFrequency: 0 m_rfBandwidth: 2500000 m_offsetTuning: 0 m_biasTee: 0 m_replayOffset: 0 m_replayLength: 20 m_replayStep: 5 m_replayLoop: 0 m_useReverseAPI: 0 m_reverseAPIAddress: 127.0.0.1 m_reverseAPIPort: 8888 m_reverseAPIDeviceIndex: 0"
2026-04-05 18:01:03.183 (D) DSPDeviceSourceEngine::configureCorrections
2026-04-05 18:01:03.183 (D) RTLSDRInput::applySettings: corrections: DC block: false IQ imbalance: false
2026-04-05 18:01:03.183 (D) RTLSDRInput::handleMessage: MsgConfigureRTLSDR
2026-04-05 18:01:03.183 (D) RTLSDRInput::applySettings: force:  false " m_centerFrequency: 403000000"
2026-04-05 18:01:03.183 (D) DeviceUISet::loadRxChannelSettings: Loading preset [default | no name]
2026-04-05 18:01:03.183 (D) DeviceUISet::loadRxChannelSettings: 0 channel(s) in preset
2026-04-05 18:01:03.183 (D) DSPDeviceSourceEngine::handleInputMessages: message: DSPConfigureCorrection
2026-04-05 18:01:03.183 (D) DSPDeviceSourceEngine::handleInputMessages: message: DSPSignalNotification
2026-04-05 18:01:03.183 (D) LoadConfigurationFSM::loadFeatureSets
2026-04-05 18:01:03.183 (D) FeatureUISet::loadFeatureSetSettings: Loading preset [default | no name]
2026-04-05 18:01:03.183 (D) DSPDeviceSourceEngine::handleInputMessages: DSPSignalNotification:  m_sampleRate:  64000  m_centerFrequency:  435000000
2026-04-05 18:01:03.183 (D) FeatureUISet::loadFeatureSetSettings: 1 feature(s) in preset
2026-04-05 18:01:03.183 (D) DSPDeviceSourceEngine::handleInputMessages: forward message to  SpectrumVis
2026-04-05 18:01:03.183 (D) FeatureUISet::loadFeatureSetSettings: creating new feature [sdrangel.feature.radiosonde] from config [sdrangel.feature.radiosonde]
2026-04-05 18:01:03.183 (D) DSPDeviceSourceEngine::handleInputMessages: DSPSignalNotification: guiMessageQueue: 0x5cc4eb7d6f28
2026-04-05 18:01:03.183 (D) DSPDeviceSourceEngine::handleInputMessages: message: DSPSignalNotification
2026-04-05 18:01:03.183 (D) DSPDeviceSourceEngine::handleInputMessages: DSPSignalNotification:  m_sampleRate:  64000  m_centerFrequency:  403000000
2026-04-05 18:01:03.183 (D) DSPDeviceSourceEngine::handleInputMessages: forward message to  SpectrumVis
2026-04-05 18:01:03.183 (D) Radiosonde::Radiosonde: webAPIAdapterInterface: 0x5cc4eb330300
2026-04-05 18:01:03.183 (D) DSPDeviceSourceEngine::handleInputMessages: DSPSignalNotification: guiMessageQueue: 0x5cc4eb7d6f28
2026-04-05 18:01:03.183 (D) FeatureGUI::FeatureGUI
2026-04-05 18:01:03.188 (D) Radiosonde::handleMessage: MsgConfigureRadiosonde
2026-04-05 18:01:03.188 (D) Radiosonde::applySettings: " m_title: Radiosonde m_rgbColor: 4284874854 m_useReverseAPI: 0 m_reverseAPIAddress: 127.0.0.1 m_reverseAPIPort: 8888 m_reverseAPIFeatureSetIndex: 0 m_reverseAPIFeatureIndex: 0 m_y1: 1 m_y2: 2 m_feedEnabled: 0 m_callsign: Home m_antenna:  m_displayPosition: 0 m_mobile: 0 m_email:  m_showPredictedPaths: 0 m_workspaceIndex: 0"  force:  true
2026-04-05 18:01:03.188 (D) FeatureUISet::loadFeatureSetSettings: deserializing feature [sdrangel.feature.radiosonde]
2026-04-05 18:01:03.189 (D) Radiosonde::handleMessage: MsgConfigureRadiosonde
2026-04-05 18:01:03.189 (D) Radiosonde::applySettings: " m_title: Radiosonde m_rgbColor: 4284874854 m_useReverseAPI: 0 m_reverseAPIAddress: 127.0.0.1 m_reverseAPIPort: 8888 m_reverseAPIFeatureSetIndex: 0 m_reverseAPIFeatureIndex: 0 m_y1: 1 m_y2: 2 m_feedEnabled: 0 m_callsign: Home m_antenna:  m_displayPosition: 0 m_mobile: 0 m_email:  m_showPredictedPaths: 0 m_workspaceIndex: 0"  force:  true
2026-04-05 18:01:03.193 (D) Radiosonde::handleMessage: MsgConfigureRadiosonde
2026-04-05 18:01:03.193 (D) Radiosonde::applySettings: ""  force:  false
2026-04-05 18:01:03.193 (D) LoadConfigurationFSM::restoreGeometry
2026-04-05 18:01:03.193 (D) RTLSDRGui::handleInputMessages: message: RTLSDRInput::MsgConfigureRTLSDR
2026-04-05 18:01:03.194 (D) RTLSDRGui::updateFrequencyLimits: delta: 0 min: 24000 max: 2400000
2026-04-05 18:01:03.194 (D) RTLSDRGui::handleInputMessages: message: RTLSDRInput::MsgConfigureRTLSDR
2026-04-05 18:01:03.194 (D) RTLSDRGui::updateFrequencyLimits: delta: 0 min: 24000 max: 2400000
2026-04-05 18:01:03.194 (D) RTLSDRGui::handleInputMessages: message: DSPSignalNotification
2026-04-05 18:01:03.194 (D) RTLSDRGui::handleInputMessages: DSPSignalNotification: SampleRate:64000, CenterFrequency:435000000
2026-04-05 18:01:03.194 (D) GLSpectrumGUI::handleInputMessages: message: GLSpectrumView::MsgReportSampleRate
2026-04-05 18:01:03.194 (D) RTLSDRGui::handleInputMessages: message: DSPSignalNotification
2026-04-05 18:01:03.194 (D) RTLSDRGui::handleInputMessages: DSPSignalNotification: SampleRate:64000, CenterFrequency:403000000
2026-04-05 18:01:03.194 (D) GLSpectrumGUI::handleInputMessages: message: GLSpectrumView::MsgReportSampleRate
2026-04-05 18:01:03.194 (D) SpectrumVis::handleMessage: DSPSignalNotification:  centerFrequency:  435000000  sampleRate:  64000
2026-04-05 18:01:03.194 (D) SpectrumVis::handleMessage: DSPSignalNotification:  centerFrequency:  403000000  sampleRate:  64000
2026-04-05 18:01:03.299 (D) RTLSDRInput::handleMessage: MsgConfigureRTLSDR
2026-04-05 18:01:03.299 (D) RTLSDRInput::applySettings: force:  true " m_centerFrequency: 403000000 m_devSampleRate: 1024000 m_lowSampleRate: 0 m_gain: 420 m_loPpmCorrection: 0 m_log2Decim: 4 m_fcPos: 2 m_dcBlock: 0 m_iqImbalance: 0 m_agc: 1 m_noModMode: 0 m_transverterMode: 0 m_iqOrder: 1 m_transverterDeltaFrequency: 0 m_rfBandwidth: 2500000 m_offsetTuning: 0 m_biasTee: 0 m_replayOffset: 0 m_replayLength: 20 m_replayStep: 5 m_replayLoop: 0 m_useReverseAPI: 0 m_reverseAPIAddress: 127.0.0.1 m_reverseAPIPort: 8888 m_reverseAPIDeviceIndex: 0"
2026-04-05 18:01:03.299 (D) DSPDeviceSourceEngine::configureCorrections
2026-04-05 18:01:03.299 (D) RTLSDRInput::applySettings: corrections: DC block: false IQ imbalance: false
2026-04-05 18:01:03.299 (D) DSPDeviceSourceEngine::handleInputMessages: message: DSPConfigureCorrection
2026-04-05 18:01:03.299 (D) DSPDeviceSourceEngine::handleInputMessages: message: DSPSignalNotification
2026-04-05 18:01:03.299 (D) DSPDeviceSourceEngine::handleInputMessages: DSPSignalNotification:  m_sampleRate:  64000  m_centerFrequency:  403000000
2026-04-05 18:01:03.299 (D) DSPDeviceSourceEngine::handleInputMessages: forward message to  SpectrumVis
2026-04-05 18:01:03.299 (D) DSPDeviceSourceEngine::handleInputMessages: DSPSignalNotification: guiMessageQueue: 0x5cc4eb7d6f28
2026-04-05 18:01:03.299 (D) SpectrumVis::handleMessage: DSPSignalNotification:  centerFrequency:  403000000  sampleRate:  64000
2026-04-05 18:01:03.300 (D) RTLSDRGui::handleInputMessages: message: DSPSignalNotification
2026-04-05 18:01:03.300 (D) RTLSDRGui::handleInputMessages: DSPSignalNotification: SampleRate:64000, CenterFrequency:403000000
2026-04-05 18:01:03.300 (D) GLSpectrumGUI::handleInputMessages: message: GLSpectrumView::MsgReportSampleRate
2026-04-05 18:04:59.089 (I) SDRangel 7.22.9 Qt 5.15.13 64b x86_64 Linux Mint 22.2 DSP Rx:24b Tx:16b PID 458455
2026-04-05 18:04:59.089 (I) MainSettings::MainSettings: settings file: format: 0 location: /home/ramon/.config/f4exb/SDRangel.conf
2026-04-05 18:04:59.089 (D) MessagePipes::startGC
2026-04-05 18:04:59.089 (D) DataPipes::startGC
2026-04-05 18:04:59.091 (D) MainCore::initPosition: Using position source "geoclue2"
2026-04-05 18:04:59.091 (D) AudioDeviceManager::AudioDeviceManager: scan input devices
2026-04-05 18:04:59.451 (D) AudioDeviceManager::AudioDeviceManager: input device #0: lavrate
2026-04-05 18:04:59.451 (D) AudioDeviceManager::AudioDeviceManager: input device #1: samplerate
2026-04-05 18:04:59.451 (D) AudioDeviceManager::AudioDeviceManager: input device #2: speexrate
2026-04-05 18:04:59.451 (D) AudioDeviceManager::AudioDeviceManager: input device #3: jack
2026-04-05 18:04:59.451 (D) AudioDeviceManager::AudioDeviceManager: input device #4: oss
2026-04-05 18:04:59.451 (D) AudioDeviceManager::AudioDeviceManager: input device #5: pipewire
2026-04-05 18:04:59.451 (D) AudioDeviceManager::AudioDeviceManager: input device #6: pulse
2026-04-05 18:04:59.451 (D) AudioDeviceManager::AudioDeviceManager: input device #7: speex
2026-04-05 18:04:59.451 (D) AudioDeviceManager::AudioDeviceManager: input device #8: upmix
2026-04-05 18:04:59.451 (D) AudioDeviceManager::AudioDeviceManager: input device #9: vdownmix
2026-04-05 18:04:59.451 (D) AudioDeviceManager::AudioDeviceManager: input device #10: default
2026-04-05 18:04:59.451 (D) AudioDeviceManager::AudioDeviceManager: input device #11: hw:CARD=sofhdadsp,DEV=0
2026-04-05 18:04:59.451 (D) AudioDeviceManager::AudioDeviceManager: input device #12: hw:CARD=sofhdadsp,DEV=6
2026-04-05 18:04:59.451 (D) AudioDeviceManager::AudioDeviceManager: input device #13: hw:CARD=sofhdadsp,DEV=7
2026-04-05 18:04:59.451 (D) AudioDeviceManager::AudioDeviceManager: input device #14: plughw:CARD=sofhdadsp,DEV=0
2026-04-05 18:04:59.451 (D) AudioDeviceManager::AudioDeviceManager: input device #15: plughw:CARD=sofhdadsp,DEV=6
2026-04-05 18:04:59.451 (D) AudioDeviceManager::AudioDeviceManager: input device #16: plughw:CARD=sofhdadsp,DEV=7
2026-04-05 18:04:59.451 (D) AudioDeviceManager::AudioDeviceManager: input device #17: sysdefault:CARD=sofhdadsp
2026-04-05 18:04:59.451 (D) AudioDeviceManager::AudioDeviceManager: input device #18: dsnoop:CARD=sofhdadsp,DEV=0
2026-04-05 18:04:59.451 (D) AudioDeviceManager::AudioDeviceManager: input device #19: dsnoop:CARD=sofhdadsp,DEV=6
2026-04-05 18:04:59.451 (D) AudioDeviceManager::AudioDeviceManager: input device #20: dsnoop:CARD=sofhdadsp,DEV=7
2026-04-05 18:04:59.451 (D) AudioDeviceManager::AudioDeviceManager: input device #21: usbstream:CARD=sofhdadsp
2026-04-05 18:04:59.451 (D) AudioDeviceManager::AudioDeviceManager: input device #22: hw:CARD=Device,DEV=0
2026-04-05 18:04:59.451 (D) AudioDeviceManager::AudioDeviceManager: input device #23: plughw:CARD=Device,DEV=0
2026-04-05 18:04:59.451 (D) AudioDeviceManager::AudioDeviceManager: input device #24: sysdefault:CARD=Device
2026-04-05 18:04:59.451 (D) AudioDeviceManager::AudioDeviceManager: input device #25: front:CARD=Device,DEV=0
2026-04-05 18:04:59.451 (D) AudioDeviceManager::AudioDeviceManager: input device #26: dsnoop:CARD=Device,DEV=0
2026-04-05 18:04:59.451 (D) AudioDeviceManager::AudioDeviceManager: input device #27: usbstream:CARD=Device
2026-04-05 18:04:59.451 (D) AudioDeviceManager::AudioDeviceManager: input device #28: alsa_input.pci-0000_00_1f.3-platform-skl_hda_dsp_generic.HiFi__hw_sofhdadsp_6__source
2026-04-05 18:04:59.451 (D) AudioDeviceManager::AudioDeviceManager: input device #29: alsa_output.pci-0000_00_1f.3-platform-skl_hda_dsp_generic.HiFi__hw_sofhdadsp_5__sink.monitor
2026-04-05 18:04:59.451 (D) AudioDeviceManager::AudioDeviceManager: input device #30: alsa_output.pci-0000_00_1f.3-platform-skl_hda_dsp_generic.HiFi__hw_sofhdadsp_4__sink.monitor
2026-04-05 18:04:59.451 (D) AudioDeviceManager::AudioDeviceManager: input device #31: alsa_output.pci-0000_00_1f.3-platform-skl_hda_dsp_generic.HiFi__hw_sofhdadsp_3__sink.monitor
2026-04-05 18:04:59.451 (D) AudioDeviceManager::AudioDeviceManager: input device #32: alsa_output.pci-0000_00_1f.3-platform-skl_hda_dsp_generic.HiFi__hw_sofhdadsp__sink.monitor
2026-04-05 18:04:59.451 (D) AudioDeviceManager::AudioDeviceManager: input device #33: alsa_input.pci-0000_00_1f.3-platform-skl_hda_dsp_generic.HiFi__hw_sofhdadsp__source
2026-04-05 18:04:59.451 (D) AudioDeviceManager::AudioDeviceManager: input device #34: alsa_output.usb-C-Media_Electronics_Inc._USB_Audio_Device-00.iec958-stereo.monitor
2026-04-05 18:04:59.451 (D) AudioDeviceManager::AudioDeviceManager: input device #35: alsa_input.usb-C-Media_Electronics_Inc._USB_Audio_Device-00.mono-fallback
2026-04-05 18:04:59.451 (D) AudioDeviceManager::AudioDeviceManager: scan output devices
2026-04-05 18:04:59.971 (D) AudioDeviceManager::AudioDeviceManager: output device #0: lavrate
2026-04-05 18:04:59.971 (D) AudioDeviceManager::AudioDeviceManager: output device #1: samplerate
2026-04-05 18:04:59.971 (D) AudioDeviceManager::AudioDeviceManager: output device #2: speexrate
2026-04-05 18:04:59.971 (D) AudioDeviceManager::AudioDeviceManager: output device #3: jack
2026-04-05 18:04:59.971 (D) AudioDeviceManager::AudioDeviceManager: output device #4: oss
2026-04-05 18:04:59.971 (D) AudioDeviceManager::AudioDeviceManager: output device #5: pipewire
2026-04-05 18:04:59.971 (D) AudioDeviceManager::AudioDeviceManager: output device #6: pulse
2026-04-05 18:04:59.971 (D) AudioDeviceManager::AudioDeviceManager: output device #7: speex
2026-04-05 18:04:59.971 (D) AudioDeviceManager::AudioDeviceManager: output device #8: upmix
2026-04-05 18:04:59.971 (D) AudioDeviceManager::AudioDeviceManager: output device #9: vdownmix
2026-04-05 18:04:59.971 (D) AudioDeviceManager::AudioDeviceManager: output device #10: default
2026-04-05 18:04:59.971 (D) AudioDeviceManager::AudioDeviceManager: output device #11: hw:CARD=sofhdadsp,DEV=0
2026-04-05 18:04:59.971 (D) AudioDeviceManager::AudioDeviceManager: output device #12: hw:CARD=sofhdadsp,DEV=3
2026-04-05 18:04:59.971 (D) AudioDeviceManager::AudioDeviceManager: output device #13: hw:CARD=sofhdadsp,DEV=4
2026-04-05 18:04:59.971 (D) AudioDeviceManager::AudioDeviceManager: output device #14: hw:CARD=sofhdadsp,DEV=5
2026-04-05 18:04:59.971 (D) AudioDeviceManager::AudioDeviceManager: output device #15: hw:CARD=sofhdadsp,DEV=31
2026-04-05 18:04:59.971 (D) AudioDeviceManager::AudioDeviceManager: output device #16: plughw:CARD=sofhdadsp,DEV=0
2026-04-05 18:04:59.971 (D) AudioDeviceManager::AudioDeviceManager: output device #17: plughw:CARD=sofhdadsp,DEV=3
2026-04-05 18:04:59.971 (D) AudioDeviceManager::AudioDeviceManager: output device #18: plughw:CARD=sofhdadsp,DEV=4
2026-04-05 18:04:59.971 (D) AudioDeviceManager::AudioDeviceManager: output device #19: plughw:CARD=sofhdadsp,DEV=5
2026-04-05 18:04:59.971 (D) AudioDeviceManager::AudioDeviceManager: output device #20: plughw:CARD=sofhdadsp,DEV=31
2026-04-05 18:04:59.971 (D) AudioDeviceManager::AudioDeviceManager: output device #21: sysdefault:CARD=sofhdadsp
2026-04-05 18:04:59.971 (D) AudioDeviceManager::AudioDeviceManager: output device #22: dmix:CARD=sofhdadsp,DEV=0
2026-04-05 18:04:59.971 (D) AudioDeviceManager::AudioDeviceManager: output device #23: dmix:CARD=sofhdadsp,DEV=3
2026-04-05 18:04:59.971 (D) AudioDeviceManager::AudioDeviceManager: output device #24: dmix:CARD=sofhdadsp,DEV=4
2026-04-05 18:04:59.971 (D) AudioDeviceManager::AudioDeviceManager: output device #25: dmix:CARD=sofhdadsp,DEV=5
2026-04-05 18:04:59.971 (D) AudioDeviceManager::AudioDeviceManager: output device #26: dmix:CARD=sofhdadsp,DEV=31
2026-04-05 18:04:59.971 (D) AudioDeviceManager::AudioDeviceManager: output device #27: usbstream:CARD=sofhdadsp
2026-04-05 18:04:59.971 (D) AudioDeviceManager::AudioDeviceManager: output device #28: hw:CARD=Device,DEV=0
2026-04-05 18:04:59.971 (D) AudioDeviceManager::AudioDeviceManager: output device #29: plughw:CARD=Device,DEV=0
2026-04-05 18:04:59.971 (D) AudioDeviceManager::AudioDeviceManager: output device #30: sysdefault:CARD=Device
2026-04-05 18:04:59.971 (D) AudioDeviceManager::AudioDeviceManager: output device #31: front:CARD=Device,DEV=0
2026-04-05 18:04:59.971 (D) AudioDeviceManager::AudioDeviceManager: output device #32: surround21:CARD=Device,DEV=0
2026-04-05 18:04:59.971 (D) AudioDeviceManager::AudioDeviceManager: output device #33: surround40:CARD=Device,DEV=0
2026-04-05 18:04:59.971 (D) AudioDeviceManager::AudioDeviceManager: output device #34: surround41:CARD=Device,DEV=0
2026-04-05 18:04:59.971 (D) AudioDeviceManager::AudioDeviceManager: output device #35: surround50:CARD=Device,DEV=0
2026-04-05 18:04:59.971 (D) AudioDeviceManager::AudioDeviceManager: output device #36: surround51:CARD=Device,DEV=0
2026-04-05 18:04:59.971 (D) AudioDeviceManager::AudioDeviceManager: output device #37: surround71:CARD=Device,DEV=0
2026-04-05 18:04:59.971 (D) AudioDeviceManager::AudioDeviceManager: output device #38: iec958:CARD=Device,DEV=0
2026-04-05 18:04:59.971 (D) AudioDeviceManager::AudioDeviceManager: output device #39: dmix:CARD=Device,DEV=0
2026-04-05 18:04:59.971 (D) AudioDeviceManager::AudioDeviceManager: output device #40: usbstream:CARD=Device
2026-04-05 18:04:59.971 (D) AudioDeviceManager::AudioDeviceManager: output device #41: alsa_output.pci-0000_00_1f.3-platform-skl_hda_dsp_generic.HiFi__hw_sofhdadsp__sink
2026-04-05 18:04:59.971 (D) AudioDeviceManager::AudioDeviceManager: output device #42: alsa_output.pci-0000_00_1f.3-platform-skl_hda_dsp_generic.HiFi__hw_sofhdadsp_5__sink
2026-04-05 18:04:59.971 (D) AudioDeviceManager::AudioDeviceManager: output device #43: alsa_output.pci-0000_00_1f.3-platform-skl_hda_dsp_generic.HiFi__hw_sofhdadsp_4__sink
2026-04-05 18:04:59.971 (D) AudioDeviceManager::AudioDeviceManager: output device #44: alsa_output.pci-0000_00_1f.3-platform-skl_hda_dsp_generic.HiFi__hw_sofhdadsp_3__sink
2026-04-05 18:04:59.971 (D) AudioDeviceManager::AudioDeviceManager: output device #45: alsa_output.usb-C-Media_Electronics_Inc._USB_Audio_Device-00.iec958-stereo
2026-04-05 18:04:59.971 (D) MainWindow::MainWindow: start
2026-04-05 18:05:00.031 (D) MainWindow::MainWindow: load settings...
2026-04-05 18:05:00.031 (D) MainWindow::loadSettings
2026-04-05 18:05:00.031 (D) AudioDeviceManager::deserialize
2026-04-05 18:05:00.031 (D) AudioDeviceManager::debugAudioOutputInfos:  name:  "System default device"  sampleRate:  48000  udpAddress:  "127.0.0.1"  udpPort:  9998  copyToUDP:  false  udpUseRTP:  false  udpChannelMode:  0  udpChannelCodec:  0  decimationFactor:  1
2026-04-05 18:05:00.031 (D) AudioDeviceManager::debugAudioOutputInfos:  name:  "alsa_output.pci-0000_00_1f.3-platform-skl_hda_dsp_generic.HiFi__hw_sofhdadsp__sink"  sampleRate:  48000  udpAddress:  "127.0.0.1"  udpPort:  9998  copyToUDP:  false  udpUseRTP:  false  udpChannelMode:  0  udpChannelCodec:  0  decimationFactor:  1
2026-04-05 18:05:00.031 (D) AudioDeviceManager::debugAudioOutputInfos:  name:  "hw:CARD=Device,DEV=0"  sampleRate:  44100  udpAddress:  "127.0.0.1"  udpPort:  9998  copyToUDP:  false  udpUseRTP:  false  udpChannelMode:  0  udpChannelCodec:  0  decimationFactor:  1
2026-04-05 18:05:00.032 (D) FFTEngine::create: using FFTW engine
2026-04-05 18:05:00.032 (D) FFTWEngine::configure: no FFTW wisdom file
2026-04-05 18:05:00.135 (D) FFT: creating FFTW plan (n=128,forward) took 103 ms
2026-04-05 18:05:00.135 (D) FFTEngine::create: using FFTW engine
2026-04-05 18:05:00.135 (D) FFTWEngine::configure: no FFTW wisdom file
2026-04-05 18:05:00.361 (D) FFT: creating FFTW plan (n=256,forward) took 225 ms
2026-04-05 18:05:00.361 (D) FFTEngine::create: using FFTW engine
2026-04-05 18:05:00.361 (D) FFTWEngine::configure: no FFTW wisdom file
2026-04-05 18:05:00.764 (D) FFT: creating FFTW plan (n=512,forward) took 402 ms
2026-04-05 18:05:00.764 (D) FFTEngine::create: using FFTW engine
2026-04-05 18:05:00.764 (D) FFTWEngine::configure: no FFTW wisdom file
2026-04-05 18:05:01.386 (D) FFT: creating FFTW plan (n=1024,forward) took 622 ms
2026-04-05 18:05:01.387 (D) MainWindow::MainWindow: load plugins...
2026-04-05 18:05:01.387 (D) PluginManager::loadPluginsDir: fileName: libantennatools.so
2026-04-05 18:05:01.388 (I) PluginManager::loadPluginsDir: loaded plugin libantennatools.so
2026-04-05 18:05:01.388 (D) PluginManager::loadPluginsDir: fileName: libaprs.so
2026-04-05 18:05:01.389 (I) PluginManager::loadPluginsDir: loaded plugin libaprs.so
2026-04-05 18:05:01.389 (D) PluginManager::loadPluginsDir: fileName: libbeamsteeringcwmod.so
2026-04-05 18:05:01.389 (I) PluginManager::loadPluginsDir: loaded plugin libbeamsteeringcwmod.so
2026-04-05 18:05:01.389 (D) PluginManager::loadPluginsDir: fileName: libchanalyzer.so
2026-04-05 18:05:01.390 (I) PluginManager::loadPluginsDir: loaded plugin libchanalyzer.so
2026-04-05 18:05:01.390 (D) PluginManager::loadPluginsDir: fileName: libchannelpower.so
2026-04-05 18:05:01.390 (I) PluginManager::loadPluginsDir: loaded plugin libchannelpower.so
2026-04-05 18:05:01.390 (D) PluginManager::loadPluginsDir: fileName: libdemodadsb.so
2026-04-05 18:05:01.395 (I) PluginManager::loadPluginsDir: loaded plugin libdemodadsb.so
2026-04-05 18:05:01.395 (D) PluginManager::loadPluginsDir: fileName: libdemodais.so
2026-04-05 18:05:01.395 (I) PluginManager::loadPluginsDir: loaded plugin libdemodais.so
2026-04-05 18:05:01.395 (D) PluginManager::loadPluginsDir: fileName: libdemodam.so
2026-04-05 18:05:01.395 (I) PluginManager::loadPluginsDir: loaded plugin libdemodam.so
2026-04-05 18:05:01.395 (D) PluginManager::loadPluginsDir: fileName: libdemodapt.so
2026-04-05 18:05:01.396 (I) PluginManager::loadPluginsDir: loaded plugin libdemodapt.so
2026-04-05 18:05:01.396 (D) PluginManager::loadPluginsDir: fileName: libdemodatv.so
2026-04-05 18:05:01.396 (I) PluginManager::loadPluginsDir: loaded plugin libdemodatv.so
2026-04-05 18:05:01.396 (D) PluginManager::loadPluginsDir: fileName: libdemodbfm.so
2026-04-05 18:05:01.396 (I) PluginManager::loadPluginsDir: loaded plugin libdemodbfm.so
2026-04-05 18:05:01.397 (D) PluginManager::loadPluginsDir: fileName: libdemodchirpchat.so
2026-04-05 18:05:01.397 (I) PluginManager::loadPluginsDir: loaded plugin libdemodchirpchat.so
2026-04-05 18:05:01.397 (D) PluginManager::loadPluginsDir: fileName: libdemoddab.so
2026-04-05 18:05:01.397 (I) PluginManager::loadPluginsDir: loaded plugin libdemoddab.so
2026-04-05 18:05:01.397 (D) PluginManager::loadPluginsDir: fileName: libdemoddatv.so
2026-04-05 18:05:01.410 (I) PluginManager::loadPluginsDir: loaded plugin libdemoddatv.so
2026-04-05 18:05:01.410 (D) PluginManager::loadPluginsDir: fileName: libdemoddsc.so
2026-04-05 18:05:01.410 (I) PluginManager::loadPluginsDir: loaded plugin libdemoddsc.so
2026-04-05 18:05:01.410 (D) PluginManager::loadPluginsDir: fileName: libdemoddsd.so
2026-04-05 18:05:01.411 (W) PluginManager::loadPluginsDir: Cannot load library /usr/lib/sdrangel/plugins/libdemoddsd.so: (libmbe.so.1: no se puede abrir el archivo del objeto compartido: No existe el archivo o el directorio)
2026-04-05 18:05:01.411 (D) PluginManager::loadPluginsDir: fileName: libdemodendoftrain.so
2026-04-05 18:05:01.411 (I) PluginManager::loadPluginsDir: loaded plugin libdemodendoftrain.so
2026-04-05 18:05:01.411 (D) PluginManager::loadPluginsDir: fileName: libdemodfreedv.so
2026-04-05 18:05:01.411 (I) PluginManager::loadPluginsDir: loaded plugin libdemodfreedv.so
2026-04-05 18:05:01.411 (D) PluginManager::loadPluginsDir: fileName: libdemodft8.so
2026-04-05 18:05:01.412 (I) PluginManager::loadPluginsDir: loaded plugin libdemodft8.so
2026-04-05 18:05:01.412 (D) PluginManager::loadPluginsDir: fileName: libdemodils.so
2026-04-05 18:05:01.412 (I) PluginManager::loadPluginsDir: loaded plugin libdemodils.so
2026-04-05 18:05:01.412 (D) PluginManager::loadPluginsDir: fileName: libdemodm17.so
2026-04-05 18:05:01.412 (I) PluginManager::loadPluginsDir: loaded plugin libdemodm17.so
2026-04-05 18:05:01.412 (D) PluginManager::loadPluginsDir: fileName: libdemodnavtex.so
2026-04-05 18:05:01.413 (I) PluginManager::loadPluginsDir: loaded plugin libdemodnavtex.so
2026-04-05 18:05:01.413 (D) PluginManager::loadPluginsDir: fileName: libdemodnfm.so
2026-04-05 18:05:01.413 (I) PluginManager::loadPluginsDir: loaded plugin libdemodnfm.so
2026-04-05 18:05:01.413 (D) PluginManager::loadPluginsDir: fileName: libdemodpacket.so
2026-04-05 18:05:01.413 (I) PluginManager::loadPluginsDir: loaded plugin libdemodpacket.so
2026-04-05 18:05:01.413 (D) PluginManager::loadPluginsDir: fileName: libdemodpager.so
2026-04-05 18:05:01.414 (I) PluginManager::loadPluginsDir: loaded plugin libdemodpager.so
2026-04-05 18:05:01.414 (D) PluginManager::loadPluginsDir: fileName: libdemodradiosonde.so
2026-04-05 18:05:01.414 (I) PluginManager::loadPluginsDir: loaded plugin libdemodradiosonde.so
2026-04-05 18:05:01.414 (D) PluginManager::loadPluginsDir: fileName: libdemodrtty.so
2026-04-05 18:05:01.414 (I) PluginManager::loadPluginsDir: loaded plugin libdemodrtty.so
2026-04-05 18:05:01.414 (D) PluginManager::loadPluginsDir: fileName: libdemodssb.so
2026-04-05 18:05:01.415 (I) PluginManager::loadPluginsDir: loaded plugin libdemodssb.so
2026-04-05 18:05:01.415 (D) PluginManager::loadPluginsDir: fileName: libdemodvor.so
2026-04-05 18:05:01.415 (I) PluginManager::loadPluginsDir: loaded plugin libdemodvor.so
2026-04-05 18:05:01.415 (D) PluginManager::loadPluginsDir: fileName: libdemodwfm.so
2026-04-05 18:05:01.415 (I) PluginManager::loadPluginsDir: loaded plugin libdemodwfm.so
2026-04-05 18:05:01.415 (D) PluginManager::loadPluginsDir: fileName: libdoa2.so
2026-04-05 18:05:01.415 (I) PluginManager::loadPluginsDir: loaded plugin libdoa2.so
2026-04-05 18:05:01.415 (D) PluginManager::loadPluginsDir: fileName: libfeatureafc.so
2026-04-05 18:05:01.416 (I) PluginManager::loadPluginsDir: loaded plugin libfeatureafc.so
2026-04-05 18:05:01.416 (D) PluginManager::loadPluginsDir: fileName: libfeatureais.so
2026-04-05 18:05:01.416 (I) PluginManager::loadPluginsDir: loaded plugin libfeatureais.so
2026-04-05 18:05:01.416 (D) PluginManager::loadPluginsDir: fileName: libfeatureambe.so
2026-04-05 18:05:01.416 (I) PluginManager::loadPluginsDir: loaded plugin libfeatureambe.so
2026-04-05 18:05:01.416 (D) PluginManager::loadPluginsDir: fileName: libfeaturedemodanalyzer.so
2026-04-05 18:05:01.417 (I) PluginManager::loadPluginsDir: loaded plugin libfeaturedemodanalyzer.so
2026-04-05 18:05:01.417 (D) PluginManager::loadPluginsDir: fileName: libfeaturegs232controller.so
2026-04-05 18:05:01.417 (I) PluginManager::loadPluginsDir: loaded plugin libfeaturegs232controller.so
2026-04-05 18:05:01.417 (D) PluginManager::loadPluginsDir: fileName: libfeaturelimerfe.so
2026-04-05 18:05:01.418 (I) PluginManager::loadPluginsDir: loaded plugin libfeaturelimerfe.so
2026-04-05 18:05:01.418 (D) PluginManager::loadPluginsDir: fileName: libfeaturemorsedecoder.so
2026-04-05 18:05:01.418 (I) PluginManager::loadPluginsDir: loaded plugin libfeaturemorsedecoder.so
2026-04-05 18:05:01.418 (D) PluginManager::loadPluginsDir: fileName: libfeaturepertester.so
2026-04-05 18:05:01.419 (I) PluginManager::loadPluginsDir: loaded plugin libfeaturepertester.so
2026-04-05 18:05:01.419 (D) PluginManager::loadPluginsDir: fileName: libfeatureradiosonde.so
2026-04-05 18:05:01.419 (I) PluginManager::loadPluginsDir: loaded plugin libfeatureradiosonde.so
2026-04-05 18:05:01.419 (D) PluginManager::loadPluginsDir: fileName: libfeatureremotecontrol.so
2026-04-05 18:05:01.419 (I) PluginManager::loadPluginsDir: loaded plugin libfeatureremotecontrol.so
2026-04-05 18:05:01.419 (D) PluginManager::loadPluginsDir: fileName: libfeaturerigctlserver.so
2026-04-05 18:05:01.419 (I) PluginManager::loadPluginsDir: loaded plugin libfeaturerigctlserver.so
2026-04-05 18:05:01.419 (D) PluginManager::loadPluginsDir: fileName: libfeaturesatellitetracker.so
2026-04-05 18:05:01.420 (I) PluginManager::loadPluginsDir: loaded plugin libfeaturesatellitetracker.so
2026-04-05 18:05:01.420 (D) PluginManager::loadPluginsDir: fileName: libfeaturesid.so
2026-04-05 18:05:01.420 (I) PluginManager::loadPluginsDir: loaded plugin libfeaturesid.so
2026-04-05 18:05:01.420 (D) PluginManager::loadPluginsDir: fileName: libfeaturesimpleptt.so
2026-04-05 18:05:01.421 (I) PluginManager::loadPluginsDir: loaded plugin libfeaturesimpleptt.so
2026-04-05 18:05:01.421 (D) PluginManager::loadPluginsDir: fileName: libfeatureskymap.so
2026-04-05 18:05:01.428 (I) PluginManager::loadPluginsDir: loaded plugin libfeatureskymap.so
2026-04-05 18:05:01.428 (D) PluginManager::loadPluginsDir: fileName: libfeaturestartracker.so
2026-04-05 18:05:01.428 (I) PluginManager::loadPluginsDir: loaded plugin libfeaturestartracker.so
2026-04-05 18:05:01.428 (D) PluginManager::loadPluginsDir: fileName: libfilesink.so
2026-04-05 18:05:01.429 (I) PluginManager::loadPluginsDir: loaded plugin libfilesink.so
2026-04-05 18:05:01.429 (D) PluginManager::loadPluginsDir: fileName: libfilesource.so
2026-04-05 18:05:01.429 (I) PluginManager::loadPluginsDir: loaded plugin libfilesource.so
2026-04-05 18:05:01.429 (D) PluginManager::loadPluginsDir: fileName: libfreqscanner.so
2026-04-05 18:05:01.429 (I) PluginManager::loadPluginsDir: loaded plugin libfreqscanner.so
2026-04-05 18:05:01.429 (D) PluginManager::loadPluginsDir: fileName: libfreqtracker.so
2026-04-05 18:05:01.430 (I) PluginManager::loadPluginsDir: loaded plugin libfreqtracker.so
2026-04-05 18:05:01.430 (D) PluginManager::loadPluginsDir: fileName: libheatmap.so
2026-04-05 18:05:01.430 (I) PluginManager::loadPluginsDir: loaded plugin libheatmap.so
2026-04-05 18:05:01.430 (D) PluginManager::loadPluginsDir: fileName: libinputaaroniartsa.so
2026-04-05 18:05:01.430 (I) PluginManager::loadPluginsDir: loaded plugin libinputaaroniartsa.so
2026-04-05 18:05:01.430 (D) PluginManager::loadPluginsDir: fileName: libinputairspy.so
2026-04-05 18:05:01.431 (I) PluginManager::loadPluginsDir: loaded plugin libinputairspy.so
2026-04-05 18:05:01.431 (D) PluginManager::loadPluginsDir: fileName: libinputairspyhf.so
2026-04-05 18:05:01.431 (I) PluginManager::loadPluginsDir: loaded plugin libinputairspyhf.so
2026-04-05 18:05:01.431 (D) PluginManager::loadPluginsDir: fileName: libinputaudio.so
2026-04-05 18:05:01.431 (I) PluginManager::loadPluginsDir: loaded plugin libinputaudio.so
2026-04-05 18:05:01.431 (D) PluginManager::loadPluginsDir: fileName: libinputbladerf1.so
2026-04-05 18:05:01.432 (I) PluginManager::loadPluginsDir: loaded plugin libinputbladerf1.so
2026-04-05 18:05:01.432 (D) PluginManager::loadPluginsDir: fileName: libinputbladerf2.so
2026-04-05 18:05:01.432 (I) PluginManager::loadPluginsDir: loaded plugin libinputbladerf2.so
2026-04-05 18:05:01.432 (D) PluginManager::loadPluginsDir: fileName: libinputfcdpro.so
2026-04-05 18:05:01.432 (I) PluginManager::loadPluginsDir: loaded plugin libinputfcdpro.so
2026-04-05 18:05:01.432 (D) PluginManager::loadPluginsDir: fileName: libinputfcdproplus.so
2026-04-05 18:05:01.433 (I) PluginManager::loadPluginsDir: loaded plugin libinputfcdproplus.so
2026-04-05 18:05:01.433 (D) PluginManager::loadPluginsDir: fileName: libinputfileinput.so
2026-04-05 18:05:01.433 (I) PluginManager::loadPluginsDir: loaded plugin libinputfileinput.so
2026-04-05 18:05:01.433 (D) PluginManager::loadPluginsDir: fileName: libinputhackrf.so
2026-04-05 18:05:01.433 (I) PluginManager::loadPluginsDir: loaded plugin libinputhackrf.so
2026-04-05 18:05:01.433 (D) PluginManager::loadPluginsDir: fileName: libinputkiwisdr.so
2026-04-05 18:05:01.434 (I) PluginManager::loadPluginsDir: loaded plugin libinputkiwisdr.so
2026-04-05 18:05:01.434 (D) PluginManager::loadPluginsDir: fileName: libinputlimesdr.so
2026-04-05 18:05:01.434 (I) PluginManager::loadPluginsDir: loaded plugin libinputlimesdr.so
2026-04-05 18:05:01.434 (D) PluginManager::loadPluginsDir: fileName: libinputlocal.so
2026-04-05 18:05:01.435 (I) PluginManager::loadPluginsDir: loaded plugin libinputlocal.so
2026-04-05 18:05:01.435 (D) PluginManager::loadPluginsDir: fileName: libinputperseus.so
2026-04-05 18:05:01.435 (I) PluginManager::loadPluginsDir: loaded plugin libinputperseus.so
2026-04-05 18:05:01.435 (D) PluginManager::loadPluginsDir: fileName: libinputplutosdr.so
2026-04-05 18:05:01.436 (I) PluginManager::loadPluginsDir: loaded plugin libinputplutosdr.so
2026-04-05 18:05:01.436 (D) PluginManager::loadPluginsDir: fileName: libinputremote.so
2026-04-05 18:05:01.436 (I) PluginManager::loadPluginsDir: loaded plugin libinputremote.so
2026-04-05 18:05:01.436 (D) PluginManager::loadPluginsDir: fileName: libinputrtlsdr.so
2026-04-05 18:05:01.437 (I) PluginManager::loadPluginsDir: loaded plugin libinputrtlsdr.so
2026-04-05 18:05:01.437 (D) PluginManager::loadPluginsDir: fileName: libinputsdrplay.so
2026-04-05 18:05:01.437 (I) PluginManager::loadPluginsDir: loaded plugin libinputsdrplay.so
2026-04-05 18:05:01.437 (D) PluginManager::loadPluginsDir: fileName: libinputsdrplayv3.so
2026-04-05 18:05:01.437 (W) PluginManager::loadPluginsDir: Cannot load library /usr/lib/sdrangel/plugins/libinputsdrplayv3.so: (libsdrplay_api.so.3: no se puede abrir el archivo del objeto compartido: No existe el archivo o el directorio)
2026-04-05 18:05:01.437 (D) PluginManager::loadPluginsDir: fileName: libinputsigmffileinput.so
2026-04-05 18:05:01.438 (I) PluginManager::loadPluginsDir: loaded plugin libinputsigmffileinput.so
2026-04-05 18:05:01.438 (I) PluginManager::loadPluginsDir: Soapy SDR disabled skipping libinputsoapysdr.so
2026-04-05 18:05:01.438 (D) PluginManager::loadPluginsDir: fileName: libinputtcpremote.so
2026-04-05 18:05:01.438 (I) PluginManager::loadPluginsDir: loaded plugin libinputtcpremote.so
2026-04-05 18:05:01.438 (D) PluginManager::loadPluginsDir: fileName: libinputtestsource.so
2026-04-05 18:05:01.438 (I) PluginManager::loadPluginsDir: loaded plugin libinputtestsource.so
2026-04-05 18:05:01.438 (D) PluginManager::loadPluginsDir: fileName: libinputusrp.so
2026-04-05 18:05:01.442 (I) PluginManager::loadPluginsDir: loaded plugin libinputusrp.so
2026-04-05 18:05:01.442 (D) PluginManager::loadPluginsDir: fileName: libinterferometer.so
2026-04-05 18:05:01.442 (I) PluginManager::loadPluginsDir: loaded plugin libinterferometer.so
2026-04-05 18:05:01.442 (D) PluginManager::loadPluginsDir: fileName: libjogdialcontroller.so
2026-04-05 18:05:01.443 (I) PluginManager::loadPluginsDir: loaded plugin libjogdialcontroller.so
2026-04-05 18:05:01.443 (D) PluginManager::loadPluginsDir: fileName: liblocalsink.so
2026-04-05 18:05:01.443 (I) PluginManager::loadPluginsDir: loaded plugin liblocalsink.so
2026-04-05 18:05:01.443 (D) PluginManager::loadPluginsDir: fileName: liblocalsource.so
2026-04-05 18:05:01.443 (I) PluginManager::loadPluginsDir: loaded plugin liblocalsource.so
2026-04-05 18:05:01.443 (D) PluginManager::loadPluginsDir: fileName: libmap.so
2026-04-05 18:05:01.444 (I) PluginManager::loadPluginsDir: loaded plugin libmap.so
2026-04-05 18:05:01.444 (D) PluginManager::loadPluginsDir: fileName: libmimoaudiocatsiso.so
2026-04-05 18:05:01.447 (I) PluginManager::loadPluginsDir: loaded plugin libmimoaudiocatsiso.so
2026-04-05 18:05:01.447 (D) PluginManager::loadPluginsDir: fileName: libmimobladerf2.so
2026-04-05 18:05:01.447 (I) PluginManager::loadPluginsDir: loaded plugin libmimobladerf2.so
2026-04-05 18:05:01.447 (D) PluginManager::loadPluginsDir: fileName: libmimolimesdr.so
2026-04-05 18:05:01.447 (I) PluginManager::loadPluginsDir: loaded plugin libmimolimesdr.so
2026-04-05 18:05:01.447 (D) PluginManager::loadPluginsDir: fileName: libmimometismiso.so
2026-04-05 18:05:01.448 (I) PluginManager::loadPluginsDir: loaded plugin libmimometismiso.so
2026-04-05 18:05:01.448 (D) PluginManager::loadPluginsDir: fileName: libmimoplutosdr.so
2026-04-05 18:05:01.448 (I) PluginManager::loadPluginsDir: loaded plugin libmimoplutosdr.so
2026-04-05 18:05:01.448 (D) PluginManager::loadPluginsDir: fileName: libmimotestmi.so
2026-04-05 18:05:01.448 (I) PluginManager::loadPluginsDir: loaded plugin libmimotestmi.so
2026-04-05 18:05:01.448 (D) PluginManager::loadPluginsDir: fileName: libmodais.so
2026-04-05 18:05:01.449 (I) PluginManager::loadPluginsDir: loaded plugin libmodais.so
2026-04-05 18:05:01.449 (D) PluginManager::loadPluginsDir: fileName: libmodam.so
2026-04-05 18:05:01.449 (I) PluginManager::loadPluginsDir: loaded plugin libmodam.so
2026-04-05 18:05:01.449 (D) PluginManager::loadPluginsDir: fileName: libmodatv.so
2026-04-05 18:05:01.492 (I) PluginManager::loadPluginsDir: loaded plugin libmodatv.so
2026-04-05 18:05:01.492 (D) PluginManager::loadPluginsDir: fileName: libmodchirpchat.so
2026-04-05 18:05:01.492 (I) PluginManager::loadPluginsDir: loaded plugin libmodchirpchat.so
2026-04-05 18:05:01.492 (D) PluginManager::loadPluginsDir: fileName: libmoddatv.so
2026-04-05 18:05:01.493 (I) PluginManager::loadPluginsDir: loaded plugin libmoddatv.so
2026-04-05 18:05:01.493 (D) PluginManager::loadPluginsDir: fileName: libmodfreedv.so
2026-04-05 18:05:01.494 (I) PluginManager::loadPluginsDir: loaded plugin libmodfreedv.so
2026-04-05 18:05:01.494 (D) PluginManager::loadPluginsDir: fileName: libmodieee_802_15_4.so
2026-04-05 18:05:01.494 (I) PluginManager::loadPluginsDir: loaded plugin libmodieee_802_15_4.so
2026-04-05 18:05:01.494 (D) PluginManager::loadPluginsDir: fileName: libmodm17.so
2026-04-05 18:05:01.494 (I) PluginManager::loadPluginsDir: loaded plugin libmodm17.so
2026-04-05 18:05:01.494 (D) PluginManager::loadPluginsDir: fileName: libmodnfm.so
2026-04-05 18:05:01.495 (I) PluginManager::loadPluginsDir: loaded plugin libmodnfm.so
2026-04-05 18:05:01.495 (D) PluginManager::loadPluginsDir: fileName: libmodpacket.so
2026-04-05 18:05:01.495 (I) PluginManager::loadPluginsDir: loaded plugin libmodpacket.so
2026-04-05 18:05:01.495 (D) PluginManager::loadPluginsDir: fileName: libmodpsk31.so
2026-04-05 18:05:01.495 (I) PluginManager::loadPluginsDir: loaded plugin libmodpsk31.so
2026-04-05 18:05:01.495 (D) PluginManager::loadPluginsDir: fileName: libmodrtty.so
2026-04-05 18:05:01.496 (I) PluginManager::loadPluginsDir: loaded plugin libmodrtty.so
2026-04-05 18:05:01.496 (D) PluginManager::loadPluginsDir: fileName: libmodssb.so
2026-04-05 18:05:01.496 (I) PluginManager::loadPluginsDir: loaded plugin libmodssb.so
2026-04-05 18:05:01.496 (D) PluginManager::loadPluginsDir: fileName: libmodwfm.so
2026-04-05 18:05:01.496 (I) PluginManager::loadPluginsDir: loaded plugin libmodwfm.so
2026-04-05 18:05:01.496 (D) PluginManager::loadPluginsDir: fileName: libnoisefigure.so
2026-04-05 18:05:01.497 (I) PluginManager::loadPluginsDir: loaded plugin libnoisefigure.so
2026-04-05 18:05:01.497 (D) PluginManager::loadPluginsDir: fileName: liboutputaaroniartsa.so
2026-04-05 18:05:01.497 (I) PluginManager::loadPluginsDir: loaded plugin liboutputaaroniartsa.so
2026-04-05 18:05:01.497 (D) PluginManager::loadPluginsDir: fileName: liboutputaudio.so
2026-04-05 18:05:01.497 (I) PluginManager::loadPluginsDir: loaded plugin liboutputaudio.so
2026-04-05 18:05:01.497 (D) PluginManager::loadPluginsDir: fileName: liboutputbladerf1.so
2026-04-05 18:05:01.498 (I) PluginManager::loadPluginsDir: loaded plugin liboutputbladerf1.so
2026-04-05 18:05:01.498 (D) PluginManager::loadPluginsDir: fileName: liboutputbladerf2.so
2026-04-05 18:05:01.498 (I) PluginManager::loadPluginsDir: loaded plugin liboutputbladerf2.so
2026-04-05 18:05:01.498 (D) PluginManager::loadPluginsDir: fileName: liboutputfileoutput.so
2026-04-05 18:05:01.498 (I) PluginManager::loadPluginsDir: loaded plugin liboutputfileoutput.so
2026-04-05 18:05:01.498 (D) PluginManager::loadPluginsDir: fileName: liboutputhackrf.so
2026-04-05 18:05:01.499 (I) PluginManager::loadPluginsDir: loaded plugin liboutputhackrf.so
2026-04-05 18:05:01.499 (D) PluginManager::loadPluginsDir: fileName: liboutputlimesdr.so
2026-04-05 18:05:01.499 (I) PluginManager::loadPluginsDir: loaded plugin liboutputlimesdr.so
2026-04-05 18:05:01.499 (D) PluginManager::loadPluginsDir: fileName: liboutputlocal.so
2026-04-05 18:05:01.499 (I) PluginManager::loadPluginsDir: loaded plugin liboutputlocal.so
2026-04-05 18:05:01.499 (D) PluginManager::loadPluginsDir: fileName: liboutputplutosdr.so
2026-04-05 18:05:01.500 (I) PluginManager::loadPluginsDir: loaded plugin liboutputplutosdr.so
2026-04-05 18:05:01.500 (D) PluginManager::loadPluginsDir: fileName: liboutputremote.so
2026-04-05 18:05:01.500 (I) PluginManager::loadPluginsDir: loaded plugin liboutputremote.so
2026-04-05 18:05:01.500 (I) PluginManager::loadPluginsDir: Soapy SDR disabled skipping liboutputsoapysdr.so
2026-04-05 18:05:01.500 (D) PluginManager::loadPluginsDir: fileName: liboutputtestmosync.so
2026-04-05 18:05:01.500 (I) PluginManager::loadPluginsDir: loaded plugin liboutputtestmosync.so
2026-04-05 18:05:01.500 (D) PluginManager::loadPluginsDir: fileName: liboutputtestsink.so
2026-04-05 18:05:01.501 (I) PluginManager::loadPluginsDir: loaded plugin liboutputtestsink.so
2026-04-05 18:05:01.501 (D) PluginManager::loadPluginsDir: fileName: liboutputusrp.so
2026-04-05 18:05:01.501 (I) PluginManager::loadPluginsDir: loaded plugin liboutputusrp.so
2026-04-05 18:05:01.501 (D) PluginManager::loadPluginsDir: fileName: libradioastronomy.so
2026-04-05 18:05:01.502 (I) PluginManager::loadPluginsDir: loaded plugin libradioastronomy.so
2026-04-05 18:05:01.502 (D) PluginManager::loadPluginsDir: fileName: libradioclock.so
2026-04-05 18:05:01.502 (I) PluginManager::loadPluginsDir: loaded plugin libradioclock.so
2026-04-05 18:05:01.502 (D) PluginManager::loadPluginsDir: fileName: libremotesink.so
2026-04-05 18:05:01.502 (I) PluginManager::loadPluginsDir: loaded plugin libremotesink.so
2026-04-05 18:05:01.502 (D) PluginManager::loadPluginsDir: fileName: libremotesource.so
2026-04-05 18:05:01.503 (I) PluginManager::loadPluginsDir: loaded plugin libremotesource.so
2026-04-05 18:05:01.503 (D) PluginManager::loadPluginsDir: fileName: libremotetcpsink.so
2026-04-05 18:05:01.503 (I) PluginManager::loadPluginsDir: loaded plugin libremotetcpsink.so
2026-04-05 18:05:01.503 (D) PluginManager::loadPluginsDir: fileName: libsigmffilesink.so
2026-04-05 18:05:01.504 (I) PluginManager::loadPluginsDir: loaded plugin libsigmffilesink.so
2026-04-05 18:05:01.504 (D) PluginManager::loadPluginsDir: fileName: libudpsink.so
2026-04-05 18:05:01.504 (I) PluginManager::loadPluginsDir: loaded plugin libudpsink.so
2026-04-05 18:05:01.504 (D) PluginManager::loadPluginsDir: fileName: libudpsource.so
2026-04-05 18:05:01.504 (I) PluginManager::loadPluginsDir: loaded plugin libudpsource.so
2026-04-05 18:05:01.504 (D) PluginManager::loadPluginsDir: fileName: libvorlocalizer.so
2026-04-05 18:05:01.505 (I) PluginManager::loadPluginsDir: loaded plugin libvorlocalizer.so
2026-04-05 18:05:01.505 (D) PluginManager::loadPluginsDir: fileName: libwdsprx.so
2026-04-05 18:05:01.505 (I) PluginManager::loadPluginsDir: loaded plugin libwdsprx.so
2026-04-05 18:05:01.505 (D) PluginManager::registerTxChannel  802.15.4 Modulator  with channel name  "sdrangel.channeltx.mod802.15.4"
2026-04-05 18:05:01.505 (D) PluginManager::registerRxChannel  ADS-B Demodulator  with channel name  "sdrangel.channel.adsbdemod"
2026-04-05 18:05:01.505 (D) PluginManager::registerFeature  AFC  with channel name  "sdrangel.feature.afc"
2026-04-05 18:05:01.505 (D) PluginManager::registerFeature  AIS  with channel name  "sdrangel.feature.ais"
2026-04-05 18:05:01.505 (D) PluginManager::registerRxChannel  AIS Demodulator  with channel name  "sdrangel.channel.aisdemod"
2026-04-05 18:05:01.505 (D) PluginManager::registerTxChannel  AIS Modulator  with channel name  "sdrangel.channel.modais"
2026-04-05 18:05:01.505 (D) PluginManager::registerRxChannel  AM Demodulator  with channel name  "sdrangel.channel.amdemod"
2026-04-05 18:05:01.505 (D) PluginManager::registerTxChannel  AM Modulator  with channel name  "sdrangel.channeltx.modam"
2026-04-05 18:05:01.505 (D) PluginManager::registerFeature  AMBE Controller  with channel name  "sdrangel.feature.ambe"
2026-04-05 18:05:01.505 (D) PluginManager::registerFeature  APRS  with channel name  "sdrangel.feature.aprs"
2026-04-05 18:05:01.505 (D) PluginManager::registerRxChannel  APT Demodulator  with channel name  "sdrangel.channel.aptdemod"
2026-04-05 18:05:01.505 (D) PluginManager::registerRxChannel  ATV Demodulator  with channel name  "sdrangel.channel.demodatv"
2026-04-05 18:05:01.505 (D) PluginManager::registerTxChannel  ATV Modulator  with channel name  "sdrangel.channeltx.modatv"
2026-04-05 18:05:01.505 (D) PluginManager::registerSampleSource  AaroniaRTSA input  with source name  sdrangel.samplesource.aaroniartsasource  and hardware id  "AaroniaRTSA"
2026-04-05 18:05:01.505 (D) PluginManager::registerSampleSink  AaroniaRTSA output  with sink name  sdrangel.samplesink.aaroniartsaoutput  and hardware id  "AaroniaRTSAOutput"
2026-04-05 18:05:01.505 (D) PluginManager::registerSampleSource  Airspy Input  with source name  sdrangel.samplesource.airspy  and hardware id  "Airspy"
2026-04-05 18:05:01.505 (D) PluginManager::registerSampleSource  AirspyHF Input  with source name  sdrangel.samplesource.airspyhf  and hardware id  "AirspyHF"
2026-04-05 18:05:01.505 (D) PluginManager::registerFeature  Antenna Tools  with channel name  "sdrangel.feature.antennatools"
2026-04-05 18:05:01.505 (D) PluginManager::registerSampleMIMO  Audio CAT SISO  with MIMO name  sdrangel.samplemimo.audiocatsiso  and hardware id  "AudioCATSISO"
2026-04-05 18:05:01.505 (D) PluginManager::registerSampleSource  Audio Input  with source name  sdrangel.samplesource.audioinput  and hardware id  "AudioInput"
2026-04-05 18:05:01.505 (D) PluginManager::registerSampleSink  Audio output  with sink name  sdrangel.samplesink.audiooutput  and hardware id  "AudioOutput"
2026-04-05 18:05:01.505 (D) PluginManager::registerMIMOChannel  BeamSteeringCWMod  with channel name  "sdrangel.channel.beamsteeringcwmod"
2026-04-05 18:05:01.506 (D) PluginManager::registerSampleSource  BladeRF1 Input  with source name  sdrangel.samplesource.bladerf1input  and hardware id  "BladeRF1"
2026-04-05 18:05:01.506 (D) PluginManager::registerSampleSink  BladeRF1 Output  with sink name  sdrangel.samplesink.bladerf1output  and hardware id  "BladeRF1"
2026-04-05 18:05:01.506 (D) PluginManager::registerSampleSource  BladeRF2 Input  with source name  sdrangel.samplesource.bladerf2input  and hardware id  "BladeRF2"
2026-04-05 18:05:01.506 (D) PluginManager::registerSampleMIMO  BladeRF2 MIMO  with MIMO name  sdrangel.samplemimo.bladerf2mimo  and hardware id  "BladeRF2"
2026-04-05 18:05:01.506 (D) PluginManager::registerSampleSink  BladeRF2 Output  with sink name  sdrangel.samplesink.bladerf2output  and hardware id  "BladeRF2"
2026-04-05 18:05:01.506 (D) PluginManager::registerRxChannel  Broadcast FM Demodulator  with channel name  "sdrangel.channel.bfm"
2026-04-05 18:05:01.506 (D) PluginManager::registerRxChannel  Channel Analyzer  with channel name  "sdrangel.channel.chanalyzer"
2026-04-05 18:05:01.506 (D) PluginManager::registerRxChannel  Channel Power  with channel name  "sdrangel.channel.channelpower"
2026-04-05 18:05:01.506 (D) PluginManager::registerRxChannel  ChirpChat Demodulator  with channel name  "sdrangel.channel.chirpchatdemod"
2026-04-05 18:05:01.506 (D) PluginManager::registerTxChannel  ChirpChat Modulator  with channel name  "sdrangel.channeltx.modchirpchat"
2026-04-05 18:05:01.506 (D) PluginManager::registerRxChannel  DAB Demodulator  with channel name  "sdrangel.channel.dabdemod"
2026-04-05 18:05:01.506 (D) PluginManager::registerRxChannel  DATV Demodulator  with channel name  "sdrangel.channel.demoddatv"
2026-04-05 18:05:01.506 (D) PluginManager::registerTxChannel  DATV Modulator  with channel name  "sdrangel.channeltx.moddatv"
2026-04-05 18:05:01.506 (D) PluginManager::registerMIMOChannel  DOA 2 sources  with channel name  "sdrangel.channel.doa2"
2026-04-05 18:05:01.506 (D) PluginManager::registerRxChannel  DSC Demodulator  with channel name  "sdrangel.channel.dscdemod"
2026-04-05 18:05:01.506 (D) PluginManager::registerFeature  Demod Analyzer  with channel name  "sdrangel.feature.demodanalyzer"
2026-04-05 18:05:01.506 (D) PluginManager::registerRxChannel  End-of-Train Demodulator  with channel name  "sdrangel.channel.endoftraindemod"
2026-04-05 18:05:01.506 (D) PluginManager::registerRxChannel  FT8 Demodulator  with channel name  "sdrangel.channel.ft8demod"
2026-04-05 18:05:01.506 (D) PluginManager::registerRxChannel  File Sink  with channel name  "sdrangel.channel.filesink"
2026-04-05 18:05:01.506 (D) PluginManager::registerTxChannel  File channel source  with channel name  "sdrangel.channeltx.filesource"
2026-04-05 18:05:01.506 (D) PluginManager::registerSampleSource  File device input  with source name  sdrangel.samplesource.fileinput  and hardware id  "FileInput"
2026-04-05 18:05:01.506 (D) PluginManager::registerSampleSource  File device input (SigMF)  with source name  sdrangel.samplesource.sigmffileinput  and hardware id  "SigMFFileInput"
2026-04-05 18:05:01.506 (D) PluginManager::registerSampleSink  File output  with sink name  sdrangel.samplesink.fileoutput  and hardware id  "FileOutput"
2026-04-05 18:05:01.506 (D) PluginManager::registerRxChannel  FreeDV Demodulator  with channel name  "sdrangel.channel.freedvdemod"
2026-04-05 18:05:01.506 (D) PluginManager::registerTxChannel  FreeDV Modulator  with channel name  "sdrangel.channeltx.freedvmod"
2026-04-05 18:05:01.506 (D) PluginManager::registerRxChannel  Frequency Scanner  with channel name  "sdrangel.channel.freqscanner"
2026-04-05 18:05:01.506 (D) PluginManager::registerRxChannel  Frequency Tracker  with channel name  "sdrangel.channel.freqtracker"
2026-04-05 18:05:01.506 (D) PluginManager::registerSampleSource  FunCube Pro Input  with source name  sdrangel.samplesource.fcdpro  and hardware id  "FCDPro"
2026-04-05 18:05:01.506 (D) PluginManager::registerSampleSource  FunCube Pro+ Input  with source name  sdrangel.samplesource.fcdproplus  and hardware id  "FCDProPlus"
2026-04-05 18:05:01.506 (D) PluginManager::registerSampleSource  HackRF Input  with source name  sdrangel.samplesource.hackrf  and hardware id  "HackRF"
2026-04-05 18:05:01.506 (D) PluginManager::registerSampleSink  HackRF Output  with sink name  sdrangel.samplesink.hackrf  and hardware id  "HackRF"
2026-04-05 18:05:01.506 (D) PluginManager::registerRxChannel  Heat Map  with channel name  "sdrangel.channel.heatmap"
2026-04-05 18:05:01.506 (D) PluginManager::registerRxChannel  ILS Demodulator  with channel name  "sdrangel.channel.ilsdemod"
2026-04-05 18:05:01.506 (D) PluginManager::registerMIMOChannel  Interferometer  with channel name  "sdrangel.channel.interferometer"
2026-04-05 18:05:01.506 (D) PluginManager::registerFeature  Jogdial Controller  with channel name  "sdrangel.feature.jogdialcontroller"
2026-04-05 18:05:01.506 (D) PluginManager::registerSampleSource  KiwiSDR input  with source name  sdrangel.samplesource.kiwisdrsource  and hardware id  "KiwiSDR"
2026-04-05 18:05:01.506 (D) PluginManager::registerFeature  LimeRFE USB Controller  with channel name  "sdrangel.feature.limerfe"
2026-04-05 18:05:01.506 (D) PluginManager::registerSampleSource  LimeSDR Input  with source name  sdrangel.samplesource.limesdr  and hardware id  "LimeSDR"
2026-04-05 18:05:01.506 (D) PluginManager::registerSampleMIMO  LimeSDR MIMO  with MIMO name  sdrangel.samplemimo.limesdrmimo  and hardware id  "LimeSDR"
2026-04-05 18:05:01.506 (D) PluginManager::registerSampleSink  LimeSDR Output  with sink name  sdrangel.samplesink.limesdr  and hardware id  "LimeSDR"
2026-04-05 18:05:01.506 (D) PluginManager::registerRxChannel  Local channel sink  with channel name  "sdrangel.channel.localsink"
2026-04-05 18:05:01.506 (D) PluginManager::registerTxChannel  Local channel source  with channel name  "sdrangel.channel.localsource"
2026-04-05 18:05:01.506 (D) PluginManager::registerSampleSource  Local device input  with source name  sdrangel.samplesource.localinput  and hardware id  "LocalInput"
2026-04-05 18:05:01.506 (D) PluginManager::registerSampleSink  Local device output  with sink name  sdrangel.samplesink.localoutput  and hardware id  "LocalOutput"
2026-04-05 18:05:01.506 (D) PluginManager::registerRxChannel  M17 Demodulator  with channel name  "sdrangel.channel.m17demod"
2026-04-05 18:05:01.506 (D) PluginManager::registerTxChannel  M17 Modulator  with channel name  "sdrangel.channeltx.modm17"
2026-04-05 18:05:01.506 (D) PluginManager::registerFeature  Map  with channel name  "sdrangel.feature.map"
2026-04-05 18:05:01.506 (D) PluginManager::registerSampleMIMO  Metis MISO  with MIMO name  sdrangel.samplemimo.metismiso  and hardware id  "MetisMISO"
2026-04-05 18:05:01.506 (D) PluginManager::registerFeature  Morse Decoder  with channel name  "sdrangel.feature.morsedecoder"
2026-04-05 18:05:01.506 (D) PluginManager::registerRxChannel  NFM Demodulator  with channel name  "sdrangel.channel.nfmdemod"
2026-04-05 18:05:01.506 (D) PluginManager::registerTxChannel  NFM Modulator  with channel name  "sdrangel.channeltx.modnfm"
2026-04-05 18:05:01.506 (D) PluginManager::registerRxChannel  Navtex Demodulator  with channel name  "sdrangel.channel.navtexdemod"
2026-04-05 18:05:01.506 (D) PluginManager::registerRxChannel  Noise Figure  with channel name  "sdrangel.channel.noisefigure"
2026-04-05 18:05:01.506 (D) PluginManager::registerTxChannel  PSK31 Modulator  with channel name  "sdrangel.channeltx.modpsk31"
2026-04-05 18:05:01.506 (D) PluginManager::registerRxChannel  Packet Demodulator  with channel name  "sdrangel.channel.packetdemod"
2026-04-05 18:05:01.506 (D) PluginManager::registerFeature  Packet Error Rate Tester  with channel name  "sdrangel.feature.pertester"
2026-04-05 18:05:01.506 (D) PluginManager::registerTxChannel  Packet Modulator  with channel name  "sdrangel.channeltx.modpacket"
2026-04-05 18:05:01.506 (D) PluginManager::registerRxChannel  Pager Demodulator  with channel name  "sdrangel.channel.pagerdemod"
2026-04-05 18:05:01.506 (D) PluginManager::registerSampleSource  Perseus Input  with source name  sdrangel.samplesource.perseus  and hardware id  "Perseus"
2026-04-05 18:05:01.506 (D) PluginManager::registerSampleSource  PlutoSDR Input  with source name  sdrangel.samplesource.plutosdr  and hardware id  "PlutoSDR"
2026-04-05 18:05:01.506 (D) PluginManager::registerSampleMIMO  PlutoSDR MIMO  with MIMO name  sdrangel.samplemimo.plutosdrmimo  and hardware id  "PlutoSDR"
2026-04-05 18:05:01.506 (D) PluginManager::registerSampleSink  PlutoSDR Output  with sink name  sdrangel.samplesink.plutosdr  and hardware id  "PlutoSDR"
2026-04-05 18:05:01.506 (D) PluginManager::registerSampleSource  RTL-SDR Input  with source name  sdrangel.samplesource.rtlsdr  and hardware id  "RTLSDR"
2026-04-05 18:05:01.506 (D) PluginManager::registerRxChannel  RTTY Demodulator  with channel name  "sdrangel.channel.rttydemod"
2026-04-05 18:05:01.506 (D) PluginManager::registerTxChannel  RTTY Modulator  with channel name  "sdrangel.channeltx.modrtty"
2026-04-05 18:05:01.506 (D) PluginManager::registerRxChannel  Radio Astronomy  with channel name  "sdrangel.channel.radioastronomy"
2026-04-05 18:05:01.506 (D) PluginManager::registerRxChannel  Radio Clock  with channel name  "sdrangel.channel.radioclock"
2026-04-05 18:05:01.507 (D) PluginManager::registerFeature  Radiosonde  with channel name  "sdrangel.feature.radiosonde"
2026-04-05 18:05:01.507 (D) PluginManager::registerRxChannel  Radiosonde Demodulator  with channel name  "sdrangel.channel.radiosondedemod"
2026-04-05 18:05:01.507 (D) PluginManager::registerFeature  Remote Control  with channel name  "sdrangel.feature.remotecontrol"
2026-04-05 18:05:01.507 (D) PluginManager::registerRxChannel  Remote TCP channel sink  with channel name  "sdrangel.channel.remotetcpsink"
2026-04-05 18:05:01.507 (D) PluginManager::registerSampleSource  Remote TCP device input  with source name  sdrangel.samplesource.remotetcpinput  and hardware id  "RemoteTCPInput"
2026-04-05 18:05:01.507 (D) PluginManager::registerRxChannel  Remote channel sink  with channel name  "sdrangel.channel.remotesink"
2026-04-05 18:05:01.507 (D) PluginManager::registerTxChannel  Remote channel source  with channel name  "sdrangel.channeltx.remotesource"
2026-04-05 18:05:01.507 (D) PluginManager::registerSampleSource  Remote device input  with source name  sdrangel.samplesource.remoteinput  and hardware id  "RemoteInput"
2026-04-05 18:05:01.507 (D) PluginManager::registerSampleSink  Remote device output  with sink name  sdrangel.samplesink.remoteoutput  and hardware id  "RemoteOutput"
2026-04-05 18:05:01.507 (D) PluginManager::registerFeature  RigCtl Server  with channel name  "sdrangel.feature.rigctlserver"
2026-04-05 18:05:01.507 (D) PluginManager::registerFeature  Rotator Controller  with channel name  "sdrangel.feature.gs232controller"
2026-04-05 18:05:01.507 (D) PluginManager::registerSampleSource  SDRPlay RSP1 Input  with source name  sdrangel.samplesource.sdrplay  and hardware id  "SDRPlay"
2026-04-05 18:05:01.507 (D) PluginManager::registerFeature  SID  with channel name  "sdrangel.feature.sid"
2026-04-05 18:05:01.507 (D) PluginManager::registerRxChannel  SSB Demodulator  with channel name  "sdrangel.channel.ssbdemod"
2026-04-05 18:05:01.507 (D) PluginManager::registerTxChannel  SSB Modulator  with channel name  "sdrangel.channeltx.modssb"
2026-04-05 18:05:01.507 (D) PluginManager::registerFeature  Satellite Tracker  with channel name  "sdrangel.feature.satellitetracker"
2026-04-05 18:05:01.507 (D) PluginManager::registerRxChannel  SigMF File Sink  with channel name  "sdrangel.channel.sigmffilesink"
2026-04-05 18:05:01.507 (D) PluginManager::registerFeature  Simple PTT  with channel name  "sdrangel.feature.simpleptt"
2026-04-05 18:05:01.507 (D) PluginManager::registerFeature  Sky Map  with channel name  "sdrangel.feature.skymap"
2026-04-05 18:05:01.507 (D) PluginManager::registerFeature  Star Tracker  with channel name  "sdrangel.feature.startracker"
2026-04-05 18:05:01.507 (D) PluginManager::registerSampleMIMO  Test Multiple Input  with MIMO name  sdrangel.samplemimo.testmi  and hardware id  "TestMI"
2026-04-05 18:05:01.507 (D) PluginManager::registerSampleSink  Test Sink Output  with sink name  sdrangel.samplesink.testsink  and hardware id  "TestSink"
2026-04-05 18:05:01.507 (D) PluginManager::registerSampleSource  Test Source input  with source name  sdrangel.samplesource.testsource  and hardware id  "TestSource"
2026-04-05 18:05:01.507 (D) PluginManager::registerSampleMIMO  Test Synchronous Multiple Output  with MIMO name  sdrangel.samplemimo.testmosync  and hardware id  "TestMOSync"
2026-04-05 18:05:01.507 (D) PluginManager::registerRxChannel  UDP Channel Sink  with channel name  "sdrangel.channel.udpsink"
2026-04-05 18:05:01.507 (D) PluginManager::registerTxChannel  UDP Channel Source  with channel name  "sdrangel.channeltx.udpsource"
2026-04-05 18:05:01.507 (D) PluginManager::registerSampleSink  URSP Output  with sink name  sdrangel.samplesink.usrp  and hardware id  "USRP"
2026-04-05 18:05:01.507 (D) PluginManager::registerSampleSource  USRP Input  with source name  sdrangel.samplesource.usrp  and hardware id  "USRP"
2026-04-05 18:05:01.507 (D) PluginManager::registerRxChannel  VOR Demodulator  with channel name  "sdrangel.channel.vordemod"
2026-04-05 18:05:01.507 (D) PluginManager::registerFeature  VOR Localizer  with channel name  "sdrangel.feature.vorlocalizer"
2026-04-05 18:05:01.507 (D) PluginManager::registerRxChannel  WDSP Receiver  with channel name  "sdrangel.channel.wdsprx"
2026-04-05 18:05:01.507 (D) PluginManager::registerRxChannel  WFM Demodulator  with channel name  "sdrangel.channel.wfmdemod"
2026-04-05 18:05:01.507 (D) PluginManager::registerTxChannel  WFM Modulator  with channel name  "sdrangel.channeltx.modwfm"
2026-04-05 18:05:01.507 (D) DeviceEnumerator::enumerateDevices: sdrangel.samplesource.aaroniartsasource
2026-04-05 18:05:01.507 (D) DeviceEnumerator::enumerateDevices: sdrangel.samplesource.airspy
2026-04-05 18:05:01.510 (D) AirspyPlugin::enumOriginDevices: enumerated 0 Airspy devices AIRSPY_ERROR_NOT_FOUND
2026-04-05 18:05:01.510 (D) AirspyPlugin::enumOriginDevices: airspy_exit: AIRSPY_SUCCESS
2026-04-05 18:05:01.510 (D) DeviceEnumerator::enumerateDevices: sdrangel.samplesource.airspyhf
2026-04-05 18:05:01.513 (D) DeviceEnumerator::enumerateDevices: sdrangel.samplesource.audioinput
2026-04-05 18:05:01.513 (D) DeviceEnumerator::enumerateDevices: sdrangel.samplesource.bladerf1input
2026-04-05 18:05:01.516 (D) DeviceEnumerator::enumerateDevices: sdrangel.samplesource.bladerf2input
2026-04-05 18:05:01.519 (D) DeviceEnumerator::enumerateDevices: sdrangel.samplesource.fileinput
2026-04-05 18:05:01.520 (D) DeviceEnumerator::enumerateDevices: sdrangel.samplesource.sigmffileinput
2026-04-05 18:05:01.520 (D) DeviceEnumerator::enumerateDevices: sdrangel.samplesource.fcdpro
2026-04-05 18:05:01.522 (D) DeviceEnumerator::enumerateDevices: sdrangel.samplesource.fcdproplus
2026-04-05 18:05:01.522 (D) DeviceEnumerator::enumerateDevices: sdrangel.samplesource.hackrf
2026-04-05 18:05:01.525 (D) DeviceEnumerator::enumerateDevices: sdrangel.samplesource.kiwisdrsource
2026-04-05 18:05:01.525 (D) DeviceEnumerator::enumerateDevices: sdrangel.samplesource.limesdr
2026-04-05 18:05:01.530 (D) DeviceLimeSDR::enumOriginDevices: Could not find any LimeSDR device
2026-04-05 18:05:01.530 (D) DeviceEnumerator::enumerateDevices: sdrangel.samplesource.localinput
2026-04-05 18:05:01.530 (D) DeviceEnumerator::enumerateDevices: sdrangel.samplesource.perseus
2026-04-05 18:05:01.533 (I) DevicePerseusScan::scan: no Perseus devices
2026-04-05 18:05:01.533 (D) DeviceEnumerator::enumerateDevices: sdrangel.samplesource.plutosdr
2026-04-05 18:05:02.559 (D) PlutoSDRScan::scan: 0: (nouveau,hp,BAT0,AC,hidpp_battery_7,coretemp,nvme,acpitz on HP) [local:]
2026-04-05 18:05:02.559 (D) DeviceEnumerator::enumerateDevices: sdrangel.samplesource.rtlsdr
2026-04-05 18:05:02.587 (D) RTLSDRPlugin::enumSampleSources: enumerated RTL-SDR device #0
2026-04-05 18:05:02.587 (D) DeviceEnumerator::enumerateDevices: sdrangel.samplesource.remotetcpinput
2026-04-05 18:05:02.587 (D) DeviceEnumerator::enumerateDevices: sdrangel.samplesource.remoteinput
2026-04-05 18:05:02.587 (D) DeviceEnumerator::enumerateDevices: sdrangel.samplesource.sdrplay
2026-04-05 18:05:02.595 (D) DeviceEnumerator::enumerateDevices: sdrangel.samplesource.testsource
2026-04-05 18:05:02.595 (D) DeviceEnumerator::enumerateDevices: sdrangel.samplesource.usrp
[INFO] [UHD] linux; GNU C++ version 13.2.0; Boost_108300; UHD_4.6.0.0+ds1-5.1ubuntu0.24.04.1
2026-04-05 18:05:03.097 (D) DeviceUSRP::enumOriginDevices: Could not find any USRP device
2026-04-05 18:05:03.097 (D) DeviceEnumerator::enumerateDevices: sdrangel.samplesink.aaroniartsaoutput
2026-04-05 18:05:03.097 (D) DeviceEnumerator::enumerateDevices: sdrangel.samplesink.audiooutput
2026-04-05 18:05:03.097 (D) DeviceEnumerator::enumerateDevices: sdrangel.samplesink.bladerf1output
2026-04-05 18:05:03.097 (D) DeviceEnumerator::enumerateDevices: sdrangel.samplesink.bladerf2output
2026-04-05 18:05:03.097 (D) DeviceEnumerator::enumerateDevices: sdrangel.samplesink.fileoutput
2026-04-05 18:05:03.098 (D) DeviceEnumerator::enumerateDevices: sdrangel.samplesink.hackrf
2026-04-05 18:05:03.098 (D) DeviceEnumerator::enumerateDevices: sdrangel.samplesink.limesdr
2026-04-05 18:05:03.098 (D) DeviceEnumerator::enumerateDevices: sdrangel.samplesink.localoutput
2026-04-05 18:05:03.098 (D) DeviceEnumerator::enumerateDevices: sdrangel.samplesink.plutosdr
2026-04-05 18:05:03.098 (D) DeviceEnumerator::enumerateDevices: sdrangel.samplesink.remoteoutput
2026-04-05 18:05:03.098 (D) DeviceEnumerator::enumerateDevices: sdrangel.samplesink.testsink
2026-04-05 18:05:03.098 (D) DeviceEnumerator::enumerateDevices: sdrangel.samplesink.usrp
2026-04-05 18:05:03.098 (D) DeviceEnumerator::enumerateDevices: sdrangel.samplemimo.audiocatsiso
2026-04-05 18:05:03.098 (D) AudioCATSISOPlugin::enumSampleMIMO: enumerated AudioCATSISO device #0
2026-04-05 18:05:03.098 (D) DeviceEnumerator::enumerateDevices: sdrangel.samplemimo.bladerf2mimo
2026-04-05 18:05:03.098 (D) DeviceEnumerator::enumerateDevices: sdrangel.samplemimo.limesdrmimo
2026-04-05 18:05:03.098 (D) DeviceEnumerator::enumerateDevices: sdrangel.samplemimo.metismiso
2026-04-05 18:05:03.099 (D) DeviceMetisScan::scan: discovery writeDatagram sent to 192.168.11.255
2026-04-05 18:05:03.099 (D) DeviceMetisScan::scan: discovery writeDatagram sent to 127.255.255.255
2026-04-05 18:05:03.099 (D) DeviceMetisScan::scan: discovery writeDatagram sent to 172.17.255.255
2026-04-05 18:05:03.099 (D) DeviceMetisScan::scan: start 0.5 second timeout loop
2026-04-05 18:05:03.574 (D) DeviceEnumerator::enumerateDevices: sdrangel.samplemimo.plutosdrmimo
2026-04-05 18:05:03.574 (D) DeviceEnumerator::enumerateDevices: sdrangel.samplemimo.testmi
2026-04-05 18:05:03.574 (D) DeviceEnumerator::enumerateDevices: sdrangel.samplemimo.testmosync
2026-04-05 18:05:03.574 (D) DeviceEnumerator::addNonDiscoverableDevices: start
2026-04-05 18:05:03.575 (D) StaticFileController: docroot=:/webapi, encoding=UTF-8, maxAge=60000
2026-04-05 18:05:03.575 (D) StaticFileController: cache timeout=60000, size=1000000
2026-04-05 18:05:03.575 (D) HttpListener: Listening on port 8091
2026-04-05 18:05:03.575 (I) WebAPIServer::start: starting web API server at http://0.0.0.0:8091
2026-04-05 18:05:03.575 (D) MainWindow::MainWindow: end
2026-04-05 18:05:03.578 (D) MainWindow::MainWindow: load current configuration...
2026-04-05 18:05:03.578 (D) LoadConfigurationFSM::clearWorkspace
2026-04-05 18:05:03.578 (D) RemoveAllWorkspacesFSM::removeDeviceSets
2026-04-05 18:05:03.578 (D) RemoveAllDeviceSetsFSM::removeNext
2026-04-05 18:05:03.578 (D) RemoveAllWorkspacesFSM::removeWorkspaces
2026-04-05 18:05:03.578 (D) RemoveAllWorkspacesFSM::removeWorkspaces done
2026-04-05 18:05:03.578 (D) LoadConfigurationFSM::createWorkspaces
2026-04-05 18:05:03.598 (D) LoadConfigurationFSM::loadDeviceSets
2026-04-05 18:05:03.598 (D) DeviceEnumerator::getBestSamplingDeviceIndex: serial matched (exact): id: sdrangel.samplesource.rtlsdr ser: 00000001
2026-04-05 18:05:03.598 (D) MainWindow::loadConfiguration: add source sdrangel.samplesource.rtlsdr in workspace 0 spectrum in 0
2026-04-05 18:05:03.598 (W) QStateMachine::addState: state has already been added to this machine
2026-04-05 18:05:03.599 (D) SpectrumVis::applySettings:  m_fftSize:  1024  m_fftWindow:  4  m_fftOverlap:  0  m_averagingIndex:  0  m_averagingMode:  0  m_refLevel:  0  m_powerRange:  100  m_fpsPeriodMs:  50  m_linear:  false  m_ssb:  false  m_usb:  true  m_wsSpectrumAddress:  "127.0.0.1"  m_wsSpectrumPort:  8887  force:  true
2026-04-05 18:05:03.599 (D) FFTFactory::getEngine: reuse engine: 0 FFT fwd size: 1024
2026-04-05 18:05:03.603 (W) libpng warning: iCCP: known incorrect sRGB profile
2026-04-05 18:05:03.603 (W) libpng warning: iCCP: too many profiles
2026-04-05 18:05:03.603 (D) GLSpectrumGUI::on_averaging_currentIndexChanged: log
2026-04-05 18:05:03.604 (D) GLSpectrumGUI::on_fftSize_currentIndexChanged: 4
2026-04-05 18:05:03.604 (D) GLSpectrumGUI::on_fps_currentIndexChanged: 50 ms
2026-04-05 18:05:03.604 (D) SpectrumVis::handleMessage: MsgConfigureSpectrumVis
2026-04-05 18:05:03.604 (D) SpectrumVis::applySettings:  m_fftSize:  1024  m_fftWindow:  4  m_fftOverlap:  0  m_averagingIndex:  0  m_averagingMode:  0  m_refLevel:  0  m_powerRange:  100  m_fpsPeriodMs:  50  m_linear:  false  m_ssb:  false  m_usb:  true  m_wsSpectrumAddress:  "127.0.0.1"  m_wsSpectrumPort:  8887  force:  false
2026-04-05 18:05:03.605 (D) GLSpectrumGUI::handleInputMessages: message: SpectrumVis::MsgConfigureSpectrumVis
2026-04-05 18:05:03.605 (D) GLSpectrumGUI::applySpectrumSettings: refLevel: 0.000000e+00 powerRange: 1.000000e+02
2026-04-05 18:05:03.605 (D) ScaleEngine::setTruncateMode: off
2026-04-05 18:05:03.605 (D) GLSpectrumGUI::handleInputMessages: message: GLSpectrumView::MsgReportCalibrationShift
2026-04-05 18:05:03.605 (D) MainSpectrumGUI::MainSpectrumGUI: 0x0
2026-04-05 18:05:03.610 (D) MainSpectrumGUI::shrinkWindow
2026-04-05 18:05:03.611 (D) DSPDeviceSourceEngine::addSink:  SpectrumVis
2026-04-05 18:05:03.611 (D) MainWindow::sampleSourceCreate: deviceSetIndex: 0 deviceIndex: 6 hardwareId: "RTLSDR" sequence: 0 id: "sdrangel.samplesource.rtlsdr" serial: "00000001" displayedName: "RTL-SDR[0] 00000001"
2026-04-05 18:05:03.611 (D) DSPDeviceSourceEngine::handleInputMessages: message: DSPAddBasebandSampleSink
Found Elonics E4000 tuner
2026-04-05 18:05:04.032 (I) RTLSDRInput::openDevice: open: Nooelec SMArt XTR v5, SN: 00000001 Tuner: E4000
2026-04-05 18:05:04.132 (D) RTLSDRInput::openDevice:  14 gains
2026-04-05 18:05:04.150 (D) DSPDeviceSourceEngine::setSource
2026-04-05 18:05:04.150 (D) DSPDeviceSourceEngine::handleInputMessages: message: DSPSetSource
2026-04-05 18:05:04.150 (D) DSPDeviceSourceEngine::gotoIdle
2026-04-05 18:05:04.150 (D) DSPDeviceSourceEngine::handleSetSource: set SMArt XTR v5 (SN 00000001)
2026-04-05 18:05:04.154 (D) SpectrumVis::handleMessage: DSPSignalNotification:  centerFrequency:  0  sampleRate:  0
2026-04-05 18:05:04.154 (D) DeviceGUI::DeviceGUI: 0x0
2026-04-05 18:05:04.161 (D) RTLSDRGui::updateFrequencyLimits: delta: 0 min: 24000 max: 2400000
2026-04-05 18:05:04.161 (D) RTLSDRGui::updateFrequencyLimits: delta: 0 min: 24000 max: 2400000
2026-04-05 18:05:04.162 (D) RTLSDRInput::applySettings: force:  true " m_centerFrequency: 435000000 m_devSampleRate: 1024000 m_lowSampleRate: 0 m_gain: 0 m_loPpmCorrection: 0 m_log2Decim: 4 m_fcPos: 2 m_dcBlock: 0 m_iqImbalance: 0 m_agc: 0 m_noModMode: 0 m_transverterMode: 0 m_iqOrder: 1 m_transverterDeltaFrequency: 0 m_rfBandwidth: 2500000 m_offsetTuning: 0 m_biasTee: 0 m_replayOffset: 0 m_replayLength: 20 m_replayStep: 5 m_replayLoop: 0 m_useReverseAPI: 0 m_reverseAPIAddress: 127.0.0.1 m_reverseAPIPort: 8888 m_reverseAPIDeviceIndex: 0"
2026-04-05 18:05:04.162 (D) DSPDeviceSourceEngine::configureCorrections
2026-04-05 18:05:04.162 (D) RTLSDRInput::applySettings: corrections: DC block: false IQ imbalance: false
2026-04-05 18:05:04.162 (D) DSPDeviceSourceEngine::handleInputMessages: message: DSPConfigureCorrection
2026-04-05 18:05:04.173 (D) DSPDeviceSourceEngine::handleInputMessages: message: DSPSignalNotification
2026-04-05 18:05:04.173 (D) DSPDeviceSourceEngine::handleInputMessages: DSPSignalNotification:  m_sampleRate:  64000  m_centerFrequency:  435000000
2026-04-05 18:05:04.173 (D) DSPDeviceSourceEngine::handleInputMessages: forward message to  SpectrumVis
2026-04-05 18:05:04.173 (D) DSPDeviceSourceEngine::handleInputMessages: DSPSignalNotification: guiMessageQueue: 0x570ed7020698
2026-04-05 18:05:04.188 (D) GLSpectrumView::initializeGL: context:  major:  4  minor:  6  ES:  no
2026-04-05 18:05:04.194 (D) GLShaderTextured::initializeGL: m_useImmutableStorage:  true
2026-04-05 18:05:04.195 (D) GLShaderTextured::initializeGL: m_useImmutableStorage:  true
2026-04-05 18:05:04.195 (D) GLShaderTextured::initializeGL: m_useImmutableStorage:  true
2026-04-05 18:05:04.195 (D) GLShaderTextured::initializeGL: m_useImmutableStorage:  true
2026-04-05 18:05:04.195 (D) GLShaderColorMap::initializeGL: m_useImmutableStorage:  true
2026-04-05 18:05:04.196 (D) GLShaderTextured::initializeGL: m_useImmutableStorage:  true
2026-04-05 18:05:04.196 (D) GLShaderTextured::initializeGL: m_useImmutableStorage:  true
2026-04-05 18:05:04.196 (D) GLShaderSpectrogram::initializeGL: m_useImmutableStorage:  true
2026-04-05 18:05:04.197 (D) GLShaderTextured::initializeGL: m_useImmutableStorage:  true
2026-04-05 18:05:04.197 (D) GLShaderTextured::initializeGL: m_useImmutableStorage:  true
2026-04-05 18:05:04.202 (D) GLShaderSpectrogram::initGrid: requested:  512  actual:  512
2026-04-05 18:05:04.227 (D) SpectrumVis::handleMessage: DSPSignalNotification:  centerFrequency:  435000000  sampleRate:  64000
2026-04-05 18:05:04.227 (D) RTLSDRGui::handleInputMessages: message: DSPSignalNotification
2026-04-05 18:05:04.227 (D) RTLSDRGui::handleInputMessages: DSPSignalNotification: SampleRate:64000, CenterFrequency:435000000
2026-04-05 18:05:04.227 (D) GLSpectrumGUI::handleInputMessages: message: GLSpectrumView::MsgReportSampleRate
2026-04-05 18:05:04.465 (D) LoadConfigurationFSM::loadDeviceSetSettings
2026-04-05 18:05:04.470 (D) GLShaderSpectrogram::initGrid: requested:  512  actual:  512
2026-04-05 18:05:04.484 (D) DeviceUISet::loadDeviceSetSettings: preset: [default, no name]
2026-04-05 18:05:04.485 (D) SpectrumVis::handleMessage: MsgConfigureSpectrumVis
2026-04-05 18:05:04.485 (D) SpectrumVis::applySettings:  m_fftSize:  1024  m_fftWindow:  4  m_fftOverlap:  0  m_averagingIndex:  0  m_averagingMode:  0  m_refLevel:  0  m_powerRange:  100  m_fpsPeriodMs:  50  m_linear:  false  m_ssb:  false  m_usb:  true  m_wsSpectrumAddress:  "127.0.0.1"  m_wsSpectrumPort:  8887  force:  false
2026-04-05 18:05:04.485 (D) GLSpectrumGUI::handleInputMessages: message: SpectrumVis::MsgConfigureSpectrumVis
2026-04-05 18:05:04.485 (D) GLSpectrumGUI::applySpectrumSettings: refLevel: 0.000000e+00 powerRange: 1.000000e+02
2026-04-05 18:05:04.485 (D) ScaleEngine::setTruncateMode: off
2026-04-05 18:05:04.485 (D) GLSpectrumGUI::handleInputMessages: message: GLSpectrumView::MsgReportCalibrationShift
2026-04-05 18:05:04.485 (D) DeviceAPI::loadSamplingDeviceSettings: Loading Rx preset [default | no name]
2026-04-05 18:05:04.485 (D) Preset::findBestDeviceConfig: serial matched (exact): id: sdrangel.samplesource.rtlsdr ser: 00000001
2026-04-05 18:05:04.485 (D) DeviceAPI::loadSamplingDeviceSettings: source center frequency: 403000000 Hz
2026-04-05 18:05:04.485 (D) DeviceAPI::loadSamplingDeviceSettings: deserializing source sdrangel.samplesource.rtlsdr[0]: 00000001
2026-04-05 18:05:04.485 (D) RTLSDRInput::handleMessage: MsgConfigureRTLSDR
2026-04-05 18:05:04.485 (D) RTLSDRInput::applySettings: force:  true " m_centerFrequency: 435000000 m_devSampleRate: 1024000 m_lowSampleRate: 0 m_gain: 420 m_loPpmCorrection: 0 m_log2Decim: 4 m_fcPos: 2 m_dcBlock: 0 m_iqImbalance: 0 m_agc: 1 m_noModMode: 0 m_transverterMode: 0 m_iqOrder: 1 m_transverterDeltaFrequency: 0 m_rfBandwidth: 2500000 m_offsetTuning: 0 m_biasTee: 0 m_replayOffset: 0 m_replayLength: 20 m_replayStep: 5 m_replayLoop: 0 m_useReverseAPI: 0 m_reverseAPIAddress: 127.0.0.1 m_reverseAPIPort: 8888 m_reverseAPIDeviceIndex: 0"
2026-04-05 18:05:04.485 (D) DSPDeviceSourceEngine::configureCorrections
2026-04-05 18:05:04.486 (D) RTLSDRInput::applySettings: corrections: DC block: false IQ imbalance: false
2026-04-05 18:05:04.486 (D) RTLSDRInput::handleMessage: MsgConfigureRTLSDR
2026-04-05 18:05:04.486 (D) RTLSDRInput::applySettings: force:  false " m_centerFrequency: 403000000"
2026-04-05 18:05:04.486 (D) DeviceUISet::loadRxChannelSettings: Loading preset [default | no name]
2026-04-05 18:05:04.486 (D) DeviceUISet::loadRxChannelSettings: 0 channel(s) in preset
2026-04-05 18:05:04.486 (D) LoadConfigurationFSM::loadFeatureSets
2026-04-05 18:05:04.486 (D) FeatureUISet::loadFeatureSetSettings: Loading preset [default | no name]
2026-04-05 18:05:04.486 (D) FeatureUISet::loadFeatureSetSettings: 1 feature(s) in preset
2026-04-05 18:05:04.486 (D) FeatureUISet::loadFeatureSetSettings: creating new feature [sdrangel.feature.radiosonde] from config [sdrangel.feature.radiosonde]
2026-04-05 18:05:04.486 (D) DSPDeviceSourceEngine::handleInputMessages: message: DSPConfigureCorrection
2026-04-05 18:05:04.486 (D) DSPDeviceSourceEngine::handleInputMessages: message: DSPSignalNotification
2026-04-05 18:05:04.486 (D) Radiosonde::Radiosonde: webAPIAdapterInterface: 0x570ed6b4a400
2026-04-05 18:05:04.486 (D) DSPDeviceSourceEngine::handleInputMessages: DSPSignalNotification:  m_sampleRate:  64000  m_centerFrequency:  435000000
2026-04-05 18:05:04.486 (D) DSPDeviceSourceEngine::handleInputMessages: forward message to  SpectrumVis
2026-04-05 18:05:04.486 (D) DSPDeviceSourceEngine::handleInputMessages: DSPSignalNotification: guiMessageQueue: 0x570ed7020698
2026-04-05 18:05:04.486 (D) DSPDeviceSourceEngine::handleInputMessages: message: DSPSignalNotification
2026-04-05 18:05:04.486 (D) DSPDeviceSourceEngine::handleInputMessages: DSPSignalNotification:  m_sampleRate:  64000  m_centerFrequency:  403000000
2026-04-05 18:05:04.486 (D) DSPDeviceSourceEngine::handleInputMessages: forward message to  SpectrumVis
2026-04-05 18:05:04.486 (D) DSPDeviceSourceEngine::handleInputMessages: DSPSignalNotification: guiMessageQueue: 0x570ed7020698
2026-04-05 18:05:04.486 (D) FeatureGUI::FeatureGUI
2026-04-05 18:05:04.490 (D) Radiosonde::handleMessage: MsgConfigureRadiosonde
2026-04-05 18:05:04.490 (D) Radiosonde::applySettings: " m_title: Radiosonde m_rgbColor: 4284874854 m_useReverseAPI: 0 m_reverseAPIAddress: 127.0.0.1 m_reverseAPIPort: 8888 m_reverseAPIFeatureSetIndex: 0 m_reverseAPIFeatureIndex: 0 m_y1: 1 m_y2: 2 m_feedEnabled: 0 m_callsign: Home m_antenna:  m_displayPosition: 0 m_mobile: 0 m_email:  m_showPredictedPaths: 0 m_workspaceIndex: -704564464"  force:  true
2026-04-05 18:05:04.490 (D) FeatureUISet::loadFeatureSetSettings: deserializing feature [sdrangel.feature.radiosonde]
2026-04-05 18:05:04.490 (D) Radiosonde::handleMessage: MsgConfigureRadiosonde
2026-04-05 18:05:04.490 (D) Radiosonde::applySettings: " m_title: Radiosonde m_rgbColor: 4284874854 m_useReverseAPI: 0 m_reverseAPIAddress: 127.0.0.1 m_reverseAPIPort: 8888 m_reverseAPIFeatureSetIndex: 0 m_reverseAPIFeatureIndex: 0 m_y1: 1 m_y2: 2 m_feedEnabled: 0 m_callsign: Home m_antenna:  m_displayPosition: 0 m_mobile: 0 m_email:  m_showPredictedPaths: 0 m_workspaceIndex: 0"  force:  true
2026-04-05 18:05:04.495 (D) Radiosonde::handleMessage: MsgConfigureRadiosonde
2026-04-05 18:05:04.495 (D) Radiosonde::applySettings: ""  force:  false
2026-04-05 18:05:04.495 (D) LoadConfigurationFSM::restoreGeometry
2026-04-05 18:05:04.495 (D) RTLSDRGui::handleInputMessages: message: RTLSDRInput::MsgConfigureRTLSDR
2026-04-05 18:05:04.496 (D) RTLSDRGui::updateFrequencyLimits: delta: 0 min: 24000 max: 2400000
2026-04-05 18:05:04.496 (D) RTLSDRGui::handleInputMessages: message: RTLSDRInput::MsgConfigureRTLSDR
2026-04-05 18:05:04.496 (D) RTLSDRGui::updateFrequencyLimits: delta: 0 min: 24000 max: 2400000
2026-04-05 18:05:04.496 (D) RTLSDRGui::handleInputMessages: message: DSPSignalNotification
2026-04-05 18:05:04.496 (D) RTLSDRGui::handleInputMessages: DSPSignalNotification: SampleRate:64000, CenterFrequency:435000000
2026-04-05 18:05:04.496 (D) GLSpectrumGUI::handleInputMessages: message: GLSpectrumView::MsgReportSampleRate
2026-04-05 18:05:04.496 (D) RTLSDRGui::handleInputMessages: message: DSPSignalNotification
2026-04-05 18:05:04.496 (D) RTLSDRGui::handleInputMessages: DSPSignalNotification: SampleRate:64000, CenterFrequency:403000000
2026-04-05 18:05:04.496 (D) GLSpectrumGUI::handleInputMessages: message: GLSpectrumView::MsgReportSampleRate
2026-04-05 18:05:04.496 (D) SpectrumVis::handleMessage: DSPSignalNotification:  centerFrequency:  435000000  sampleRate:  64000
2026-04-05 18:05:04.496 (D) SpectrumVis::handleMessage: DSPSignalNotification:  centerFrequency:  403000000  sampleRate:  64000
2026-04-05 18:05:04.601 (D) RTLSDRInput::handleMessage: MsgConfigureRTLSDR
2026-04-05 18:05:04.601 (D) RTLSDRInput::applySettings: force:  true " m_centerFrequency: 403000000 m_devSampleRate: 1024000 m_lowSampleRate: 0 m_gain: 420 m_loPpmCorrection: 0 m_log2Decim: 4 m_fcPos: 2 m_dcBlock: 0 m_iqImbalance: 0 m_agc: 1 m_noModMode: 0 m_transverterMode: 0 m_iqOrder: 1 m_transverterDeltaFrequency: 0 m_rfBandwidth: 2500000 m_offsetTuning: 0 m_biasTee: 0 m_replayOffset: 0 m_replayLength: 20 m_replayStep: 5 m_replayLoop: 0 m_useReverseAPI: 0 m_reverseAPIAddress: 127.0.0.1 m_reverseAPIPort: 8888 m_reverseAPIDeviceIndex: 0"
2026-04-05 18:05:04.601 (D) DSPDeviceSourceEngine::configureCorrections
2026-04-05 18:05:04.601 (D) RTLSDRInput::applySettings: corrections: DC block: false IQ imbalance: false
2026-04-05 18:05:04.601 (D) DSPDeviceSourceEngine::handleInputMessages: message: DSPConfigureCorrection
2026-04-05 18:05:04.601 (D) DSPDeviceSourceEngine::handleInputMessages: message: DSPSignalNotification
2026-04-05 18:05:04.601 (D) DSPDeviceSourceEngine::handleInputMessages: DSPSignalNotification:  m_sampleRate:  64000  m_centerFrequency:  403000000
2026-04-05 18:05:04.601 (D) DSPDeviceSourceEngine::handleInputMessages: forward message to  SpectrumVis
2026-04-05 18:05:04.601 (D) DSPDeviceSourceEngine::handleInputMessages: DSPSignalNotification: guiMessageQueue: 0x570ed7020698
2026-04-05 18:05:04.602 (D) SpectrumVis::handleMessage: DSPSignalNotification:  centerFrequency:  403000000  sampleRate:  64000
2026-04-05 18:05:04.602 (D) RTLSDRGui::handleInputMessages: message: DSPSignalNotification
2026-04-05 18:05:04.602 (D) RTLSDRGui::handleInputMessages: DSPSignalNotification: SampleRate:64000, CenterFrequency:403000000
2026-04-05 18:05:04.602 (D) GLSpectrumGUI::handleInputMessages: message: GLSpectrumView::MsgReportSampleRate
2026-04-05 18:05:05.335 (D) MainWindow::closeEvent
2026-04-05 18:05:05.335 (D) MainWindow::saveConfiguration: configuration [default | no name] 1 workspaces
2026-04-05 18:05:05.335 (D) DeviceUISet::saveDeviceSetSettings: preset: [default, no name]
2026-04-05 18:05:05.336 (D) DeviceAPI::saveSamplingDeviceSettings: serializing source sdrangel.samplesource.rtlsdr[0]: 00000001
2026-04-05 18:05:05.336 (D) MainWindow::saveConfiguration: sdrangel.samplesource.rtlsdr device in workspace 0 spectrum in 0
2026-04-05 18:05:05.336 (D) FeatureUISet::saveFeatureSetSettings: saving feature [sdrangel.feature.radiosonde]
2026-04-05 18:05:05.345 (D) AudioDeviceManager::serialize
2026-04-05 18:05:05.345 (D) AudioDeviceManager::debugAudioOutputInfos:  name:  "System default device"  sampleRate:  48000  udpAddress:  "127.0.0.1"  udpPort:  9998  copyToUDP:  false  udpUseRTP:  false  udpChannelMode:  0  udpChannelCodec:  0  decimationFactor:  1
2026-04-05 18:05:05.345 (D) AudioDeviceManager::debugAudioOutputInfos:  name:  "alsa_output.pci-0000_00_1f.3-platform-skl_hda_dsp_generic.HiFi__hw_sofhdadsp__sink"  sampleRate:  48000  udpAddress:  "127.0.0.1"  udpPort:  9998  copyToUDP:  false  udpUseRTP:  false  udpChannelMode:  0  udpChannelCodec:  0  decimationFactor:  1
2026-04-05 18:05:05.345 (D) AudioDeviceManager::debugAudioOutputInfos:  name:  "hw:CARD=Device,DEV=0"  sampleRate:  44100  udpAddress:  "127.0.0.1"  udpPort:  9998  copyToUDP:  false  udpUseRTP:  false  udpChannelMode:  0  udpChannelCodec:  0  decimationFactor:  1
2026-04-05 18:05:05.351 (D) MainWindow::removeAllDeviceSets
2026-04-05 18:05:05.351 (D) RemoveAllDeviceSetsFSM::removeNext
2026-04-05 18:05:05.351 (D) MainWindow::removeDeviceSet: index: 0
2026-04-05 18:05:05.352 (D) RemoveDeviceSetFSM::stopAcquisition
2026-04-05 18:05:05.352 (D) DSPDeviceSourceEngine::stopAcquistion
2026-04-05 18:05:05.352 (D) DSPDeviceSourceEngine::handleInputMessages: message: DSPAcquisitionStop
2026-04-05 18:05:05.352 (D) DSPDeviceSourceEngine::gotoIdle
2026-04-05 18:05:05.352 (D) RemoveDeviceSetFSM::removeSink
2026-04-05 18:05:05.352 (D) DSPDeviceSourceEngine::removeSink:  SpectrumVis
2026-04-05 18:05:05.352 (D) DSPDeviceSourceEngine::handleInputMessages: message: DSPRemoveBasebandSampleSink
2026-04-05 18:05:05.352 (D) RemoveDeviceSetFSM::removeUI
2026-04-05 18:05:05.352 (D) RTLSDRGui::~RTLSDRGui
2026-04-05 18:05:05.352 (D) RTLSDRGui::~RTLSDRGui: end
2026-04-05 18:05:05.352 (D) DeviceGUI::~DeviceGUI
2026-04-05 18:05:05.352 (D) DeviceGUI::~DeviceGUI: end
2026-04-05 18:05:05.353 (D) RemoveDeviceSetFSM::stopEngine
2026-04-05 18:05:05.354 (D) MainSpectrumGUI::~MainSpectrumGUI
2026-04-05 18:05:05.354 (D) MainSpectrumGUI::~MainSpectrumGUI: end
2026-04-05 18:05:05.364 (D) RTLSDRInput::~RTLSDRInput
2026-04-05 18:05:05.385 (D) DSPDeviceSourceEngine::~DSPDeviceSourceEngine
2026-04-05 18:05:05.385 (D) FFTFactory::releaseEngine: engineSequence: 0 FFT fwd size: 1024
2026-04-05 18:05:05.385 (D) RemoveAllDeviceSetsFSM::removeNext
2026-04-05 18:05:05.385 (D) MainWindow::closeEvent
2026-04-05 18:05:05.385 (D) Radiosonde::handleMessage: MsgConfigureRadiosonde
2026-04-05 18:05:05.385 (D) Radiosonde::applySettings: ""  force:  false
2026-04-05 18:05:05.386 (D) MainWindow::~MainWindow
2026-04-05 18:05:05.386 (D) HttpListener: closed
2026-04-05 18:05:05.386 (D) HttpConnectionHandlerPool (0x570ed6b4f5c0): destroyed
2026-04-05 18:05:05.386 (D) HttpListener: destroyed
2026-04-05 18:05:05.386 (I) WebAPIServer::stop: stopped web API server at http://0.0.0.0:8091
2026-04-05 18:05:05.386 (D) FeatureUISet::freeFeatures: destroying feature [sdrangel.feature.radiosonde]
2026-04-05 18:05:05.386 (D) FeatureGUI::~FeatureGUI
2026-04-05 18:05:05.386 (D) FeatureGUI::~FeatureGUI: end
2026-04-05 18:05:05.386 (D) Workspace::~Workspace
2026-04-05 18:05:05.387 (D) Workspace::~Workspace: about to delete MDI
2026-04-05 18:05:05.387 (D) Workspace::~Workspace: end
2026-04-05 18:05:05.387 (D) MainWindow::~MainWindow: end
SDRangel quit.
FFTFactory::~FFTFactory: deleting FFTs
DataPipes::stopGC
MessagePipes::stopGC
